verse_key,clean_verse,tafsir_ibn_kathir
1:1,بسم الله الرحمـٰن الرحيم,Tafsir text placeholder for verse 1:1
1:2,الحمد لله رب العـٰلمين,Tafsir text placeholder for verse 1:2
1:3,الرحمـٰن الرحيم,Tafsir text placeholder for verse 1:3
1:4,مـٰلك يوم الدين,Tafsir text placeholder for verse 1:4
1:5,اياك نعبد واياك نستعين,Tafsir text placeholder for verse 1:5
1:6,اهدنا الصرٰط المستقيم,Tafsir text placeholder for verse 1:6
1:7,صرٰط الذين انعمت عليهم غير المغضوب عليهم ولا الضالين,Tafsir text placeholder for verse 1:7
2:1,الم,Tafsir text placeholder for verse 2:1
2:2,ذٰلك الكتـٰب لا ريب ۛ فيه ۛ هدى للمتقين,Tafsir text placeholder for verse 2:2
2:3,الذين يؤمنون بالغيب ويقيمون الصلوٰة ومما رزقنـٰهم ينفقون,Tafsir text placeholder for verse 2:3
2:4,والذين يؤمنون بما انزل اليك وما انزل من قبلك وبالـٔاخرة هم يوقنون,Tafsir text placeholder for verse 2:4
2:5,اولـٰئك علىٰ هدى من ربهم ۖ واولـٰئك هم المفلحون,Tafsir text placeholder for verse 2:5
2:6,ان الذين كفروا سواء عليهم ءانذرتهم ام لم تنذرهم لا يؤمنون,Tafsir text placeholder for verse 2:6
2:7,ختم الله علىٰ قلوبهم وعلىٰ سمعهم ۖ وعلىٰ ابصـٰرهم غشـٰوة ۖ ولهم عذاب عظيم,Tafsir text placeholder for verse 2:7
2:8,ومن الناس من يقول ءامنا بالله وباليوم الـٔاخر وما هم بمؤمنين,Tafsir text placeholder for verse 2:8
2:9,يخـٰدعون الله والذين ءامنوا وما يخدعون الا انفسهم وما يشعرون,Tafsir text placeholder for verse 2:9
2:10,فى قلوبهم مرض فزادهم الله مرضا ۖ ولهم عذاب اليم بما كانوا يكذبون,Tafsir text placeholder for verse 2:10
2:11,واذا قيل لهم لا تفسدوا فى الارض قالوا انما نحن مصلحون,Tafsir text placeholder for verse 2:11
2:12,الا انهم هم المفسدون ولـٰكن لا يشعرون,Tafsir text placeholder for verse 2:12
2:13,واذا قيل لهم ءامنوا كما ءامن الناس قالوا انؤمن كما ءامن السفهاء ۗ الا انهم هم السفهاء ولـٰكن لا يعلمون,Tafsir text placeholder for verse 2:13
2:14,واذا لقوا الذين ءامنوا قالوا ءامنا واذا خلوا الىٰ شيـٰطينهم قالوا انا معكم انما نحن مستهزءون,Tafsir text placeholder for verse 2:14
2:15,الله يستهزئ بهم ويمدهم فى طغيـٰنهم يعمهون,Tafsir text placeholder for verse 2:15
2:16,اولـٰئك الذين اشتروا الضلـٰلة بالهدىٰ فما ربحت تجـٰرتهم وما كانوا مهتدين,Tafsir text placeholder for verse 2:16
2:17,مثلهم كمثل الذى استوقد نارا فلما اضاءت ما حوله ذهب الله بنورهم وتركهم فى ظلمـٰت لا يبصرون,Tafsir text placeholder for verse 2:17
2:18,صم بكم عمى فهم لا يرجعون,Tafsir text placeholder for verse 2:18
2:19,او كصيب من السماء فيه ظلمـٰت ورعد وبرق يجعلون اصـٰبعهم فى ءاذانهم من الصوٰعق حذر الموت ۚ والله محيط بالكـٰفرين,Tafsir text placeholder for verse 2:19
2:20,يكاد البرق يخطف ابصـٰرهم ۖ كلما اضاء لهم مشوا فيه واذا اظلم عليهم قاموا ۚ ولو شاء الله لذهب بسمعهم وابصـٰرهم ۚ ان الله علىٰ كل شىء قدير,Tafsir text placeholder for verse 2:20
2:21,يـٰايها الناس اعبدوا ربكم الذى خلقكم والذين من قبلكم لعلكم تتقون,Tafsir text placeholder for verse 2:21
2:22,الذى جعل لكم الارض فرٰشا والسماء بناء وانزل من السماء ماء فاخرج به من الثمرٰت رزقا لكم ۖ فلا تجعلوا لله اندادا وانتم تعلمون,Tafsir text placeholder for verse 2:22
2:23,وان كنتم فى ريب مما نزلنا علىٰ عبدنا فاتوا بسورة من مثله وادعوا شهداءكم من دون الله ان كنتم صـٰدقين,Tafsir text placeholder for verse 2:23
2:24,فان لم تفعلوا ولن تفعلوا فاتقوا النار التى وقودها الناس والحجارة ۖ اعدت للكـٰفرين,Tafsir text placeholder for verse 2:24
2:25,وبشر الذين ءامنوا وعملوا الصـٰلحـٰت ان لهم جنـٰت تجرى من تحتها الانهـٰر ۖ كلما رزقوا منها من ثمرة رزقا ۙ قالوا هـٰذا الذى رزقنا من قبل ۖ واتوا به متشـٰبها ۖ ولهم فيها ازوٰج مطهرة ۖ وهم فيها خـٰلدون,Tafsir text placeholder for verse 2:25
2:26,ان الله لا يستحيۦ ان يضرب مثلا ما بعوضة فما فوقها ۚ فاما الذين ءامنوا فيعلمون انه الحق من ربهم ۖ واما الذين كفروا فيقولون ماذا اراد الله بهـٰذا مثلا ۘ يضل به كثيرا ويهدى به كثيرا ۚ وما يضل به الا الفـٰسقين,Tafsir text placeholder for verse 2:26
2:27,الذين ينقضون عهد الله من بعد ميثـٰقه ويقطعون ما امر الله به ان يوصل ويفسدون فى الارض ۚ اولـٰئك هم الخـٰسرون,Tafsir text placeholder for verse 2:27
2:28,كيف تكفرون بالله وكنتم اموٰتا فاحيـٰكم ۖ ثم يميتكم ثم يحييكم ثم اليه ترجعون,Tafsir text placeholder for verse 2:28
2:29,هو الذى خلق لكم ما فى الارض جميعا ثم استوىٰ الى السماء فسوىٰهن سبع سمـٰوٰت ۚ وهو بكل شىء عليم,Tafsir text placeholder for verse 2:29
2:30,واذ قال ربك للملـٰئكة انى جاعل فى الارض خليفة ۖ قالوا اتجعل فيها من يفسد فيها ويسفك الدماء ونحن نسبح بحمدك ونقدس لك ۖ قال انى اعلم ما لا تعلمون,Tafsir text placeholder for verse 2:30
2:31,وعلم ءادم الاسماء كلها ثم عرضهم على الملـٰئكة فقال انبـٔونى باسماء هـٰؤلاء ان كنتم صـٰدقين,Tafsir text placeholder for verse 2:31
2:32,قالوا سبحـٰنك لا علم لنا الا ما علمتنا ۖ انك انت العليم الحكيم,Tafsir text placeholder for verse 2:32
2:33,قال يـٰـٔادم انبئهم باسمائهم ۖ فلما انباهم باسمائهم قال الم اقل لكم انى اعلم غيب السمـٰوٰت والارض واعلم ما تبدون وما كنتم تكتمون,Tafsir text placeholder for verse 2:33
2:34,واذ قلنا للملـٰئكة اسجدوا لـٔادم فسجدوا الا ابليس ابىٰ واستكبر وكان من الكـٰفرين,Tafsir text placeholder for verse 2:34
2:35,وقلنا يـٰـٔادم اسكن انت وزوجك الجنة وكلا منها رغدا حيث شئتما ولا تقربا هـٰذه الشجرة فتكونا من الظـٰلمين,Tafsir text placeholder for verse 2:35
2:36,فازلهما الشيطـٰن عنها فاخرجهما مما كانا فيه ۖ وقلنا اهبطوا بعضكم لبعض عدو ۖ ولكم فى الارض مستقر ومتـٰع الىٰ حين,Tafsir text placeholder for verse 2:36
2:37,فتلقىٰ ءادم من ربه كلمـٰت فتاب عليه ۚ انه هو التواب الرحيم,Tafsir text placeholder for verse 2:37
2:38,قلنا اهبطوا منها جميعا ۖ فاما ياتينكم منى هدى فمن تبع هداى فلا خوف عليهم ولا هم يحزنون,Tafsir text placeholder for verse 2:38
2:39,والذين كفروا وكذبوا بـٔايـٰتنا اولـٰئك اصحـٰب النار ۖ هم فيها خـٰلدون,Tafsir text placeholder for verse 2:39
2:40,يـٰبنى اسرٰءيل اذكروا نعمتى التى انعمت عليكم واوفوا بعهدى اوف بعهدكم وايـٰى فارهبون,Tafsir text placeholder for verse 2:40
2:41,وءامنوا بما انزلت مصدقا لما معكم ولا تكونوا اول كافر به ۖ ولا تشتروا بـٔايـٰتى ثمنا قليلا وايـٰى فاتقون,Tafsir text placeholder for verse 2:41
2:42,ولا تلبسوا الحق بالبـٰطل وتكتموا الحق وانتم تعلمون,Tafsir text placeholder for verse 2:42
2:43,واقيموا الصلوٰة وءاتوا الزكوٰة واركعوا مع الرٰكعين,Tafsir text placeholder for verse 2:43
2:44,اتامرون الناس بالبر وتنسون انفسكم وانتم تتلون الكتـٰب ۚ افلا تعقلون,Tafsir text placeholder for verse 2:44
2:45,واستعينوا بالصبر والصلوٰة ۚ وانها لكبيرة الا على الخـٰشعين,Tafsir text placeholder for verse 2:45
2:46,الذين يظنون انهم ملـٰقوا ربهم وانهم اليه رٰجعون,Tafsir text placeholder for verse 2:46
2:47,يـٰبنى اسرٰءيل اذكروا نعمتى التى انعمت عليكم وانى فضلتكم على العـٰلمين,Tafsir text placeholder for verse 2:47
2:48,واتقوا يوما لا تجزى نفس عن نفس شيـٔا ولا يقبل منها شفـٰعة ولا يؤخذ منها عدل ولا هم ينصرون,Tafsir text placeholder for verse 2:48
2:49,واذ نجينـٰكم من ءال فرعون يسومونكم سوء العذاب يذبحون ابناءكم ويستحيون نساءكم ۚ وفى ذٰلكم بلاء من ربكم عظيم,Tafsir text placeholder for verse 2:49
2:50,واذ فرقنا بكم البحر فانجينـٰكم واغرقنا ءال فرعون وانتم تنظرون,Tafsir text placeholder for verse 2:50
2:51,واذ وٰعدنا موسىٰ اربعين ليلة ثم اتخذتم العجل من بعده وانتم ظـٰلمون,Tafsir text placeholder for verse 2:51
2:52,ثم عفونا عنكم من بعد ذٰلك لعلكم تشكرون,Tafsir text placeholder for verse 2:52
2:53,واذ ءاتينا موسى الكتـٰب والفرقان لعلكم تهتدون,Tafsir text placeholder for verse 2:53
2:54,واذ قال موسىٰ لقومه يـٰقوم انكم ظلمتم انفسكم باتخاذكم العجل فتوبوا الىٰ بارئكم فاقتلوا انفسكم ذٰلكم خير لكم عند بارئكم فتاب عليكم ۚ انه هو التواب الرحيم,Tafsir text placeholder for verse 2:54
2:55,واذ قلتم يـٰموسىٰ لن نؤمن لك حتىٰ نرى الله جهرة فاخذتكم الصـٰعقة وانتم تنظرون,Tafsir text placeholder for verse 2:55
2:56,ثم بعثنـٰكم من بعد موتكم لعلكم تشكرون,Tafsir text placeholder for verse 2:56
2:57,وظللنا عليكم الغمام وانزلنا عليكم المن والسلوىٰ ۖ كلوا من طيبـٰت ما رزقنـٰكم ۖ وما ظلمونا ولـٰكن كانوا انفسهم يظلمون,Tafsir text placeholder for verse 2:57
2:58,واذ قلنا ادخلوا هـٰذه القرية فكلوا منها حيث شئتم رغدا وادخلوا الباب سجدا وقولوا حطة نغفر لكم خطـٰيـٰكم ۚ وسنزيد المحسنين,Tafsir text placeholder for verse 2:58
2:59,فبدل الذين ظلموا قولا غير الذى قيل لهم فانزلنا على الذين ظلموا رجزا من السماء بما كانوا يفسقون,Tafsir text placeholder for verse 2:59
2:60,واذ استسقىٰ موسىٰ لقومه فقلنا اضرب بعصاك الحجر ۖ فانفجرت منه اثنتا عشرة عينا ۖ قد علم كل اناس مشربهم ۖ كلوا واشربوا من رزق الله ولا تعثوا فى الارض مفسدين,Tafsir text placeholder for verse 2:60
2:61,واذ قلتم يـٰموسىٰ لن نصبر علىٰ طعام وٰحد فادع لنا ربك يخرج لنا مما تنبت الارض من بقلها وقثائها وفومها وعدسها وبصلها ۖ قال اتستبدلون الذى هو ادنىٰ بالذى هو خير ۚ اهبطوا مصرا فان لكم ما سالتم ۗ وضربت عليهم الذلة والمسكنة وباءو بغضب من الله ۗ ذٰلك بانهم كانوا يكفرون بـٔايـٰت الله ويقتلون النبيـۧن بغير الحق ۗ ذٰلك بما عصوا وكانوا يعتدون,Tafsir text placeholder for verse 2:61
2:62,ان الذين ءامنوا والذين هادوا والنصـٰرىٰ والصـٰبـٔين من ءامن بالله واليوم الـٔاخر وعمل صـٰلحا فلهم اجرهم عند ربهم ولا خوف عليهم ولا هم يحزنون,Tafsir text placeholder for verse 2:62
2:63,واذ اخذنا ميثـٰقكم ورفعنا فوقكم الطور خذوا ما ءاتينـٰكم بقوة واذكروا ما فيه لعلكم تتقون,Tafsir text placeholder for verse 2:63
2:64,ثم توليتم من بعد ذٰلك ۖ فلولا فضل الله عليكم ورحمته لكنتم من الخـٰسرين,Tafsir text placeholder for verse 2:64
2:65,ولقد علمتم الذين اعتدوا منكم فى السبت فقلنا لهم كونوا قردة خـٰسـٔين,Tafsir text placeholder for verse 2:65
2:66,فجعلنـٰها نكـٰلا لما بين يديها وما خلفها وموعظة للمتقين,Tafsir text placeholder for verse 2:66
2:67,واذ قال موسىٰ لقومه ان الله يامركم ان تذبحوا بقرة ۖ قالوا اتتخذنا هزوا ۖ قال اعوذ بالله ان اكون من الجـٰهلين,Tafsir text placeholder for verse 2:67
2:68,قالوا ادع لنا ربك يبين لنا ما هى ۚ قال انه يقول انها بقرة لا فارض ولا بكر عوان بين ذٰلك ۖ فافعلوا ما تؤمرون,Tafsir text placeholder for verse 2:68
2:69,قالوا ادع لنا ربك يبين لنا ما لونها ۚ قال انه يقول انها بقرة صفراء فاقع لونها تسر النـٰظرين,Tafsir text placeholder for verse 2:69
2:70,قالوا ادع لنا ربك يبين لنا ما هى ان البقر تشـٰبه علينا وانا ان شاء الله لمهتدون,Tafsir text placeholder for verse 2:70
2:71,قال انه يقول انها بقرة لا ذلول تثير الارض ولا تسقى الحرث مسلمة لا شية فيها ۚ قالوا الـٔـٰن جئت بالحق ۚ فذبحوها وما كادوا يفعلون,Tafsir text placeholder for verse 2:71
2:72,واذ قتلتم نفسا فادٰرءتم فيها ۖ والله مخرج ما كنتم تكتمون,Tafsir text placeholder for verse 2:72
2:73,فقلنا اضربوه ببعضها ۚ كذٰلك يحى الله الموتىٰ ويريكم ءايـٰته لعلكم تعقلون,Tafsir text placeholder for verse 2:73
2:74,ثم قست قلوبكم من بعد ذٰلك فهى كالحجارة او اشد قسوة ۚ وان من الحجارة لما يتفجر منه الانهـٰر ۚ وان منها لما يشقق فيخرج منه الماء ۚ وان منها لما يهبط من خشية الله ۗ وما الله بغـٰفل عما تعملون,Tafsir text placeholder for verse 2:74
2:75,افتطمعون ان يؤمنوا لكم وقد كان فريق منهم يسمعون كلـٰم الله ثم يحرفونه من بعد ما عقلوه وهم يعلمون,Tafsir text placeholder for verse 2:75
2:76,واذا لقوا الذين ءامنوا قالوا ءامنا واذا خلا بعضهم الىٰ بعض قالوا اتحدثونهم بما فتح الله عليكم ليحاجوكم به عند ربكم ۚ افلا تعقلون,Tafsir text placeholder for verse 2:76
2:77,اولا يعلمون ان الله يعلم ما يسرون وما يعلنون,Tafsir text placeholder for verse 2:77
2:78,ومنهم اميون لا يعلمون الكتـٰب الا امانى وان هم الا يظنون,Tafsir text placeholder for verse 2:78
2:79,فويل للذين يكتبون الكتـٰب بايديهم ثم يقولون هـٰذا من عند الله ليشتروا به ثمنا قليلا ۖ فويل لهم مما كتبت ايديهم وويل لهم مما يكسبون,Tafsir text placeholder for verse 2:79
2:80,وقالوا لن تمسنا النار الا اياما معدودة ۚ قل اتخذتم عند الله عهدا فلن يخلف الله عهده ۖ ام تقولون على الله ما لا تعلمون,Tafsir text placeholder for verse 2:80
2:81,بلىٰ من كسب سيئة واحـٰطت به خطيـٔته فاولـٰئك اصحـٰب النار ۖ هم فيها خـٰلدون,Tafsir text placeholder for verse 2:81
2:82,والذين ءامنوا وعملوا الصـٰلحـٰت اولـٰئك اصحـٰب الجنة ۖ هم فيها خـٰلدون,Tafsir text placeholder for verse 2:82
2:83,واذ اخذنا ميثـٰق بنى اسرٰءيل لا تعبدون الا الله وبالوٰلدين احسانا وذى القربىٰ واليتـٰمىٰ والمسـٰكين وقولوا للناس حسنا واقيموا الصلوٰة وءاتوا الزكوٰة ثم توليتم الا قليلا منكم وانتم معرضون,Tafsir text placeholder for verse 2:83
2:84,واذ اخذنا ميثـٰقكم لا تسفكون دماءكم ولا تخرجون انفسكم من ديـٰركم ثم اقررتم وانتم تشهدون,Tafsir text placeholder for verse 2:84
2:85,ثم انتم هـٰؤلاء تقتلون انفسكم وتخرجون فريقا منكم من ديـٰرهم تظـٰهرون عليهم بالاثم والعدوٰن وان ياتوكم اسـٰرىٰ تفـٰدوهم وهو محرم عليكم اخراجهم ۚ افتؤمنون ببعض الكتـٰب وتكفرون ببعض ۚ فما جزاء من يفعل ذٰلك منكم الا خزى فى الحيوٰة الدنيا ۖ ويوم القيـٰمة يردون الىٰ اشد العذاب ۗ وما الله بغـٰفل عما تعملون,Tafsir text placeholder for verse 2:85
2:86,اولـٰئك الذين اشتروا الحيوٰة الدنيا بالـٔاخرة ۖ فلا يخفف عنهم العذاب ولا هم ينصرون,Tafsir text placeholder for verse 2:86
2:87,ولقد ءاتينا موسى الكتـٰب وقفينا من بعده بالرسل ۖ وءاتينا عيسى ابن مريم البينـٰت وايدنـٰه بروح القدس ۗ افكلما جاءكم رسول بما لا تهوىٰ انفسكم استكبرتم ففريقا كذبتم وفريقا تقتلون,Tafsir text placeholder for verse 2:87
2:88,وقالوا قلوبنا غلف ۚ بل لعنهم الله بكفرهم فقليلا ما يؤمنون,Tafsir text placeholder for verse 2:88
2:89,ولما جاءهم كتـٰب من عند الله مصدق لما معهم وكانوا من قبل يستفتحون على الذين كفروا فلما جاءهم ما عرفوا كفروا به ۚ فلعنة الله على الكـٰفرين,Tafsir text placeholder for verse 2:89
2:90,بئسما اشتروا به انفسهم ان يكفروا بما انزل الله بغيا ان ينزل الله من فضله علىٰ من يشاء من عباده ۖ فباءو بغضب علىٰ غضب ۚ وللكـٰفرين عذاب مهين,Tafsir text placeholder for verse 2:90
2:91,واذا قيل لهم ءامنوا بما انزل الله قالوا نؤمن بما انزل علينا ويكفرون بما وراءه وهو الحق مصدقا لما معهم ۗ قل فلم تقتلون انبياء الله من قبل ان كنتم مؤمنين,Tafsir text placeholder for verse 2:91
2:92,ولقد جاءكم موسىٰ بالبينـٰت ثم اتخذتم العجل من بعده وانتم ظـٰلمون,Tafsir text placeholder for verse 2:92
2:93,واذ اخذنا ميثـٰقكم ورفعنا فوقكم الطور خذوا ما ءاتينـٰكم بقوة واسمعوا ۖ قالوا سمعنا وعصينا واشربوا فى قلوبهم العجل بكفرهم ۚ قل بئسما يامركم به ايمـٰنكم ان كنتم مؤمنين,Tafsir text placeholder for verse 2:93
2:94,قل ان كانت لكم الدار الـٔاخرة عند الله خالصة من دون الناس فتمنوا الموت ان كنتم صـٰدقين,Tafsir text placeholder for verse 2:94
2:95,ولن يتمنوه ابدا بما قدمت ايديهم ۗ والله عليم بالظـٰلمين,Tafsir text placeholder for verse 2:95
2:96,ولتجدنهم احرص الناس علىٰ حيوٰة ومن الذين اشركوا ۚ يود احدهم لو يعمر الف سنة وما هو بمزحزحه من العذاب ان يعمر ۗ والله بصير بما يعملون,Tafsir text placeholder for verse 2:96
2:97,قل من كان عدوا لجبريل فانه نزله علىٰ قلبك باذن الله مصدقا لما بين يديه وهدى وبشرىٰ للمؤمنين,Tafsir text placeholder for verse 2:97
2:98,من كان عدوا لله وملـٰئكته ورسله وجبريل وميكىٰل فان الله عدو للكـٰفرين,Tafsir text placeholder for verse 2:98
2:99,ولقد انزلنا اليك ءايـٰت بينـٰت ۖ وما يكفر بها الا الفـٰسقون,Tafsir text placeholder for verse 2:99
2:100,اوكلما عـٰهدوا عهدا نبذه فريق منهم ۚ بل اكثرهم لا يؤمنون,Tafsir text placeholder for verse 2:100
2:101,ولما جاءهم رسول من عند الله مصدق لما معهم نبذ فريق من الذين اوتوا الكتـٰب كتـٰب الله وراء ظهورهم كانهم لا يعلمون,Tafsir text placeholder for verse 2:101
2:102,واتبعوا ما تتلوا الشيـٰطين علىٰ ملك سليمـٰن ۖ وما كفر سليمـٰن ولـٰكن الشيـٰطين كفروا يعلمون الناس السحر وما انزل على الملكين ببابل هـٰروت ومـٰروت ۚ وما يعلمان من احد حتىٰ يقولا انما نحن فتنة فلا تكفر ۖ فيتعلمون منهما ما يفرقون به بين المرء وزوجه ۚ وما هم بضارين به من احد الا باذن الله ۚ ويتعلمون ما يضرهم ولا ينفعهم ۚ ولقد علموا لمن اشترىٰه ما له فى الـٔاخرة من خلـٰق ۚ ولبئس ما شروا به انفسهم ۚ لو كانوا يعلمون,Tafsir text placeholder for verse 2:102
2:103,ولو انهم ءامنوا واتقوا لمثوبة من عند الله خير ۖ لو كانوا يعلمون,Tafsir text placeholder for verse 2:103
2:104,يـٰايها الذين ءامنوا لا تقولوا رٰعنا وقولوا انظرنا واسمعوا ۗ وللكـٰفرين عذاب اليم,Tafsir text placeholder for verse 2:104
2:105,ما يود الذين كفروا من اهل الكتـٰب ولا المشركين ان ينزل عليكم من خير من ربكم ۗ والله يختص برحمته من يشاء ۚ والله ذو الفضل العظيم,Tafsir text placeholder for verse 2:105
2:106,ما ننسخ من ءاية او ننسها نات بخير منها او مثلها ۗ الم تعلم ان الله علىٰ كل شىء قدير,Tafsir text placeholder for verse 2:106
2:107,الم تعلم ان الله له ملك السمـٰوٰت والارض ۗ وما لكم من دون الله من ولى ولا نصير,Tafsir text placeholder for verse 2:107
2:108,ام تريدون ان تسـٔلوا رسولكم كما سئل موسىٰ من قبل ۗ ومن يتبدل الكفر بالايمـٰن فقد ضل سواء السبيل,Tafsir text placeholder for verse 2:108
2:109,ود كثير من اهل الكتـٰب لو يردونكم من بعد ايمـٰنكم كفارا حسدا من عند انفسهم من بعد ما تبين لهم الحق ۖ فاعفوا واصفحوا حتىٰ ياتى الله بامره ۗ ان الله علىٰ كل شىء قدير,Tafsir text placeholder for verse 2:109
2:110,واقيموا الصلوٰة وءاتوا الزكوٰة ۚ وما تقدموا لانفسكم من خير تجدوه عند الله ۗ ان الله بما تعملون بصير,Tafsir text placeholder for verse 2:110
2:111,وقالوا لن يدخل الجنة الا من كان هودا او نصـٰرىٰ ۗ تلك امانيهم ۗ قل هاتوا برهـٰنكم ان كنتم صـٰدقين,Tafsir text placeholder for verse 2:111
2:112,بلىٰ من اسلم وجهه لله وهو محسن فله اجره عند ربه ولا خوف عليهم ولا هم يحزنون,Tafsir text placeholder for verse 2:112
2:113,وقالت اليهود ليست النصـٰرىٰ علىٰ شىء وقالت النصـٰرىٰ ليست اليهود علىٰ شىء وهم يتلون الكتـٰب ۗ كذٰلك قال الذين لا يعلمون مثل قولهم ۚ فالله يحكم بينهم يوم القيـٰمة فيما كانوا فيه يختلفون,Tafsir text placeholder for verse 2:113
2:114,ومن اظلم ممن منع مسـٰجد الله ان يذكر فيها اسمه وسعىٰ فى خرابها ۚ اولـٰئك ما كان لهم ان يدخلوها الا خائفين ۚ لهم فى الدنيا خزى ولهم فى الـٔاخرة عذاب عظيم,Tafsir text placeholder for verse 2:114
2:115,ولله المشرق والمغرب ۚ فاينما تولوا فثم وجه الله ۚ ان الله وٰسع عليم,Tafsir text placeholder for verse 2:115
2:116,وقالوا اتخذ الله ولدا ۗ سبحـٰنه ۖ بل له ما فى السمـٰوٰت والارض ۖ كل له قـٰنتون,Tafsir text placeholder for verse 2:116
2:117,بديع السمـٰوٰت والارض ۖ واذا قضىٰ امرا فانما يقول له كن فيكون,Tafsir text placeholder for verse 2:117
2:118,وقال الذين لا يعلمون لولا يكلمنا الله او تاتينا ءاية ۗ كذٰلك قال الذين من قبلهم مثل قولهم ۘ تشـٰبهت قلوبهم ۗ قد بينا الـٔايـٰت لقوم يوقنون,Tafsir text placeholder for verse 2:118
2:119,انا ارسلنـٰك بالحق بشيرا ونذيرا ۖ ولا تسـٔل عن اصحـٰب الجحيم,Tafsir text placeholder for verse 2:119
2:120,ولن ترضىٰ عنك اليهود ولا النصـٰرىٰ حتىٰ تتبع ملتهم ۗ قل ان هدى الله هو الهدىٰ ۗ ولئن اتبعت اهواءهم بعد الذى جاءك من العلم ۙ ما لك من الله من ولى ولا نصير,Tafsir text placeholder for verse 2:120
2:121,الذين ءاتينـٰهم الكتـٰب يتلونه حق تلاوته اولـٰئك يؤمنون به ۗ ومن يكفر به فاولـٰئك هم الخـٰسرون,Tafsir text placeholder for verse 2:121
2:122,يـٰبنى اسرٰءيل اذكروا نعمتى التى انعمت عليكم وانى فضلتكم على العـٰلمين,Tafsir text placeholder for verse 2:122
2:123,واتقوا يوما لا تجزى نفس عن نفس شيـٔا ولا يقبل منها عدل ولا تنفعها شفـٰعة ولا هم ينصرون,Tafsir text placeholder for verse 2:123
2:124,واذ ابتلىٰ ابرٰهـۧم ربه بكلمـٰت فاتمهن ۖ قال انى جاعلك للناس اماما ۖ قال ومن ذريتى ۖ قال لا ينال عهدى الظـٰلمين,Tafsir text placeholder for verse 2:124
2:125,واذ جعلنا البيت مثابة للناس وامنا واتخذوا من مقام ابرٰهـۧم مصلى ۖ وعهدنا الىٰ ابرٰهـۧم واسمـٰعيل ان طهرا بيتى للطائفين والعـٰكفين والركع السجود,Tafsir text placeholder for verse 2:125
2:126,واذ قال ابرٰهـۧم رب اجعل هـٰذا بلدا ءامنا وارزق اهله من الثمرٰت من ءامن منهم بالله واليوم الـٔاخر ۖ قال ومن كفر فامتعه قليلا ثم اضطره الىٰ عذاب النار ۖ وبئس المصير,Tafsir text placeholder for verse 2:126
2:127,واذ يرفع ابرٰهـۧم القواعد من البيت واسمـٰعيل ربنا تقبل منا ۖ انك انت السميع العليم,Tafsir text placeholder for verse 2:127
2:128,ربنا واجعلنا مسلمين لك ومن ذريتنا امة مسلمة لك وارنا مناسكنا وتب علينا ۖ انك انت التواب الرحيم,Tafsir text placeholder for verse 2:128
2:129,ربنا وابعث فيهم رسولا منهم يتلوا عليهم ءايـٰتك ويعلمهم الكتـٰب والحكمة ويزكيهم ۚ انك انت العزيز الحكيم,Tafsir text placeholder for verse 2:129
2:130,ومن يرغب عن ملة ابرٰهـۧم الا من سفه نفسه ۚ ولقد اصطفينـٰه فى الدنيا ۖ وانه فى الـٔاخرة لمن الصـٰلحين,Tafsir text placeholder for verse 2:130
2:131,اذ قال له ربه اسلم ۖ قال اسلمت لرب العـٰلمين,Tafsir text placeholder for verse 2:131
2:132,ووصىٰ بها ابرٰهـۧم بنيه ويعقوب يـٰبنى ان الله اصطفىٰ لكم الدين فلا تموتن الا وانتم مسلمون,Tafsir text placeholder for verse 2:132
2:133,ام كنتم شهداء اذ حضر يعقوب الموت اذ قال لبنيه ما تعبدون من بعدى قالوا نعبد الـٰهك والـٰه ءابائك ابرٰهـۧم واسمـٰعيل واسحـٰق الـٰها وٰحدا ونحن له مسلمون,Tafsir text placeholder for verse 2:133
2:134,تلك امة قد خلت ۖ لها ما كسبت ولكم ما كسبتم ۖ ولا تسـٔلون عما كانوا يعملون,Tafsir text placeholder for verse 2:134
2:135,وقالوا كونوا هودا او نصـٰرىٰ تهتدوا ۗ قل بل ملة ابرٰهـۧم حنيفا ۖ وما كان من المشركين,Tafsir text placeholder for verse 2:135
2:136,قولوا ءامنا بالله وما انزل الينا وما انزل الىٰ ابرٰهـۧم واسمـٰعيل واسحـٰق ويعقوب والاسباط وما اوتى موسىٰ وعيسىٰ وما اوتى النبيون من ربهم لا نفرق بين احد منهم ونحن له مسلمون,Tafsir text placeholder for verse 2:136
2:137,فان ءامنوا بمثل ما ءامنتم به فقد اهتدوا ۖ وان تولوا فانما هم فى شقاق ۖ فسيكفيكهم الله ۚ وهو السميع العليم,Tafsir text placeholder for verse 2:137
2:138,صبغة الله ۖ ومن احسن من الله صبغة ۖ ونحن له عـٰبدون,Tafsir text placeholder for verse 2:138
2:139,قل اتحاجوننا فى الله وهو ربنا وربكم ولنا اعمـٰلنا ولكم اعمـٰلكم ونحن له مخلصون,Tafsir text placeholder for verse 2:139
2:140,ام تقولون ان ابرٰهـۧم واسمـٰعيل واسحـٰق ويعقوب والاسباط كانوا هودا او نصـٰرىٰ ۗ قل ءانتم اعلم ام الله ۗ ومن اظلم ممن كتم شهـٰدة عنده من الله ۗ وما الله بغـٰفل عما تعملون,Tafsir text placeholder for verse 2:140
2:141,تلك امة قد خلت ۖ لها ما كسبت ولكم ما كسبتم ۖ ولا تسـٔلون عما كانوا يعملون,Tafsir text placeholder for verse 2:141
2:142,سيقول السفهاء من الناس ما ولىٰهم عن قبلتهم التى كانوا عليها ۚ قل لله المشرق والمغرب ۚ يهدى من يشاء الىٰ صرٰط مستقيم,Tafsir text placeholder for verse 2:142
2:143,وكذٰلك جعلنـٰكم امة وسطا لتكونوا شهداء على الناس ويكون الرسول عليكم شهيدا ۗ وما جعلنا القبلة التى كنت عليها الا لنعلم من يتبع الرسول ممن ينقلب علىٰ عقبيه ۚ وان كانت لكبيرة الا على الذين هدى الله ۗ وما كان الله ليضيع ايمـٰنكم ۚ ان الله بالناس لرءوف رحيم,Tafsir text placeholder for verse 2:143
2:144,قد نرىٰ تقلب وجهك فى السماء ۖ فلنولينك قبلة ترضىٰها ۚ فول وجهك شطر المسجد الحرام ۚ وحيث ما كنتم فولوا وجوهكم شطره ۗ وان الذين اوتوا الكتـٰب ليعلمون انه الحق من ربهم ۗ وما الله بغـٰفل عما يعملون,Tafsir text placeholder for verse 2:144
2:145,ولئن اتيت الذين اوتوا الكتـٰب بكل ءاية ما تبعوا قبلتك ۚ وما انت بتابع قبلتهم ۚ وما بعضهم بتابع قبلة بعض ۚ ولئن اتبعت اهواءهم من بعد ما جاءك من العلم ۙ انك اذا لمن الظـٰلمين,Tafsir text placeholder for verse 2:145
2:146,الذين ءاتينـٰهم الكتـٰب يعرفونه كما يعرفون ابناءهم ۖ وان فريقا منهم ليكتمون الحق وهم يعلمون,Tafsir text placeholder for verse 2:146
2:147,الحق من ربك ۖ فلا تكونن من الممترين,Tafsir text placeholder for verse 2:147
2:148,ولكل وجهة هو موليها ۖ فاستبقوا الخيرٰت ۚ اين ما تكونوا يات بكم الله جميعا ۚ ان الله علىٰ كل شىء قدير,Tafsir text placeholder for verse 2:148
2:149,ومن حيث خرجت فول وجهك شطر المسجد الحرام ۖ وانه للحق من ربك ۗ وما الله بغـٰفل عما تعملون,Tafsir text placeholder for verse 2:149
2:150,ومن حيث خرجت فول وجهك شطر المسجد الحرام ۚ وحيث ما كنتم فولوا وجوهكم شطره لئلا يكون للناس عليكم حجة الا الذين ظلموا منهم فلا تخشوهم واخشونى ولاتم نعمتى عليكم ولعلكم تهتدون,Tafsir text placeholder for verse 2:150
2:151,كما ارسلنا فيكم رسولا منكم يتلوا عليكم ءايـٰتنا ويزكيكم ويعلمكم الكتـٰب والحكمة ويعلمكم ما لم تكونوا تعلمون,Tafsir text placeholder for verse 2:151
2:152,فاذكرونى اذكركم واشكروا لى ولا تكفرون,Tafsir text placeholder for verse 2:152
2:153,يـٰايها الذين ءامنوا استعينوا بالصبر والصلوٰة ۚ ان الله مع الصـٰبرين,Tafsir text placeholder for verse 2:153
2:154,ولا تقولوا لمن يقتل فى سبيل الله اموٰت ۚ بل احياء ولـٰكن لا تشعرون,Tafsir text placeholder for verse 2:154
2:155,ولنبلونكم بشىء من الخوف والجوع ونقص من الاموٰل والانفس والثمرٰت ۗ وبشر الصـٰبرين,Tafsir text placeholder for verse 2:155
2:156,الذين اذا اصـٰبتهم مصيبة قالوا انا لله وانا اليه رٰجعون,Tafsir text placeholder for verse 2:156
2:157,اولـٰئك عليهم صلوٰت من ربهم ورحمة ۖ واولـٰئك هم المهتدون,Tafsir text placeholder for verse 2:157
2:158,ان الصفا والمروة من شعائر الله ۖ فمن حج البيت او اعتمر فلا جناح عليه ان يطوف بهما ۚ ومن تطوع خيرا فان الله شاكر عليم,Tafsir text placeholder for verse 2:158
2:159,ان الذين يكتمون ما انزلنا من البينـٰت والهدىٰ من بعد ما بينـٰه للناس فى الكتـٰب ۙ اولـٰئك يلعنهم الله ويلعنهم اللـٰعنون,Tafsir text placeholder for verse 2:159
2:160,الا الذين تابوا واصلحوا وبينوا فاولـٰئك اتوب عليهم ۚ وانا التواب الرحيم,Tafsir text placeholder for verse 2:160
2:161,ان الذين كفروا وماتوا وهم كفار اولـٰئك عليهم لعنة الله والملـٰئكة والناس اجمعين,Tafsir text placeholder for verse 2:161
2:162,خـٰلدين فيها ۖ لا يخفف عنهم العذاب ولا هم ينظرون,Tafsir text placeholder for verse 2:162
2:163,والـٰهكم الـٰه وٰحد ۖ لا الـٰه الا هو الرحمـٰن الرحيم,Tafsir text placeholder for verse 2:163
2:164,ان فى خلق السمـٰوٰت والارض واختلـٰف اليل والنهار والفلك التى تجرى فى البحر بما ينفع الناس وما انزل الله من السماء من ماء فاحيا به الارض بعد موتها وبث فيها من كل دابة وتصريف الريـٰح والسحاب المسخر بين السماء والارض لـٔايـٰت لقوم يعقلون,Tafsir text placeholder for verse 2:164
2:165,ومن الناس من يتخذ من دون الله اندادا يحبونهم كحب الله ۖ والذين ءامنوا اشد حبا لله ۗ ولو يرى الذين ظلموا اذ يرون العذاب ان القوة لله جميعا وان الله شديد العذاب,Tafsir text placeholder for verse 2:165
2:166,اذ تبرا الذين اتبعوا من الذين اتبعوا وراوا العذاب وتقطعت بهم الاسباب,Tafsir text placeholder for verse 2:166
2:167,وقال الذين اتبعوا لو ان لنا كرة فنتبرا منهم كما تبرءوا منا ۗ كذٰلك يريهم الله اعمـٰلهم حسرٰت عليهم ۖ وما هم بخـٰرجين من النار,Tafsir text placeholder for verse 2:167
2:168,يـٰايها الناس كلوا مما فى الارض حلـٰلا طيبا ولا تتبعوا خطوٰت الشيطـٰن ۚ انه لكم عدو مبين,Tafsir text placeholder for verse 2:168
2:169,انما يامركم بالسوء والفحشاء وان تقولوا على الله ما لا تعلمون,Tafsir text placeholder for verse 2:169
2:170,واذا قيل لهم اتبعوا ما انزل الله قالوا بل نتبع ما الفينا عليه ءاباءنا ۗ اولو كان ءاباؤهم لا يعقلون شيـٔا ولا يهتدون,Tafsir text placeholder for verse 2:170
2:171,ومثل الذين كفروا كمثل الذى ينعق بما لا يسمع الا دعاء ونداء ۚ صم بكم عمى فهم لا يعقلون,Tafsir text placeholder for verse 2:171
2:172,يـٰايها الذين ءامنوا كلوا من طيبـٰت ما رزقنـٰكم واشكروا لله ان كنتم اياه تعبدون,Tafsir text placeholder for verse 2:172
2:173,انما حرم عليكم الميتة والدم ولحم الخنزير وما اهل به لغير الله ۖ فمن اضطر غير باغ ولا عاد فلا اثم عليه ۚ ان الله غفور رحيم,Tafsir text placeholder for verse 2:173
2:174,ان الذين يكتمون ما انزل الله من الكتـٰب ويشترون به ثمنا قليلا ۙ اولـٰئك ما ياكلون فى بطونهم الا النار ولا يكلمهم الله يوم القيـٰمة ولا يزكيهم ولهم عذاب اليم,Tafsir text placeholder for verse 2:174
2:175,اولـٰئك الذين اشتروا الضلـٰلة بالهدىٰ والعذاب بالمغفرة ۚ فما اصبرهم على النار,Tafsir text placeholder for verse 2:175
2:176,ذٰلك بان الله نزل الكتـٰب بالحق ۗ وان الذين اختلفوا فى الكتـٰب لفى شقاق بعيد,Tafsir text placeholder for verse 2:176
2:177,ليس البر ان تولوا وجوهكم قبل المشرق والمغرب ولـٰكن البر من ءامن بالله واليوم الـٔاخر والملـٰئكة والكتـٰب والنبيـۧن وءاتى المال علىٰ حبه ذوى القربىٰ واليتـٰمىٰ والمسـٰكين وابن السبيل والسائلين وفى الرقاب واقام الصلوٰة وءاتى الزكوٰة والموفون بعهدهم اذا عـٰهدوا ۖ والصـٰبرين فى الباساء والضراء وحين الباس ۗ اولـٰئك الذين صدقوا ۖ واولـٰئك هم المتقون,Tafsir text placeholder for verse 2:177
2:178,يـٰايها الذين ءامنوا كتب عليكم القصاص فى القتلى ۖ الحر بالحر والعبد بالعبد والانثىٰ بالانثىٰ ۚ فمن عفى له من اخيه شىء فاتباع بالمعروف واداء اليه باحسـٰن ۗ ذٰلك تخفيف من ربكم ورحمة ۗ فمن اعتدىٰ بعد ذٰلك فله عذاب اليم,Tafsir text placeholder for verse 2:178
2:179,ولكم فى القصاص حيوٰة يـٰاولى الالبـٰب لعلكم تتقون,Tafsir text placeholder for verse 2:179
2:180,كتب عليكم اذا حضر احدكم الموت ان ترك خيرا الوصية للوٰلدين والاقربين بالمعروف ۖ حقا على المتقين,Tafsir text placeholder for verse 2:180
2:181,فمن بدله بعد ما سمعه فانما اثمه على الذين يبدلونه ۚ ان الله سميع عليم,Tafsir text placeholder for verse 2:181
2:182,فمن خاف من موص جنفا او اثما فاصلح بينهم فلا اثم عليه ۚ ان الله غفور رحيم,Tafsir text placeholder for verse 2:182
2:183,يـٰايها الذين ءامنوا كتب عليكم الصيام كما كتب على الذين من قبلكم لعلكم تتقون,Tafsir text placeholder for verse 2:183
2:184,اياما معدودٰت ۚ فمن كان منكم مريضا او علىٰ سفر فعدة من ايام اخر ۚ وعلى الذين يطيقونه فدية طعام مسكين ۖ فمن تطوع خيرا فهو خير له ۚ وان تصوموا خير لكم ۖ ان كنتم تعلمون,Tafsir text placeholder for verse 2:184
2:185,شهر رمضان الذى انزل فيه القرءان هدى للناس وبينـٰت من الهدىٰ والفرقان ۚ فمن شهد منكم الشهر فليصمه ۖ ومن كان مريضا او علىٰ سفر فعدة من ايام اخر ۗ يريد الله بكم اليسر ولا يريد بكم العسر ولتكملوا العدة ولتكبروا الله علىٰ ما هدىٰكم ولعلكم تشكرون,Tafsir text placeholder for verse 2:185
2:186,واذا سالك عبادى عنى فانى قريب ۖ اجيب دعوة الداع اذا دعان ۖ فليستجيبوا لى وليؤمنوا بى لعلهم يرشدون,Tafsir text placeholder for verse 2:186
2:187,احل لكم ليلة الصيام الرفث الىٰ نسائكم ۚ هن لباس لكم وانتم لباس لهن ۗ علم الله انكم كنتم تختانون انفسكم فتاب عليكم وعفا عنكم ۖ فالـٔـٰن بـٰشروهن وابتغوا ما كتب الله لكم ۚ وكلوا واشربوا حتىٰ يتبين لكم الخيط الابيض من الخيط الاسود من الفجر ۖ ثم اتموا الصيام الى اليل ۚ ولا تبـٰشروهن وانتم عـٰكفون فى المسـٰجد ۗ تلك حدود الله فلا تقربوها ۗ كذٰلك يبين الله ءايـٰته للناس لعلهم يتقون,Tafsir text placeholder for verse 2:187
2:188,ولا تاكلوا اموٰلكم بينكم بالبـٰطل وتدلوا بها الى الحكام لتاكلوا فريقا من اموٰل الناس بالاثم وانتم تعلمون,Tafsir text placeholder for verse 2:188
2:189,يسـٔلونك عن الاهلة ۖ قل هى موٰقيت للناس والحج ۗ وليس البر بان تاتوا البيوت من ظهورها ولـٰكن البر من اتقىٰ ۗ واتوا البيوت من ابوٰبها ۚ واتقوا الله لعلكم تفلحون,Tafsir text placeholder for verse 2:189
2:190,وقـٰتلوا فى سبيل الله الذين يقـٰتلونكم ولا تعتدوا ۚ ان الله لا يحب المعتدين,Tafsir text placeholder for verse 2:190
2:191,واقتلوهم حيث ثقفتموهم واخرجوهم من حيث اخرجوكم ۚ والفتنة اشد من القتل ۚ ولا تقـٰتلوهم عند المسجد الحرام حتىٰ يقـٰتلوكم فيه ۖ فان قـٰتلوكم فاقتلوهم ۗ كذٰلك جزاء الكـٰفرين,Tafsir text placeholder for verse 2:191
2:192,فان انتهوا فان الله غفور رحيم,Tafsir text placeholder for verse 2:192
2:193,وقـٰتلوهم حتىٰ لا تكون فتنة ويكون الدين لله ۖ فان انتهوا فلا عدوٰن الا على الظـٰلمين,Tafsir text placeholder for verse 2:193
2:194,الشهر الحرام بالشهر الحرام والحرمـٰت قصاص ۚ فمن اعتدىٰ عليكم فاعتدوا عليه بمثل ما اعتدىٰ عليكم ۚ واتقوا الله واعلموا ان الله مع المتقين,Tafsir text placeholder for verse 2:194
2:195,وانفقوا فى سبيل الله ولا تلقوا بايديكم الى التهلكة ۛ واحسنوا ۛ ان الله يحب المحسنين,Tafsir text placeholder for verse 2:195
2:196,واتموا الحج والعمرة لله ۚ فان احصرتم فما استيسر من الهدى ۖ ولا تحلقوا رءوسكم حتىٰ يبلغ الهدى محله ۚ فمن كان منكم مريضا او به اذى من راسه ففدية من صيام او صدقة او نسك ۚ فاذا امنتم فمن تمتع بالعمرة الى الحج فما استيسر من الهدى ۚ فمن لم يجد فصيام ثلـٰثة ايام فى الحج وسبعة اذا رجعتم ۗ تلك عشرة كاملة ۗ ذٰلك لمن لم يكن اهله حاضرى المسجد الحرام ۚ واتقوا الله واعلموا ان الله شديد العقاب,Tafsir text placeholder for verse 2:196
2:197,الحج اشهر معلومـٰت ۚ فمن فرض فيهن الحج فلا رفث ولا فسوق ولا جدال فى الحج ۗ وما تفعلوا من خير يعلمه الله ۗ وتزودوا فان خير الزاد التقوىٰ ۚ واتقون يـٰاولى الالبـٰب,Tafsir text placeholder for verse 2:197
2:198,ليس عليكم جناح ان تبتغوا فضلا من ربكم ۚ فاذا افضتم من عرفـٰت فاذكروا الله عند المشعر الحرام ۖ واذكروه كما هدىٰكم وان كنتم من قبله لمن الضالين,Tafsir text placeholder for verse 2:198
2:199,ثم افيضوا من حيث افاض الناس واستغفروا الله ۚ ان الله غفور رحيم,Tafsir text placeholder for verse 2:199
2:200,فاذا قضيتم منـٰسككم فاذكروا الله كذكركم ءاباءكم او اشد ذكرا ۗ فمن الناس من يقول ربنا ءاتنا فى الدنيا وما له فى الـٔاخرة من خلـٰق,Tafsir text placeholder for verse 2:200
2:201,ومنهم من يقول ربنا ءاتنا فى الدنيا حسنة وفى الـٔاخرة حسنة وقنا عذاب النار,Tafsir text placeholder for verse 2:201
2:202,اولـٰئك لهم نصيب مما كسبوا ۚ والله سريع الحساب,Tafsir text placeholder for verse 2:202
2:203,واذكروا الله فى ايام معدودٰت ۚ فمن تعجل فى يومين فلا اثم عليه ومن تاخر فلا اثم عليه ۚ لمن اتقىٰ ۗ واتقوا الله واعلموا انكم اليه تحشرون,Tafsir text placeholder for verse 2:203
2:204,ومن الناس من يعجبك قوله فى الحيوٰة الدنيا ويشهد الله علىٰ ما فى قلبه وهو الد الخصام,Tafsir text placeholder for verse 2:204
2:205,واذا تولىٰ سعىٰ فى الارض ليفسد فيها ويهلك الحرث والنسل ۗ والله لا يحب الفساد,Tafsir text placeholder for verse 2:205
2:206,واذا قيل له اتق الله اخذته العزة بالاثم ۚ فحسبه جهنم ۚ ولبئس المهاد,Tafsir text placeholder for verse 2:206
2:207,ومن الناس من يشرى نفسه ابتغاء مرضات الله ۗ والله رءوف بالعباد,Tafsir text placeholder for verse 2:207
2:208,يـٰايها الذين ءامنوا ادخلوا فى السلم كافة ولا تتبعوا خطوٰت الشيطـٰن ۚ انه لكم عدو مبين,Tafsir text placeholder for verse 2:208
2:209,فان زللتم من بعد ما جاءتكم البينـٰت فاعلموا ان الله عزيز حكيم,Tafsir text placeholder for verse 2:209
2:210,هل ينظرون الا ان ياتيهم الله فى ظلل من الغمام والملـٰئكة وقضى الامر ۚ والى الله ترجع الامور,Tafsir text placeholder for verse 2:210
2:211,سل بنى اسرٰءيل كم ءاتينـٰهم من ءاية بينة ۗ ومن يبدل نعمة الله من بعد ما جاءته فان الله شديد العقاب,Tafsir text placeholder for verse 2:211
2:212,زين للذين كفروا الحيوٰة الدنيا ويسخرون من الذين ءامنوا ۘ والذين اتقوا فوقهم يوم القيـٰمة ۗ والله يرزق من يشاء بغير حساب,Tafsir text placeholder for verse 2:212
2:213,كان الناس امة وٰحدة فبعث الله النبيـۧن مبشرين ومنذرين وانزل معهم الكتـٰب بالحق ليحكم بين الناس فيما اختلفوا فيه ۚ وما اختلف فيه الا الذين اوتوه من بعد ما جاءتهم البينـٰت بغيا بينهم ۖ فهدى الله الذين ءامنوا لما اختلفوا فيه من الحق باذنه ۗ والله يهدى من يشاء الىٰ صرٰط مستقيم,Tafsir text placeholder for verse 2:213
2:214,ام حسبتم ان تدخلوا الجنة ولما ياتكم مثل الذين خلوا من قبلكم ۖ مستهم الباساء والضراء وزلزلوا حتىٰ يقول الرسول والذين ءامنوا معه متىٰ نصر الله ۗ الا ان نصر الله قريب,Tafsir text placeholder for verse 2:214
2:215,يسـٔلونك ماذا ينفقون ۖ قل ما انفقتم من خير فللوٰلدين والاقربين واليتـٰمىٰ والمسـٰكين وابن السبيل ۗ وما تفعلوا من خير فان الله به عليم,Tafsir text placeholder for verse 2:215
2:216,كتب عليكم القتال وهو كره لكم ۖ وعسىٰ ان تكرهوا شيـٔا وهو خير لكم ۖ وعسىٰ ان تحبوا شيـٔا وهو شر لكم ۗ والله يعلم وانتم لا تعلمون,Tafsir text placeholder for verse 2:216
2:217,يسـٔلونك عن الشهر الحرام قتال فيه ۖ قل قتال فيه كبير ۖ وصد عن سبيل الله وكفر به والمسجد الحرام واخراج اهله منه اكبر عند الله ۚ والفتنة اكبر من القتل ۗ ولا يزالون يقـٰتلونكم حتىٰ يردوكم عن دينكم ان استطـٰعوا ۚ ومن يرتدد منكم عن دينه فيمت وهو كافر فاولـٰئك حبطت اعمـٰلهم فى الدنيا والـٔاخرة ۖ واولـٰئك اصحـٰب النار ۖ هم فيها خـٰلدون,Tafsir text placeholder for verse 2:217
2:218,ان الذين ءامنوا والذين هاجروا وجـٰهدوا فى سبيل الله اولـٰئك يرجون رحمت الله ۚ والله غفور رحيم,Tafsir text placeholder for verse 2:218
2:219,يسـٔلونك عن الخمر والميسر ۖ قل فيهما اثم كبير ومنـٰفع للناس واثمهما اكبر من نفعهما ۗ ويسـٔلونك ماذا ينفقون قل العفو ۗ كذٰلك يبين الله لكم الـٔايـٰت لعلكم تتفكرون,Tafsir text placeholder for verse 2:219
2:220,فى الدنيا والـٔاخرة ۗ ويسـٔلونك عن اليتـٰمىٰ ۖ قل اصلاح لهم خير ۖ وان تخالطوهم فاخوٰنكم ۚ والله يعلم المفسد من المصلح ۚ ولو شاء الله لاعنتكم ۚ ان الله عزيز حكيم,Tafsir text placeholder for verse 2:220
2:221,ولا تنكحوا المشركـٰت حتىٰ يؤمن ۚ ولامة مؤمنة خير من مشركة ولو اعجبتكم ۗ ولا تنكحوا المشركين حتىٰ يؤمنوا ۚ ولعبد مؤمن خير من مشرك ولو اعجبكم ۗ اولـٰئك يدعون الى النار ۖ والله يدعوا الى الجنة والمغفرة باذنه ۖ ويبين ءايـٰته للناس لعلهم يتذكرون,Tafsir text placeholder for verse 2:221
2:222,ويسـٔلونك عن المحيض ۖ قل هو اذى فاعتزلوا النساء فى المحيض ۖ ولا تقربوهن حتىٰ يطهرن ۖ فاذا تطهرن فاتوهن من حيث امركم الله ۚ ان الله يحب التوٰبين ويحب المتطهرين,Tafsir text placeholder for verse 2:222
2:223,نساؤكم حرث لكم فاتوا حرثكم انىٰ شئتم ۖ وقدموا لانفسكم ۚ واتقوا الله واعلموا انكم ملـٰقوه ۗ وبشر المؤمنين,Tafsir text placeholder for verse 2:223
2:224,ولا تجعلوا الله عرضة لايمـٰنكم ان تبروا وتتقوا وتصلحوا بين الناس ۗ والله سميع عليم,Tafsir text placeholder for verse 2:224
2:225,لا يؤاخذكم الله باللغو فى ايمـٰنكم ولـٰكن يؤاخذكم بما كسبت قلوبكم ۗ والله غفور حليم,Tafsir text placeholder for verse 2:225
2:226,للذين يؤلون من نسائهم تربص اربعة اشهر ۖ فان فاءو فان الله غفور رحيم,Tafsir text placeholder for verse 2:226
2:227,وان عزموا الطلـٰق فان الله سميع عليم,Tafsir text placeholder for verse 2:227
2:228,والمطلقـٰت يتربصن بانفسهن ثلـٰثة قروء ۚ ولا يحل لهن ان يكتمن ما خلق الله فى ارحامهن ان كن يؤمن بالله واليوم الـٔاخر ۚ وبعولتهن احق بردهن فى ذٰلك ان ارادوا اصلـٰحا ۚ ولهن مثل الذى عليهن بالمعروف ۚ وللرجال عليهن درجة ۗ والله عزيز حكيم,Tafsir text placeholder for verse 2:228
2:229,الطلـٰق مرتان ۖ فامساك بمعروف او تسريح باحسـٰن ۗ ولا يحل لكم ان تاخذوا مما ءاتيتموهن شيـٔا الا ان يخافا الا يقيما حدود الله ۖ فان خفتم الا يقيما حدود الله فلا جناح عليهما فيما افتدت به ۗ تلك حدود الله فلا تعتدوها ۚ ومن يتعد حدود الله فاولـٰئك هم الظـٰلمون,Tafsir text placeholder for verse 2:229
2:230,فان طلقها فلا تحل له من بعد حتىٰ تنكح زوجا غيره ۗ فان طلقها فلا جناح عليهما ان يتراجعا ان ظنا ان يقيما حدود الله ۗ وتلك حدود الله يبينها لقوم يعلمون,Tafsir text placeholder for verse 2:230
2:231,واذا طلقتم النساء فبلغن اجلهن فامسكوهن بمعروف او سرحوهن بمعروف ۚ ولا تمسكوهن ضرارا لتعتدوا ۚ ومن يفعل ذٰلك فقد ظلم نفسه ۚ ولا تتخذوا ءايـٰت الله هزوا ۚ واذكروا نعمت الله عليكم وما انزل عليكم من الكتـٰب والحكمة يعظكم به ۚ واتقوا الله واعلموا ان الله بكل شىء عليم,Tafsir text placeholder for verse 2:231
2:232,واذا طلقتم النساء فبلغن اجلهن فلا تعضلوهن ان ينكحن ازوٰجهن اذا ترٰضوا بينهم بالمعروف ۗ ذٰلك يوعظ به من كان منكم يؤمن بالله واليوم الـٔاخر ۗ ذٰلكم ازكىٰ لكم واطهر ۗ والله يعلم وانتم لا تعلمون,Tafsir text placeholder for verse 2:232
2:233,والوٰلدٰت يرضعن اولـٰدهن حولين كاملين ۖ لمن اراد ان يتم الرضاعة ۚ وعلى المولود له رزقهن وكسوتهن بالمعروف ۚ لا تكلف نفس الا وسعها ۚ لا تضار وٰلدة بولدها ولا مولود له بولده ۚ وعلى الوارث مثل ذٰلك ۗ فان ارادا فصالا عن تراض منهما وتشاور فلا جناح عليهما ۗ وان اردتم ان تسترضعوا اولـٰدكم فلا جناح عليكم اذا سلمتم ما ءاتيتم بالمعروف ۗ واتقوا الله واعلموا ان الله بما تعملون بصير,Tafsir text placeholder for verse 2:233
2:234,والذين يتوفون منكم ويذرون ازوٰجا يتربصن بانفسهن اربعة اشهر وعشرا ۖ فاذا بلغن اجلهن فلا جناح عليكم فيما فعلن فى انفسهن بالمعروف ۗ والله بما تعملون خبير,Tafsir text placeholder for verse 2:234
2:235,ولا جناح عليكم فيما عرضتم به من خطبة النساء او اكننتم فى انفسكم ۚ علم الله انكم ستذكرونهن ولـٰكن لا تواعدوهن سرا الا ان تقولوا قولا معروفا ۚ ولا تعزموا عقدة النكاح حتىٰ يبلغ الكتـٰب اجله ۚ واعلموا ان الله يعلم ما فى انفسكم فاحذروه ۚ واعلموا ان الله غفور حليم,Tafsir text placeholder for verse 2:235
2:236,لا جناح عليكم ان طلقتم النساء ما لم تمسوهن او تفرضوا لهن فريضة ۚ ومتعوهن على الموسع قدره وعلى المقتر قدره متـٰعا بالمعروف ۖ حقا على المحسنين,Tafsir text placeholder for verse 2:236
2:237,وان طلقتموهن من قبل ان تمسوهن وقد فرضتم لهن فريضة فنصف ما فرضتم الا ان يعفون او يعفوا۟ الذى بيده عقدة النكاح ۚ وان تعفوا اقرب للتقوىٰ ۚ ولا تنسوا الفضل بينكم ۚ ان الله بما تعملون بصير,Tafsir text placeholder for verse 2:237
2:238,حـٰفظوا على الصلوٰت والصلوٰة الوسطىٰ وقوموا لله قـٰنتين,Tafsir text placeholder for verse 2:238
2:239,فان خفتم فرجالا او ركبانا ۖ فاذا امنتم فاذكروا الله كما علمكم ما لم تكونوا تعلمون,Tafsir text placeholder for verse 2:239
2:240,والذين يتوفون منكم ويذرون ازوٰجا وصية لازوٰجهم متـٰعا الى الحول غير اخراج ۚ فان خرجن فلا جناح عليكم فى ما فعلن فى انفسهن من معروف ۗ والله عزيز حكيم,Tafsir text placeholder for verse 2:240
2:241,وللمطلقـٰت متـٰع بالمعروف ۖ حقا على المتقين,Tafsir text placeholder for verse 2:241
2:242,كذٰلك يبين الله لكم ءايـٰته لعلكم تعقلون,Tafsir text placeholder for verse 2:242
2:243,الم تر الى الذين خرجوا من ديـٰرهم وهم الوف حذر الموت فقال لهم الله موتوا ثم احيـٰهم ۚ ان الله لذو فضل على الناس ولـٰكن اكثر الناس لا يشكرون,Tafsir text placeholder for verse 2:243
2:244,وقـٰتلوا فى سبيل الله واعلموا ان الله سميع عليم,Tafsir text placeholder for verse 2:244
2:245,من ذا الذى يقرض الله قرضا حسنا فيضـٰعفه له اضعافا كثيرة ۚ والله يقبض ويبصۜط واليه ترجعون,Tafsir text placeholder for verse 2:245
2:246,الم تر الى الملا من بنى اسرٰءيل من بعد موسىٰ اذ قالوا لنبى لهم ابعث لنا ملكا نقـٰتل فى سبيل الله ۖ قال هل عسيتم ان كتب عليكم القتال الا تقـٰتلوا ۖ قالوا وما لنا الا نقـٰتل فى سبيل الله وقد اخرجنا من ديـٰرنا وابنائنا ۖ فلما كتب عليهم القتال تولوا الا قليلا منهم ۗ والله عليم بالظـٰلمين,Tafsir text placeholder for verse 2:246
2:247,وقال لهم نبيهم ان الله قد بعث لكم طالوت ملكا ۚ قالوا انىٰ يكون له الملك علينا ونحن احق بالملك منه ولم يؤت سعة من المال ۚ قال ان الله اصطفىٰه عليكم وزاده بسطة فى العلم والجسم ۖ والله يؤتى ملكه من يشاء ۚ والله وٰسع عليم,Tafsir text placeholder for verse 2:247
2:248,وقال لهم نبيهم ان ءاية ملكه ان ياتيكم التابوت فيه سكينة من ربكم وبقية مما ترك ءال موسىٰ وءال هـٰرون تحمله الملـٰئكة ۚ ان فى ذٰلك لـٔاية لكم ان كنتم مؤمنين,Tafsir text placeholder for verse 2:248
2:249,فلما فصل طالوت بالجنود قال ان الله مبتليكم بنهر فمن شرب منه فليس منى ومن لم يطعمه فانه منى الا من اغترف غرفة بيده ۚ فشربوا منه الا قليلا منهم ۚ فلما جاوزه هو والذين ءامنوا معه قالوا لا طاقة لنا اليوم بجالوت وجنوده ۚ قال الذين يظنون انهم ملـٰقوا الله كم من فئة قليلة غلبت فئة كثيرة باذن الله ۗ والله مع الصـٰبرين,Tafsir text placeholder for verse 2:249
2:250,ولما برزوا لجالوت وجنوده قالوا ربنا افرغ علينا صبرا وثبت اقدامنا وانصرنا على القوم الكـٰفرين,Tafsir text placeholder for verse 2:250
2:251,فهزموهم باذن الله وقتل داوۥد جالوت وءاتىٰه الله الملك والحكمة وعلمه مما يشاء ۗ ولولا دفع الله الناس بعضهم ببعض لفسدت الارض ولـٰكن الله ذو فضل على العـٰلمين,Tafsir text placeholder for verse 2:251
2:252,تلك ءايـٰت الله نتلوها عليك بالحق ۚ وانك لمن المرسلين,Tafsir text placeholder for verse 2:252
2:253,تلك الرسل فضلنا بعضهم علىٰ بعض ۘ منهم من كلم الله ۖ ورفع بعضهم درجـٰت ۚ وءاتينا عيسى ابن مريم البينـٰت وايدنـٰه بروح القدس ۗ ولو شاء الله ما اقتتل الذين من بعدهم من بعد ما جاءتهم البينـٰت ولـٰكن اختلفوا فمنهم من ءامن ومنهم من كفر ۚ ولو شاء الله ما اقتتلوا ولـٰكن الله يفعل ما يريد,Tafsir text placeholder for verse 2:253
2:254,يـٰايها الذين ءامنوا انفقوا مما رزقنـٰكم من قبل ان ياتى يوم لا بيع فيه ولا خلة ولا شفـٰعة ۗ والكـٰفرون هم الظـٰلمون,Tafsir text placeholder for verse 2:254
2:255,الله لا الـٰه الا هو الحى القيوم ۚ لا تاخذه سنة ولا نوم ۚ له ما فى السمـٰوٰت وما فى الارض ۗ من ذا الذى يشفع عنده الا باذنه ۚ يعلم ما بين ايديهم وما خلفهم ۖ ولا يحيطون بشىء من علمه الا بما شاء ۚ وسع كرسيه السمـٰوٰت والارض ۖ ولا يـٔوده حفظهما ۚ وهو العلى العظيم,Tafsir text placeholder for verse 2:255
2:256,لا اكراه فى الدين ۖ قد تبين الرشد من الغى ۚ فمن يكفر بالطـٰغوت ويؤمن بالله فقد استمسك بالعروة الوثقىٰ لا انفصام لها ۗ والله سميع عليم,Tafsir text placeholder for verse 2:256
2:257,الله ولى الذين ءامنوا يخرجهم من الظلمـٰت الى النور ۖ والذين كفروا اولياؤهم الطـٰغوت يخرجونهم من النور الى الظلمـٰت ۗ اولـٰئك اصحـٰب النار ۖ هم فيها خـٰلدون,Tafsir text placeholder for verse 2:257
2:258,الم تر الى الذى حاج ابرٰهـۧم فى ربه ان ءاتىٰه الله الملك اذ قال ابرٰهـۧم ربى الذى يحيۦ ويميت قال انا۠ احيۦ واميت ۖ قال ابرٰهـۧم فان الله ياتى بالشمس من المشرق فات بها من المغرب فبهت الذى كفر ۗ والله لا يهدى القوم الظـٰلمين,Tafsir text placeholder for verse 2:258
2:259,او كالذى مر علىٰ قرية وهى خاوية علىٰ عروشها قال انىٰ يحيۦ هـٰذه الله بعد موتها ۖ فاماته الله ما۟ئة عام ثم بعثه ۖ قال كم لبثت ۖ قال لبثت يوما او بعض يوم ۖ قال بل لبثت ما۟ئة عام فانظر الىٰ طعامك وشرابك لم يتسنه ۖ وانظر الىٰ حمارك ولنجعلك ءاية للناس ۖ وانظر الى العظام كيف ننشزها ثم نكسوها لحما ۚ فلما تبين له قال اعلم ان الله علىٰ كل شىء قدير,Tafsir text placeholder for verse 2:259
2:260,واذ قال ابرٰهـۧم رب ارنى كيف تحى الموتىٰ ۖ قال اولم تؤمن ۖ قال بلىٰ ولـٰكن ليطمئن قلبى ۖ قال فخذ اربعة من الطير فصرهن اليك ثم اجعل علىٰ كل جبل منهن جزءا ثم ادعهن ياتينك سعيا ۚ واعلم ان الله عزيز حكيم,Tafsir text placeholder for verse 2:260
2:261,مثل الذين ينفقون اموٰلهم فى سبيل الله كمثل حبة انبتت سبع سنابل فى كل سنبلة ما۟ئة حبة ۗ والله يضـٰعف لمن يشاء ۗ والله وٰسع عليم,Tafsir text placeholder for verse 2:261
2:262,الذين ينفقون اموٰلهم فى سبيل الله ثم لا يتبعون ما انفقوا منا ولا اذى ۙ لهم اجرهم عند ربهم ولا خوف عليهم ولا هم يحزنون,Tafsir text placeholder for verse 2:262
2:263,قول معروف ومغفرة خير من صدقة يتبعها اذى ۗ والله غنى حليم,Tafsir text placeholder for verse 2:263
2:264,يـٰايها الذين ءامنوا لا تبطلوا صدقـٰتكم بالمن والاذىٰ كالذى ينفق ماله رئاء الناس ولا يؤمن بالله واليوم الـٔاخر ۖ فمثله كمثل صفوان عليه تراب فاصابه وابل فتركه صلدا ۖ لا يقدرون علىٰ شىء مما كسبوا ۗ والله لا يهدى القوم الكـٰفرين,Tafsir text placeholder for verse 2:264
2:265,ومثل الذين ينفقون اموٰلهم ابتغاء مرضات الله وتثبيتا من انفسهم كمثل جنة بربوة اصابها وابل فـٔاتت اكلها ضعفين فان لم يصبها وابل فطل ۗ والله بما تعملون بصير,Tafsir text placeholder for verse 2:265
2:266,ايود احدكم ان تكون له جنة من نخيل واعناب تجرى من تحتها الانهـٰر له فيها من كل الثمرٰت واصابه الكبر وله ذرية ضعفاء فاصابها اعصار فيه نار فاحترقت ۗ كذٰلك يبين الله لكم الـٔايـٰت لعلكم تتفكرون,Tafsir text placeholder for verse 2:266
2:267,يـٰايها الذين ءامنوا انفقوا من طيبـٰت ما كسبتم ومما اخرجنا لكم من الارض ۖ ولا تيمموا الخبيث منه تنفقون ولستم بـٔاخذيه الا ان تغمضوا فيه ۚ واعلموا ان الله غنى حميد,Tafsir text placeholder for verse 2:267
2:268,الشيطـٰن يعدكم الفقر ويامركم بالفحشاء ۖ والله يعدكم مغفرة منه وفضلا ۗ والله وٰسع عليم,Tafsir text placeholder for verse 2:268
2:269,يؤتى الحكمة من يشاء ۚ ومن يؤت الحكمة فقد اوتى خيرا كثيرا ۗ وما يذكر الا اولوا الالبـٰب,Tafsir text placeholder for verse 2:269
2:270,وما انفقتم من نفقة او نذرتم من نذر فان الله يعلمه ۗ وما للظـٰلمين من انصار,Tafsir text placeholder for verse 2:270
2:271,ان تبدوا الصدقـٰت فنعما هى ۖ وان تخفوها وتؤتوها الفقراء فهو خير لكم ۚ ويكفر عنكم من سيـٔاتكم ۗ والله بما تعملون خبير,Tafsir text placeholder for verse 2:271
2:272,ليس عليك هدىٰهم ولـٰكن الله يهدى من يشاء ۗ وما تنفقوا من خير فلانفسكم ۚ وما تنفقون الا ابتغاء وجه الله ۚ وما تنفقوا من خير يوف اليكم وانتم لا تظلمون,Tafsir text placeholder for verse 2:272
2:273,للفقراء الذين احصروا فى سبيل الله لا يستطيعون ضربا فى الارض يحسبهم الجاهل اغنياء من التعفف تعرفهم بسيمـٰهم لا يسـٔلون الناس الحافا ۗ وما تنفقوا من خير فان الله به عليم,Tafsir text placeholder for verse 2:273
2:274,الذين ينفقون اموٰلهم باليل والنهار سرا وعلانية فلهم اجرهم عند ربهم ولا خوف عليهم ولا هم يحزنون,Tafsir text placeholder for verse 2:274
2:275,الذين ياكلون الربوٰا۟ لا يقومون الا كما يقوم الذى يتخبطه الشيطـٰن من المس ۚ ذٰلك بانهم قالوا انما البيع مثل الربوٰا۟ ۗ واحل الله البيع وحرم الربوٰا۟ ۚ فمن جاءه موعظة من ربه فانتهىٰ فله ما سلف وامره الى الله ۖ ومن عاد فاولـٰئك اصحـٰب النار ۖ هم فيها خـٰلدون,Tafsir text placeholder for verse 2:275
2:276,يمحق الله الربوٰا۟ ويربى الصدقـٰت ۗ والله لا يحب كل كفار اثيم,Tafsir text placeholder for verse 2:276
2:277,ان الذين ءامنوا وعملوا الصـٰلحـٰت واقاموا الصلوٰة وءاتوا الزكوٰة لهم اجرهم عند ربهم ولا خوف عليهم ولا هم يحزنون,Tafsir text placeholder for verse 2:277
2:278,يـٰايها الذين ءامنوا اتقوا الله وذروا ما بقى من الربوٰا۟ ان كنتم مؤمنين,Tafsir text placeholder for verse 2:278
2:279,فان لم تفعلوا فاذنوا بحرب من الله ورسوله ۖ وان تبتم فلكم رءوس اموٰلكم لا تظلمون ولا تظلمون,Tafsir text placeholder for verse 2:279
2:280,وان كان ذو عسرة فنظرة الىٰ ميسرة ۚ وان تصدقوا خير لكم ۖ ان كنتم تعلمون,Tafsir text placeholder for verse 2:280
2:281,واتقوا يوما ترجعون فيه الى الله ۖ ثم توفىٰ كل نفس ما كسبت وهم لا يظلمون,Tafsir text placeholder for verse 2:281
2:282,يـٰايها الذين ءامنوا اذا تداينتم بدين الىٰ اجل مسمى فاكتبوه ۚ وليكتب بينكم كاتب بالعدل ۚ ولا ياب كاتب ان يكتب كما علمه الله ۚ فليكتب وليملل الذى عليه الحق وليتق الله ربه ولا يبخس منه شيـٔا ۚ فان كان الذى عليه الحق سفيها او ضعيفا او لا يستطيع ان يمل هو فليملل وليه بالعدل ۚ واستشهدوا شهيدين من رجالكم ۖ فان لم يكونا رجلين فرجل وامراتان ممن ترضون من الشهداء ان تضل احدىٰهما فتذكر احدىٰهما الاخرىٰ ۚ ولا ياب الشهداء اذا ما دعوا ۚ ولا تسـٔموا ان تكتبوه صغيرا او كبيرا الىٰ اجله ۚ ذٰلكم اقسط عند الله واقوم للشهـٰدة وادنىٰ الا ترتابوا ۖ الا ان تكون تجـٰرة حاضرة تديرونها بينكم فليس عليكم جناح الا تكتبوها ۗ واشهدوا اذا تبايعتم ۚ ولا يضار كاتب ولا شهيد ۚ وان تفعلوا فانه فسوق بكم ۗ واتقوا الله ۖ ويعلمكم الله ۗ والله بكل شىء عليم,Tafsir text placeholder for verse 2:282
2:283,وان كنتم علىٰ سفر ولم تجدوا كاتبا فرهـٰن مقبوضة ۖ فان امن بعضكم بعضا فليؤد الذى اؤتمن امـٰنته وليتق الله ربه ۗ ولا تكتموا الشهـٰدة ۚ ومن يكتمها فانه ءاثم قلبه ۗ والله بما تعملون عليم,Tafsir text placeholder for verse 2:283
2:284,لله ما فى السمـٰوٰت وما فى الارض ۗ وان تبدوا ما فى انفسكم او تخفوه يحاسبكم به الله ۖ فيغفر لمن يشاء ويعذب من يشاء ۗ والله علىٰ كل شىء قدير,Tafsir text placeholder for verse 2:284
2:285,ءامن الرسول بما انزل اليه من ربه والمؤمنون ۚ كل ءامن بالله وملـٰئكته وكتبه ورسله لا نفرق بين احد من رسله ۚ وقالوا سمعنا واطعنا ۖ غفرانك ربنا واليك المصير,Tafsir text placeholder for verse 2:285
2:286,لا يكلف الله نفسا الا وسعها ۚ لها ما كسبت وعليها ما اكتسبت ۗ ربنا لا تؤاخذنا ان نسينا او اخطانا ۚ ربنا ولا تحمل علينا اصرا كما حملته على الذين من قبلنا ۚ ربنا ولا تحملنا ما لا طاقة لنا به ۖ واعف عنا واغفر لنا وارحمنا ۚ انت مولىٰنا فانصرنا على القوم الكـٰفرين,Tafsir text placeholder for verse 2:286
3:1,الم,Tafsir text placeholder for verse 3:1
3:2,الله لا الـٰه الا هو الحى القيوم,Tafsir text placeholder for verse 3:2
3:3,نزل عليك الكتـٰب بالحق مصدقا لما بين يديه وانزل التورىٰة والانجيل,Tafsir text placeholder for verse 3:3
3:4,من قبل هدى للناس وانزل الفرقان ۗ ان الذين كفروا بـٔايـٰت الله لهم عذاب شديد ۗ والله عزيز ذو انتقام,Tafsir text placeholder for verse 3:4
3:5,ان الله لا يخفىٰ عليه شىء فى الارض ولا فى السماء,Tafsir text placeholder for verse 3:5
3:6,هو الذى يصوركم فى الارحام كيف يشاء ۚ لا الـٰه الا هو العزيز الحكيم,Tafsir text placeholder for verse 3:6
3:7,هو الذى انزل عليك الكتـٰب منه ءايـٰت محكمـٰت هن ام الكتـٰب واخر متشـٰبهـٰت ۖ فاما الذين فى قلوبهم زيغ فيتبعون ما تشـٰبه منه ابتغاء الفتنة وابتغاء تاويله ۗ وما يعلم تاويله الا الله ۗ والرٰسخون فى العلم يقولون ءامنا به كل من عند ربنا ۗ وما يذكر الا اولوا الالبـٰب,Tafsir text placeholder for verse 3:7
3:8,ربنا لا تزغ قلوبنا بعد اذ هديتنا وهب لنا من لدنك رحمة ۚ انك انت الوهاب,Tafsir text placeholder for verse 3:8
3:9,ربنا انك جامع الناس ليوم لا ريب فيه ۚ ان الله لا يخلف الميعاد,Tafsir text placeholder for verse 3:9
3:10,ان الذين كفروا لن تغنى عنهم اموٰلهم ولا اولـٰدهم من الله شيـٔا ۖ واولـٰئك هم وقود النار,Tafsir text placeholder for verse 3:10
3:11,كداب ءال فرعون والذين من قبلهم ۚ كذبوا بـٔايـٰتنا فاخذهم الله بذنوبهم ۗ والله شديد العقاب,Tafsir text placeholder for verse 3:11
3:12,قل للذين كفروا ستغلبون وتحشرون الىٰ جهنم ۚ وبئس المهاد,Tafsir text placeholder for verse 3:12
3:13,قد كان لكم ءاية فى فئتين التقتا ۖ فئة تقـٰتل فى سبيل الله واخرىٰ كافرة يرونهم مثليهم راى العين ۚ والله يؤيد بنصره من يشاء ۗ ان فى ذٰلك لعبرة لاولى الابصـٰر,Tafsir text placeholder for verse 3:13
3:14,زين للناس حب الشهوٰت من النساء والبنين والقنـٰطير المقنطرة من الذهب والفضة والخيل المسومة والانعـٰم والحرث ۗ ذٰلك متـٰع الحيوٰة الدنيا ۖ والله عنده حسن المـٔاب,Tafsir text placeholder for verse 3:14
3:15,قل اؤنبئكم بخير من ذٰلكم ۚ للذين اتقوا عند ربهم جنـٰت تجرى من تحتها الانهـٰر خـٰلدين فيها وازوٰج مطهرة ورضوٰن من الله ۗ والله بصير بالعباد,Tafsir text placeholder for verse 3:15
3:16,الذين يقولون ربنا اننا ءامنا فاغفر لنا ذنوبنا وقنا عذاب النار,Tafsir text placeholder for verse 3:16
3:17,الصـٰبرين والصـٰدقين والقـٰنتين والمنفقين والمستغفرين بالاسحار,Tafsir text placeholder for verse 3:17
3:18,شهد الله انه لا الـٰه الا هو والملـٰئكة واولوا العلم قائما بالقسط ۚ لا الـٰه الا هو العزيز الحكيم,Tafsir text placeholder for verse 3:18
3:19,ان الدين عند الله الاسلـٰم ۗ وما اختلف الذين اوتوا الكتـٰب الا من بعد ما جاءهم العلم بغيا بينهم ۗ ومن يكفر بـٔايـٰت الله فان الله سريع الحساب,Tafsir text placeholder for verse 3:19
3:20,فان حاجوك فقل اسلمت وجهى لله ومن اتبعن ۗ وقل للذين اوتوا الكتـٰب والاميـۧن ءاسلمتم ۚ فان اسلموا فقد اهتدوا ۖ وان تولوا فانما عليك البلـٰغ ۗ والله بصير بالعباد,Tafsir text placeholder for verse 3:20
3:21,ان الذين يكفرون بـٔايـٰت الله ويقتلون النبيـۧن بغير حق ويقتلون الذين يامرون بالقسط من الناس فبشرهم بعذاب اليم,Tafsir text placeholder for verse 3:21
3:22,اولـٰئك الذين حبطت اعمـٰلهم فى الدنيا والـٔاخرة وما لهم من نـٰصرين,Tafsir text placeholder for verse 3:22
3:23,الم تر الى الذين اوتوا نصيبا من الكتـٰب يدعون الىٰ كتـٰب الله ليحكم بينهم ثم يتولىٰ فريق منهم وهم معرضون,Tafsir text placeholder for verse 3:23
3:24,ذٰلك بانهم قالوا لن تمسنا النار الا اياما معدودٰت ۖ وغرهم فى دينهم ما كانوا يفترون,Tafsir text placeholder for verse 3:24
3:25,فكيف اذا جمعنـٰهم ليوم لا ريب فيه ووفيت كل نفس ما كسبت وهم لا يظلمون,Tafsir text placeholder for verse 3:25
3:26,قل اللهم مـٰلك الملك تؤتى الملك من تشاء وتنزع الملك ممن تشاء وتعز من تشاء وتذل من تشاء ۖ بيدك الخير ۖ انك علىٰ كل شىء قدير,Tafsir text placeholder for verse 3:26
3:27,تولج اليل فى النهار وتولج النهار فى اليل ۖ وتخرج الحى من الميت وتخرج الميت من الحى ۖ وترزق من تشاء بغير حساب,Tafsir text placeholder for verse 3:27
3:28,لا يتخذ المؤمنون الكـٰفرين اولياء من دون المؤمنين ۖ ومن يفعل ذٰلك فليس من الله فى شىء الا ان تتقوا منهم تقىٰة ۗ ويحذركم الله نفسه ۗ والى الله المصير,Tafsir text placeholder for verse 3:28
3:29,قل ان تخفوا ما فى صدوركم او تبدوه يعلمه الله ۗ ويعلم ما فى السمـٰوٰت وما فى الارض ۗ والله علىٰ كل شىء قدير,Tafsir text placeholder for verse 3:29
3:30,يوم تجد كل نفس ما عملت من خير محضرا وما عملت من سوء تود لو ان بينها وبينه امدا بعيدا ۗ ويحذركم الله نفسه ۗ والله رءوف بالعباد,Tafsir text placeholder for verse 3:30
3:31,قل ان كنتم تحبون الله فاتبعونى يحببكم الله ويغفر لكم ذنوبكم ۗ والله غفور رحيم,Tafsir text placeholder for verse 3:31
3:32,قل اطيعوا الله والرسول ۖ فان تولوا فان الله لا يحب الكـٰفرين,Tafsir text placeholder for verse 3:32
3:33,ان الله اصطفىٰ ءادم ونوحا وءال ابرٰهيم وءال عمرٰن على العـٰلمين,Tafsir text placeholder for verse 3:33
3:34,ذرية بعضها من بعض ۗ والله سميع عليم,Tafsir text placeholder for verse 3:34
3:35,اذ قالت امرات عمرٰن رب انى نذرت لك ما فى بطنى محررا فتقبل منى ۖ انك انت السميع العليم,Tafsir text placeholder for verse 3:35
3:36,فلما وضعتها قالت رب انى وضعتها انثىٰ والله اعلم بما وضعت وليس الذكر كالانثىٰ ۖ وانى سميتها مريم وانى اعيذها بك وذريتها من الشيطـٰن الرجيم,Tafsir text placeholder for verse 3:36
3:37,فتقبلها ربها بقبول حسن وانبتها نباتا حسنا وكفلها زكريا ۖ كلما دخل عليها زكريا المحراب وجد عندها رزقا ۖ قال يـٰمريم انىٰ لك هـٰذا ۖ قالت هو من عند الله ۖ ان الله يرزق من يشاء بغير حساب,Tafsir text placeholder for verse 3:37
3:38,هنالك دعا زكريا ربه ۖ قال رب هب لى من لدنك ذرية طيبة ۖ انك سميع الدعاء,Tafsir text placeholder for verse 3:38
3:39,فنادته الملـٰئكة وهو قائم يصلى فى المحراب ان الله يبشرك بيحيىٰ مصدقا بكلمة من الله وسيدا وحصورا ونبيا من الصـٰلحين,Tafsir text placeholder for verse 3:39
3:40,قال رب انىٰ يكون لى غلـٰم وقد بلغنى الكبر وامراتى عاقر ۖ قال كذٰلك الله يفعل ما يشاء,Tafsir text placeholder for verse 3:40
3:41,قال رب اجعل لى ءاية ۖ قال ءايتك الا تكلم الناس ثلـٰثة ايام الا رمزا ۗ واذكر ربك كثيرا وسبح بالعشى والابكـٰر,Tafsir text placeholder for verse 3:41
3:42,واذ قالت الملـٰئكة يـٰمريم ان الله اصطفىٰك وطهرك واصطفىٰك علىٰ نساء العـٰلمين,Tafsir text placeholder for verse 3:42
3:43,يـٰمريم اقنتى لربك واسجدى واركعى مع الرٰكعين,Tafsir text placeholder for verse 3:43
3:44,ذٰلك من انباء الغيب نوحيه اليك ۚ وما كنت لديهم اذ يلقون اقلـٰمهم ايهم يكفل مريم وما كنت لديهم اذ يختصمون,Tafsir text placeholder for verse 3:44
3:45,اذ قالت الملـٰئكة يـٰمريم ان الله يبشرك بكلمة منه اسمه المسيح عيسى ابن مريم وجيها فى الدنيا والـٔاخرة ومن المقربين,Tafsir text placeholder for verse 3:45
3:46,ويكلم الناس فى المهد وكهلا ومن الصـٰلحين,Tafsir text placeholder for verse 3:46
3:47,قالت رب انىٰ يكون لى ولد ولم يمسسنى بشر ۖ قال كذٰلك الله يخلق ما يشاء ۚ اذا قضىٰ امرا فانما يقول له كن فيكون,Tafsir text placeholder for verse 3:47
3:48,ويعلمه الكتـٰب والحكمة والتورىٰة والانجيل,Tafsir text placeholder for verse 3:48
3:49,ورسولا الىٰ بنى اسرٰءيل انى قد جئتكم بـٔاية من ربكم ۖ انى اخلق لكم من الطين كهيـٔة الطير فانفخ فيه فيكون طيرا باذن الله ۖ وابرئ الاكمه والابرص واحى الموتىٰ باذن الله ۖ وانبئكم بما تاكلون وما تدخرون فى بيوتكم ۚ ان فى ذٰلك لـٔاية لكم ان كنتم مؤمنين,Tafsir text placeholder for verse 3:49
3:50,ومصدقا لما بين يدى من التورىٰة ولاحل لكم بعض الذى حرم عليكم ۚ وجئتكم بـٔاية من ربكم فاتقوا الله واطيعون,Tafsir text placeholder for verse 3:50
3:51,ان الله ربى وربكم فاعبدوه ۗ هـٰذا صرٰط مستقيم,Tafsir text placeholder for verse 3:51
3:52,فلما احس عيسىٰ منهم الكفر قال من انصارى الى الله ۖ قال الحواريون نحن انصار الله ءامنا بالله واشهد بانا مسلمون,Tafsir text placeholder for verse 3:52
3:53,ربنا ءامنا بما انزلت واتبعنا الرسول فاكتبنا مع الشـٰهدين,Tafsir text placeholder for verse 3:53
3:54,ومكروا ومكر الله ۖ والله خير المـٰكرين,Tafsir text placeholder for verse 3:54
3:55,اذ قال الله يـٰعيسىٰ انى متوفيك ورافعك الى ومطهرك من الذين كفروا وجاعل الذين اتبعوك فوق الذين كفروا الىٰ يوم القيـٰمة ۖ ثم الى مرجعكم فاحكم بينكم فيما كنتم فيه تختلفون,Tafsir text placeholder for verse 3:55
3:56,فاما الذين كفروا فاعذبهم عذابا شديدا فى الدنيا والـٔاخرة وما لهم من نـٰصرين,Tafsir text placeholder for verse 3:56
3:57,واما الذين ءامنوا وعملوا الصـٰلحـٰت فيوفيهم اجورهم ۗ والله لا يحب الظـٰلمين,Tafsir text placeholder for verse 3:57
3:58,ذٰلك نتلوه عليك من الـٔايـٰت والذكر الحكيم,Tafsir text placeholder for verse 3:58
3:59,ان مثل عيسىٰ عند الله كمثل ءادم ۖ خلقه من تراب ثم قال له كن فيكون,Tafsir text placeholder for verse 3:59
3:60,الحق من ربك فلا تكن من الممترين,Tafsir text placeholder for verse 3:60
3:61,فمن حاجك فيه من بعد ما جاءك من العلم فقل تعالوا ندع ابناءنا وابناءكم ونساءنا ونساءكم وانفسنا وانفسكم ثم نبتهل فنجعل لعنت الله على الكـٰذبين,Tafsir text placeholder for verse 3:61
3:62,ان هـٰذا لهو القصص الحق ۚ وما من الـٰه الا الله ۚ وان الله لهو العزيز الحكيم,Tafsir text placeholder for verse 3:62
3:63,فان تولوا فان الله عليم بالمفسدين,Tafsir text placeholder for verse 3:63
3:64,قل يـٰاهل الكتـٰب تعالوا الىٰ كلمة سواء بيننا وبينكم الا نعبد الا الله ولا نشرك به شيـٔا ولا يتخذ بعضنا بعضا اربابا من دون الله ۚ فان تولوا فقولوا اشهدوا بانا مسلمون,Tafsir text placeholder for verse 3:64
3:65,يـٰاهل الكتـٰب لم تحاجون فى ابرٰهيم وما انزلت التورىٰة والانجيل الا من بعده ۚ افلا تعقلون,Tafsir text placeholder for verse 3:65
3:66,هـٰانتم هـٰؤلاء حـٰججتم فيما لكم به علم فلم تحاجون فيما ليس لكم به علم ۚ والله يعلم وانتم لا تعلمون,Tafsir text placeholder for verse 3:66
3:67,ما كان ابرٰهيم يهوديا ولا نصرانيا ولـٰكن كان حنيفا مسلما وما كان من المشركين,Tafsir text placeholder for verse 3:67
3:68,ان اولى الناس بابرٰهيم للذين اتبعوه وهـٰذا النبى والذين ءامنوا ۗ والله ولى المؤمنين,Tafsir text placeholder for verse 3:68
3:69,ودت طائفة من اهل الكتـٰب لو يضلونكم وما يضلون الا انفسهم وما يشعرون,Tafsir text placeholder for verse 3:69
3:70,يـٰاهل الكتـٰب لم تكفرون بـٔايـٰت الله وانتم تشهدون,Tafsir text placeholder for verse 3:70
3:71,يـٰاهل الكتـٰب لم تلبسون الحق بالبـٰطل وتكتمون الحق وانتم تعلمون,Tafsir text placeholder for verse 3:71
3:72,وقالت طائفة من اهل الكتـٰب ءامنوا بالذى انزل على الذين ءامنوا وجه النهار واكفروا ءاخره لعلهم يرجعون,Tafsir text placeholder for verse 3:72
3:73,ولا تؤمنوا الا لمن تبع دينكم قل ان الهدىٰ هدى الله ان يؤتىٰ احد مثل ما اوتيتم او يحاجوكم عند ربكم ۗ قل ان الفضل بيد الله يؤتيه من يشاء ۗ والله وٰسع عليم,Tafsir text placeholder for verse 3:73
3:74,يختص برحمته من يشاء ۗ والله ذو الفضل العظيم,Tafsir text placeholder for verse 3:74
3:75,ومن اهل الكتـٰب من ان تامنه بقنطار يؤده اليك ومنهم من ان تامنه بدينار لا يؤده اليك الا ما دمت عليه قائما ۗ ذٰلك بانهم قالوا ليس علينا فى الاميـۧن سبيل ويقولون على الله الكذب وهم يعلمون,Tafsir text placeholder for verse 3:75
3:76,بلىٰ من اوفىٰ بعهده واتقىٰ فان الله يحب المتقين,Tafsir text placeholder for verse 3:76
3:77,ان الذين يشترون بعهد الله وايمـٰنهم ثمنا قليلا اولـٰئك لا خلـٰق لهم فى الـٔاخرة ولا يكلمهم الله ولا ينظر اليهم يوم القيـٰمة ولا يزكيهم ولهم عذاب اليم,Tafsir text placeholder for verse 3:77
3:78,وان منهم لفريقا يلوۥن السنتهم بالكتـٰب لتحسبوه من الكتـٰب وما هو من الكتـٰب ويقولون هو من عند الله وما هو من عند الله ويقولون على الله الكذب وهم يعلمون,Tafsir text placeholder for verse 3:78
3:79,ما كان لبشر ان يؤتيه الله الكتـٰب والحكم والنبوة ثم يقول للناس كونوا عبادا لى من دون الله ولـٰكن كونوا ربـٰنيـۧن بما كنتم تعلمون الكتـٰب وبما كنتم تدرسون,Tafsir text placeholder for verse 3:79
3:80,ولا يامركم ان تتخذوا الملـٰئكة والنبيـۧن اربابا ۗ ايامركم بالكفر بعد اذ انتم مسلمون,Tafsir text placeholder for verse 3:80
3:81,واذ اخذ الله ميثـٰق النبيـۧن لما ءاتيتكم من كتـٰب وحكمة ثم جاءكم رسول مصدق لما معكم لتؤمنن به ولتنصرنه ۚ قال ءاقررتم واخذتم علىٰ ذٰلكم اصرى ۖ قالوا اقررنا ۚ قال فاشهدوا وانا۠ معكم من الشـٰهدين,Tafsir text placeholder for verse 3:81
3:82,فمن تولىٰ بعد ذٰلك فاولـٰئك هم الفـٰسقون,Tafsir text placeholder for verse 3:82
3:83,افغير دين الله يبغون وله اسلم من فى السمـٰوٰت والارض طوعا وكرها واليه يرجعون,Tafsir text placeholder for verse 3:83
3:84,قل ءامنا بالله وما انزل علينا وما انزل علىٰ ابرٰهيم واسمـٰعيل واسحـٰق ويعقوب والاسباط وما اوتى موسىٰ وعيسىٰ والنبيون من ربهم لا نفرق بين احد منهم ونحن له مسلمون,Tafsir text placeholder for verse 3:84
3:85,ومن يبتغ غير الاسلـٰم دينا فلن يقبل منه وهو فى الـٔاخرة من الخـٰسرين,Tafsir text placeholder for verse 3:85
3:86,كيف يهدى الله قوما كفروا بعد ايمـٰنهم وشهدوا ان الرسول حق وجاءهم البينـٰت ۚ والله لا يهدى القوم الظـٰلمين,Tafsir text placeholder for verse 3:86
3:87,اولـٰئك جزاؤهم ان عليهم لعنة الله والملـٰئكة والناس اجمعين,Tafsir text placeholder for verse 3:87
3:88,خـٰلدين فيها لا يخفف عنهم العذاب ولا هم ينظرون,Tafsir text placeholder for verse 3:88
3:89,الا الذين تابوا من بعد ذٰلك واصلحوا فان الله غفور رحيم,Tafsir text placeholder for verse 3:89
3:90,ان الذين كفروا بعد ايمـٰنهم ثم ازدادوا كفرا لن تقبل توبتهم واولـٰئك هم الضالون,Tafsir text placeholder for verse 3:90
3:91,ان الذين كفروا وماتوا وهم كفار فلن يقبل من احدهم ملء الارض ذهبا ولو افتدىٰ به ۗ اولـٰئك لهم عذاب اليم وما لهم من نـٰصرين,Tafsir text placeholder for verse 3:91
3:92,لن تنالوا البر حتىٰ تنفقوا مما تحبون ۚ وما تنفقوا من شىء فان الله به عليم,Tafsir text placeholder for verse 3:92
3:93,كل الطعام كان حلا لبنى اسرٰءيل الا ما حرم اسرٰءيل علىٰ نفسه من قبل ان تنزل التورىٰة ۗ قل فاتوا بالتورىٰة فاتلوها ان كنتم صـٰدقين,Tafsir text placeholder for verse 3:93
3:94,فمن افترىٰ على الله الكذب من بعد ذٰلك فاولـٰئك هم الظـٰلمون,Tafsir text placeholder for verse 3:94
3:95,قل صدق الله ۗ فاتبعوا ملة ابرٰهيم حنيفا وما كان من المشركين,Tafsir text placeholder for verse 3:95
3:96,ان اول بيت وضع للناس للذى ببكة مباركا وهدى للعـٰلمين,Tafsir text placeholder for verse 3:96
3:97,فيه ءايـٰت بينـٰت مقام ابرٰهيم ۖ ومن دخله كان ءامنا ۗ ولله على الناس حج البيت من استطاع اليه سبيلا ۚ ومن كفر فان الله غنى عن العـٰلمين,Tafsir text placeholder for verse 3:97
3:98,قل يـٰاهل الكتـٰب لم تكفرون بـٔايـٰت الله والله شهيد علىٰ ما تعملون,Tafsir text placeholder for verse 3:98
3:99,قل يـٰاهل الكتـٰب لم تصدون عن سبيل الله من ءامن تبغونها عوجا وانتم شهداء ۗ وما الله بغـٰفل عما تعملون,Tafsir text placeholder for verse 3:99
3:100,يـٰايها الذين ءامنوا ان تطيعوا فريقا من الذين اوتوا الكتـٰب يردوكم بعد ايمـٰنكم كـٰفرين,Tafsir text placeholder for verse 3:100
3:101,وكيف تكفرون وانتم تتلىٰ عليكم ءايـٰت الله وفيكم رسوله ۗ ومن يعتصم بالله فقد هدى الىٰ صرٰط مستقيم,Tafsir text placeholder for verse 3:101
3:102,يـٰايها الذين ءامنوا اتقوا الله حق تقاته ولا تموتن الا وانتم مسلمون,Tafsir text placeholder for verse 3:102
3:103,واعتصموا بحبل الله جميعا ولا تفرقوا ۚ واذكروا نعمت الله عليكم اذ كنتم اعداء فالف بين قلوبكم فاصبحتم بنعمته اخوٰنا وكنتم علىٰ شفا حفرة من النار فانقذكم منها ۗ كذٰلك يبين الله لكم ءايـٰته لعلكم تهتدون,Tafsir text placeholder for verse 3:103
3:104,ولتكن منكم امة يدعون الى الخير ويامرون بالمعروف وينهون عن المنكر ۚ واولـٰئك هم المفلحون,Tafsir text placeholder for verse 3:104
3:105,ولا تكونوا كالذين تفرقوا واختلفوا من بعد ما جاءهم البينـٰت ۚ واولـٰئك لهم عذاب عظيم,Tafsir text placeholder for verse 3:105
3:106,يوم تبيض وجوه وتسود وجوه ۚ فاما الذين اسودت وجوههم اكفرتم بعد ايمـٰنكم فذوقوا العذاب بما كنتم تكفرون,Tafsir text placeholder for verse 3:106
3:107,واما الذين ابيضت وجوههم ففى رحمة الله هم فيها خـٰلدون,Tafsir text placeholder for verse 3:107
3:108,تلك ءايـٰت الله نتلوها عليك بالحق ۗ وما الله يريد ظلما للعـٰلمين,Tafsir text placeholder for verse 3:108
3:109,ولله ما فى السمـٰوٰت وما فى الارض ۚ والى الله ترجع الامور,Tafsir text placeholder for verse 3:109
3:110,كنتم خير امة اخرجت للناس تامرون بالمعروف وتنهون عن المنكر وتؤمنون بالله ۗ ولو ءامن اهل الكتـٰب لكان خيرا لهم ۚ منهم المؤمنون واكثرهم الفـٰسقون,Tafsir text placeholder for verse 3:110
3:111,لن يضروكم الا اذى ۖ وان يقـٰتلوكم يولوكم الادبار ثم لا ينصرون,Tafsir text placeholder for verse 3:111
3:112,ضربت عليهم الذلة اين ما ثقفوا الا بحبل من الله وحبل من الناس وباءو بغضب من الله وضربت عليهم المسكنة ۚ ذٰلك بانهم كانوا يكفرون بـٔايـٰت الله ويقتلون الانبياء بغير حق ۚ ذٰلك بما عصوا وكانوا يعتدون,Tafsir text placeholder for verse 3:112
3:113,ليسوا سواء ۗ من اهل الكتـٰب امة قائمة يتلون ءايـٰت الله ءاناء اليل وهم يسجدون,Tafsir text placeholder for verse 3:113
3:114,يؤمنون بالله واليوم الـٔاخر ويامرون بالمعروف وينهون عن المنكر ويسـٰرعون فى الخيرٰت واولـٰئك من الصـٰلحين,Tafsir text placeholder for verse 3:114
3:115,وما يفعلوا من خير فلن يكفروه ۗ والله عليم بالمتقين,Tafsir text placeholder for verse 3:115
3:116,ان الذين كفروا لن تغنى عنهم اموٰلهم ولا اولـٰدهم من الله شيـٔا ۖ واولـٰئك اصحـٰب النار ۚ هم فيها خـٰلدون,Tafsir text placeholder for verse 3:116
3:117,مثل ما ينفقون فى هـٰذه الحيوٰة الدنيا كمثل ريح فيها صر اصابت حرث قوم ظلموا انفسهم فاهلكته ۚ وما ظلمهم الله ولـٰكن انفسهم يظلمون,Tafsir text placeholder for verse 3:117
3:118,يـٰايها الذين ءامنوا لا تتخذوا بطانة من دونكم لا يالونكم خبالا ودوا ما عنتم قد بدت البغضاء من افوٰههم وما تخفى صدورهم اكبر ۚ قد بينا لكم الـٔايـٰت ۖ ان كنتم تعقلون,Tafsir text placeholder for verse 3:118
3:119,هـٰانتم اولاء تحبونهم ولا يحبونكم وتؤمنون بالكتـٰب كله واذا لقوكم قالوا ءامنا واذا خلوا عضوا عليكم الانامل من الغيظ ۚ قل موتوا بغيظكم ۗ ان الله عليم بذات الصدور,Tafsir text placeholder for verse 3:119
3:120,ان تمسسكم حسنة تسؤهم وان تصبكم سيئة يفرحوا بها ۖ وان تصبروا وتتقوا لا يضركم كيدهم شيـٔا ۗ ان الله بما يعملون محيط,Tafsir text placeholder for verse 3:120
3:121,واذ غدوت من اهلك تبوئ المؤمنين مقـٰعد للقتال ۗ والله سميع عليم,Tafsir text placeholder for verse 3:121
3:122,اذ همت طائفتان منكم ان تفشلا والله وليهما ۗ وعلى الله فليتوكل المؤمنون,Tafsir text placeholder for verse 3:122
3:123,ولقد نصركم الله ببدر وانتم اذلة ۖ فاتقوا الله لعلكم تشكرون,Tafsir text placeholder for verse 3:123
3:124,اذ تقول للمؤمنين الن يكفيكم ان يمدكم ربكم بثلـٰثة ءالـٰف من الملـٰئكة منزلين,Tafsir text placeholder for verse 3:124
3:125,بلىٰ ۚ ان تصبروا وتتقوا وياتوكم من فورهم هـٰذا يمددكم ربكم بخمسة ءالـٰف من الملـٰئكة مسومين,Tafsir text placeholder for verse 3:125
3:126,وما جعله الله الا بشرىٰ لكم ولتطمئن قلوبكم به ۗ وما النصر الا من عند الله العزيز الحكيم,Tafsir text placeholder for verse 3:126
3:127,ليقطع طرفا من الذين كفروا او يكبتهم فينقلبوا خائبين,Tafsir text placeholder for verse 3:127
3:128,ليس لك من الامر شىء او يتوب عليهم او يعذبهم فانهم ظـٰلمون,Tafsir text placeholder for verse 3:128
3:129,ولله ما فى السمـٰوٰت وما فى الارض ۚ يغفر لمن يشاء ويعذب من يشاء ۚ والله غفور رحيم,Tafsir text placeholder for verse 3:129
3:130,يـٰايها الذين ءامنوا لا تاكلوا الربوٰا۟ اضعـٰفا مضـٰعفة ۖ واتقوا الله لعلكم تفلحون,Tafsir text placeholder for verse 3:130
3:131,واتقوا النار التى اعدت للكـٰفرين,Tafsir text placeholder for verse 3:131
3:132,واطيعوا الله والرسول لعلكم ترحمون,Tafsir text placeholder for verse 3:132
3:133,وسارعوا الىٰ مغفرة من ربكم وجنة عرضها السمـٰوٰت والارض اعدت للمتقين,Tafsir text placeholder for verse 3:133
3:134,الذين ينفقون فى السراء والضراء والكـٰظمين الغيظ والعافين عن الناس ۗ والله يحب المحسنين,Tafsir text placeholder for verse 3:134
3:135,والذين اذا فعلوا فـٰحشة او ظلموا انفسهم ذكروا الله فاستغفروا لذنوبهم ومن يغفر الذنوب الا الله ولم يصروا علىٰ ما فعلوا وهم يعلمون,Tafsir text placeholder for verse 3:135
3:136,اولـٰئك جزاؤهم مغفرة من ربهم وجنـٰت تجرى من تحتها الانهـٰر خـٰلدين فيها ۚ ونعم اجر العـٰملين,Tafsir text placeholder for verse 3:136
3:137,قد خلت من قبلكم سنن فسيروا فى الارض فانظروا كيف كان عـٰقبة المكذبين,Tafsir text placeholder for verse 3:137
3:138,هـٰذا بيان للناس وهدى وموعظة للمتقين,Tafsir text placeholder for verse 3:138
3:139,ولا تهنوا ولا تحزنوا وانتم الاعلون ان كنتم مؤمنين,Tafsir text placeholder for verse 3:139
3:140,ان يمسسكم قرح فقد مس القوم قرح مثله ۚ وتلك الايام نداولها بين الناس وليعلم الله الذين ءامنوا ويتخذ منكم شهداء ۗ والله لا يحب الظـٰلمين,Tafsir text placeholder for verse 3:140
3:141,وليمحص الله الذين ءامنوا ويمحق الكـٰفرين,Tafsir text placeholder for verse 3:141
3:142,ام حسبتم ان تدخلوا الجنة ولما يعلم الله الذين جـٰهدوا منكم ويعلم الصـٰبرين,Tafsir text placeholder for verse 3:142
3:143,ولقد كنتم تمنون الموت من قبل ان تلقوه فقد رايتموه وانتم تنظرون,Tafsir text placeholder for verse 3:143
3:144,وما محمد الا رسول قد خلت من قبله الرسل ۚ افاي۟ن مات او قتل انقلبتم علىٰ اعقـٰبكم ۚ ومن ينقلب علىٰ عقبيه فلن يضر الله شيـٔا ۗ وسيجزى الله الشـٰكرين,Tafsir text placeholder for verse 3:144
3:145,وما كان لنفس ان تموت الا باذن الله كتـٰبا مؤجلا ۗ ومن يرد ثواب الدنيا نؤته منها ومن يرد ثواب الـٔاخرة نؤته منها ۚ وسنجزى الشـٰكرين,Tafsir text placeholder for verse 3:145
3:146,وكاين من نبى قـٰتل معه ربيون كثير فما وهنوا لما اصابهم فى سبيل الله وما ضعفوا وما استكانوا ۗ والله يحب الصـٰبرين,Tafsir text placeholder for verse 3:146
3:147,وما كان قولهم الا ان قالوا ربنا اغفر لنا ذنوبنا واسرافنا فى امرنا وثبت اقدامنا وانصرنا على القوم الكـٰفرين,Tafsir text placeholder for verse 3:147
3:148,فـٔاتىٰهم الله ثواب الدنيا وحسن ثواب الـٔاخرة ۗ والله يحب المحسنين,Tafsir text placeholder for verse 3:148
3:149,يـٰايها الذين ءامنوا ان تطيعوا الذين كفروا يردوكم علىٰ اعقـٰبكم فتنقلبوا خـٰسرين,Tafsir text placeholder for verse 3:149
3:150,بل الله مولىٰكم ۖ وهو خير النـٰصرين,Tafsir text placeholder for verse 3:150
3:151,سنلقى فى قلوب الذين كفروا الرعب بما اشركوا بالله ما لم ينزل به سلطـٰنا ۖ وماوىٰهم النار ۚ وبئس مثوى الظـٰلمين,Tafsir text placeholder for verse 3:151
3:152,ولقد صدقكم الله وعده اذ تحسونهم باذنه ۖ حتىٰ اذا فشلتم وتنـٰزعتم فى الامر وعصيتم من بعد ما ارىٰكم ما تحبون ۚ منكم من يريد الدنيا ومنكم من يريد الـٔاخرة ۚ ثم صرفكم عنهم ليبتليكم ۖ ولقد عفا عنكم ۗ والله ذو فضل على المؤمنين,Tafsir text placeholder for verse 3:152
3:153,اذ تصعدون ولا تلوۥن علىٰ احد والرسول يدعوكم فى اخرىٰكم فاثـٰبكم غما بغم لكيلا تحزنوا علىٰ ما فاتكم ولا ما اصـٰبكم ۗ والله خبير بما تعملون,Tafsir text placeholder for verse 3:153
3:154,ثم انزل عليكم من بعد الغم امنة نعاسا يغشىٰ طائفة منكم ۖ وطائفة قد اهمتهم انفسهم يظنون بالله غير الحق ظن الجـٰهلية ۖ يقولون هل لنا من الامر من شىء ۗ قل ان الامر كله لله ۗ يخفون فى انفسهم ما لا يبدون لك ۖ يقولون لو كان لنا من الامر شىء ما قتلنا هـٰهنا ۗ قل لو كنتم فى بيوتكم لبرز الذين كتب عليهم القتل الىٰ مضاجعهم ۖ وليبتلى الله ما فى صدوركم وليمحص ما فى قلوبكم ۗ والله عليم بذات الصدور,Tafsir text placeholder for verse 3:154
3:155,ان الذين تولوا منكم يوم التقى الجمعان انما استزلهم الشيطـٰن ببعض ما كسبوا ۖ ولقد عفا الله عنهم ۗ ان الله غفور حليم,Tafsir text placeholder for verse 3:155
3:156,يـٰايها الذين ءامنوا لا تكونوا كالذين كفروا وقالوا لاخوٰنهم اذا ضربوا فى الارض او كانوا غزى لو كانوا عندنا ما ماتوا وما قتلوا ليجعل الله ذٰلك حسرة فى قلوبهم ۗ والله يحيۦ ويميت ۗ والله بما تعملون بصير,Tafsir text placeholder for verse 3:156
3:157,ولئن قتلتم فى سبيل الله او متم لمغفرة من الله ورحمة خير مما يجمعون,Tafsir text placeholder for verse 3:157
3:158,ولئن متم او قتلتم لالى الله تحشرون,Tafsir text placeholder for verse 3:158
3:159,فبما رحمة من الله لنت لهم ۖ ولو كنت فظا غليظ القلب لانفضوا من حولك ۖ فاعف عنهم واستغفر لهم وشاورهم فى الامر ۖ فاذا عزمت فتوكل على الله ۚ ان الله يحب المتوكلين,Tafsir text placeholder for verse 3:159
3:160,ان ينصركم الله فلا غالب لكم ۖ وان يخذلكم فمن ذا الذى ينصركم من بعده ۗ وعلى الله فليتوكل المؤمنون,Tafsir text placeholder for verse 3:160
3:161,وما كان لنبى ان يغل ۚ ومن يغلل يات بما غل يوم القيـٰمة ۚ ثم توفىٰ كل نفس ما كسبت وهم لا يظلمون,Tafsir text placeholder for verse 3:161
3:162,افمن اتبع رضوٰن الله كمن باء بسخط من الله وماوىٰه جهنم ۚ وبئس المصير,Tafsir text placeholder for verse 3:162
3:163,هم درجـٰت عند الله ۗ والله بصير بما يعملون,Tafsir text placeholder for verse 3:163
3:164,لقد من الله على المؤمنين اذ بعث فيهم رسولا من انفسهم يتلوا عليهم ءايـٰته ويزكيهم ويعلمهم الكتـٰب والحكمة وان كانوا من قبل لفى ضلـٰل مبين,Tafsir text placeholder for verse 3:164
3:165,اولما اصـٰبتكم مصيبة قد اصبتم مثليها قلتم انىٰ هـٰذا ۖ قل هو من عند انفسكم ۗ ان الله علىٰ كل شىء قدير,Tafsir text placeholder for verse 3:165
3:166,وما اصـٰبكم يوم التقى الجمعان فباذن الله وليعلم المؤمنين,Tafsir text placeholder for verse 3:166
3:167,وليعلم الذين نافقوا ۚ وقيل لهم تعالوا قـٰتلوا فى سبيل الله او ادفعوا ۖ قالوا لو نعلم قتالا لاتبعنـٰكم ۗ هم للكفر يومئذ اقرب منهم للايمـٰن ۚ يقولون بافوٰههم ما ليس فى قلوبهم ۗ والله اعلم بما يكتمون,Tafsir text placeholder for verse 3:167
3:168,الذين قالوا لاخوٰنهم وقعدوا لو اطاعونا ما قتلوا ۗ قل فادرءوا عن انفسكم الموت ان كنتم صـٰدقين,Tafsir text placeholder for verse 3:168
3:169,ولا تحسبن الذين قتلوا فى سبيل الله اموٰتا ۚ بل احياء عند ربهم يرزقون,Tafsir text placeholder for verse 3:169
3:170,فرحين بما ءاتىٰهم الله من فضله ويستبشرون بالذين لم يلحقوا بهم من خلفهم الا خوف عليهم ولا هم يحزنون,Tafsir text placeholder for verse 3:170
3:171,يستبشرون بنعمة من الله وفضل وان الله لا يضيع اجر المؤمنين,Tafsir text placeholder for verse 3:171
3:172,الذين استجابوا لله والرسول من بعد ما اصابهم القرح ۚ للذين احسنوا منهم واتقوا اجر عظيم,Tafsir text placeholder for verse 3:172
3:173,الذين قال لهم الناس ان الناس قد جمعوا لكم فاخشوهم فزادهم ايمـٰنا وقالوا حسبنا الله ونعم الوكيل,Tafsir text placeholder for verse 3:173
3:174,فانقلبوا بنعمة من الله وفضل لم يمسسهم سوء واتبعوا رضوٰن الله ۗ والله ذو فضل عظيم,Tafsir text placeholder for verse 3:174
3:175,انما ذٰلكم الشيطـٰن يخوف اولياءه فلا تخافوهم وخافون ان كنتم مؤمنين,Tafsir text placeholder for verse 3:175
3:176,ولا يحزنك الذين يسـٰرعون فى الكفر ۚ انهم لن يضروا الله شيـٔا ۗ يريد الله الا يجعل لهم حظا فى الـٔاخرة ۖ ولهم عذاب عظيم,Tafsir text placeholder for verse 3:176
3:177,ان الذين اشتروا الكفر بالايمـٰن لن يضروا الله شيـٔا ولهم عذاب اليم,Tafsir text placeholder for verse 3:177
3:178,ولا يحسبن الذين كفروا انما نملى لهم خير لانفسهم ۚ انما نملى لهم ليزدادوا اثما ۚ ولهم عذاب مهين,Tafsir text placeholder for verse 3:178
3:179,ما كان الله ليذر المؤمنين علىٰ ما انتم عليه حتىٰ يميز الخبيث من الطيب ۗ وما كان الله ليطلعكم على الغيب ولـٰكن الله يجتبى من رسله من يشاء ۖ فـٔامنوا بالله ورسله ۚ وان تؤمنوا وتتقوا فلكم اجر عظيم,Tafsir text placeholder for verse 3:179
3:180,ولا يحسبن الذين يبخلون بما ءاتىٰهم الله من فضله هو خيرا لهم ۖ بل هو شر لهم ۖ سيطوقون ما بخلوا به يوم القيـٰمة ۗ ولله ميرٰث السمـٰوٰت والارض ۗ والله بما تعملون خبير,Tafsir text placeholder for verse 3:180
3:181,لقد سمع الله قول الذين قالوا ان الله فقير ونحن اغنياء ۘ سنكتب ما قالوا وقتلهم الانبياء بغير حق ونقول ذوقوا عذاب الحريق,Tafsir text placeholder for verse 3:181
3:182,ذٰلك بما قدمت ايديكم وان الله ليس بظلام للعبيد,Tafsir text placeholder for verse 3:182
3:183,الذين قالوا ان الله عهد الينا الا نؤمن لرسول حتىٰ ياتينا بقربان تاكله النار ۗ قل قد جاءكم رسل من قبلى بالبينـٰت وبالذى قلتم فلم قتلتموهم ان كنتم صـٰدقين,Tafsir text placeholder for verse 3:183
3:184,فان كذبوك فقد كذب رسل من قبلك جاءو بالبينـٰت والزبر والكتـٰب المنير,Tafsir text placeholder for verse 3:184
3:185,كل نفس ذائقة الموت ۗ وانما توفون اجوركم يوم القيـٰمة ۖ فمن زحزح عن النار وادخل الجنة فقد فاز ۗ وما الحيوٰة الدنيا الا متـٰع الغرور,Tafsir text placeholder for verse 3:185
3:186,لتبلون فى اموٰلكم وانفسكم ولتسمعن من الذين اوتوا الكتـٰب من قبلكم ومن الذين اشركوا اذى كثيرا ۚ وان تصبروا وتتقوا فان ذٰلك من عزم الامور,Tafsir text placeholder for verse 3:186
3:187,واذ اخذ الله ميثـٰق الذين اوتوا الكتـٰب لتبيننه للناس ولا تكتمونه فنبذوه وراء ظهورهم واشتروا به ثمنا قليلا ۖ فبئس ما يشترون,Tafsir text placeholder for verse 3:187
3:188,لا تحسبن الذين يفرحون بما اتوا ويحبون ان يحمدوا بما لم يفعلوا فلا تحسبنهم بمفازة من العذاب ۖ ولهم عذاب اليم,Tafsir text placeholder for verse 3:188
3:189,ولله ملك السمـٰوٰت والارض ۗ والله علىٰ كل شىء قدير,Tafsir text placeholder for verse 3:189
3:190,ان فى خلق السمـٰوٰت والارض واختلـٰف اليل والنهار لـٔايـٰت لاولى الالبـٰب,Tafsir text placeholder for verse 3:190
3:191,الذين يذكرون الله قيـٰما وقعودا وعلىٰ جنوبهم ويتفكرون فى خلق السمـٰوٰت والارض ربنا ما خلقت هـٰذا بـٰطلا سبحـٰنك فقنا عذاب النار,Tafsir text placeholder for verse 3:191
3:192,ربنا انك من تدخل النار فقد اخزيته ۖ وما للظـٰلمين من انصار,Tafsir text placeholder for verse 3:192
3:193,ربنا اننا سمعنا مناديا ينادى للايمـٰن ان ءامنوا بربكم فـٔامنا ۚ ربنا فاغفر لنا ذنوبنا وكفر عنا سيـٔاتنا وتوفنا مع الابرار,Tafsir text placeholder for verse 3:193
3:194,ربنا وءاتنا ما وعدتنا علىٰ رسلك ولا تخزنا يوم القيـٰمة ۗ انك لا تخلف الميعاد,Tafsir text placeholder for verse 3:194
3:195,فاستجاب لهم ربهم انى لا اضيع عمل عـٰمل منكم من ذكر او انثىٰ ۖ بعضكم من بعض ۖ فالذين هاجروا واخرجوا من ديـٰرهم واوذوا فى سبيلى وقـٰتلوا وقتلوا لاكفرن عنهم سيـٔاتهم ولادخلنهم جنـٰت تجرى من تحتها الانهـٰر ثوابا من عند الله ۗ والله عنده حسن الثواب,Tafsir text placeholder for verse 3:195
3:196,لا يغرنك تقلب الذين كفروا فى البلـٰد,Tafsir text placeholder for verse 3:196
3:197,متـٰع قليل ثم ماوىٰهم جهنم ۚ وبئس المهاد,Tafsir text placeholder for verse 3:197
3:198,لـٰكن الذين اتقوا ربهم لهم جنـٰت تجرى من تحتها الانهـٰر خـٰلدين فيها نزلا من عند الله ۗ وما عند الله خير للابرار,Tafsir text placeholder for verse 3:198
3:199,وان من اهل الكتـٰب لمن يؤمن بالله وما انزل اليكم وما انزل اليهم خـٰشعين لله لا يشترون بـٔايـٰت الله ثمنا قليلا ۗ اولـٰئك لهم اجرهم عند ربهم ۗ ان الله سريع الحساب,Tafsir text placeholder for verse 3:199
3:200,يـٰايها الذين ءامنوا اصبروا وصابروا ورابطوا واتقوا الله لعلكم تفلحون,Tafsir text placeholder for verse 3:200
4:1,يـٰايها الناس اتقوا ربكم الذى خلقكم من نفس وٰحدة وخلق منها زوجها وبث منهما رجالا كثيرا ونساء ۚ واتقوا الله الذى تساءلون به والارحام ۚ ان الله كان عليكم رقيبا,Tafsir text placeholder for verse 4:1
4:2,وءاتوا اليتـٰمىٰ اموٰلهم ۖ ولا تتبدلوا الخبيث بالطيب ۖ ولا تاكلوا اموٰلهم الىٰ اموٰلكم ۚ انه كان حوبا كبيرا,Tafsir text placeholder for verse 4:2
4:3,وان خفتم الا تقسطوا فى اليتـٰمىٰ فانكحوا ما طاب لكم من النساء مثنىٰ وثلـٰث وربـٰع ۖ فان خفتم الا تعدلوا فوٰحدة او ما ملكت ايمـٰنكم ۚ ذٰلك ادنىٰ الا تعولوا,Tafsir text placeholder for verse 4:3
4:4,وءاتوا النساء صدقـٰتهن نحلة ۚ فان طبن لكم عن شىء منه نفسا فكلوه هنيـٔا مريـٔا,Tafsir text placeholder for verse 4:4
4:5,ولا تؤتوا السفهاء اموٰلكم التى جعل الله لكم قيـٰما وارزقوهم فيها واكسوهم وقولوا لهم قولا معروفا,Tafsir text placeholder for verse 4:5
4:6,وابتلوا اليتـٰمىٰ حتىٰ اذا بلغوا النكاح فان ءانستم منهم رشدا فادفعوا اليهم اموٰلهم ۖ ولا تاكلوها اسرافا وبدارا ان يكبروا ۚ ومن كان غنيا فليستعفف ۖ ومن كان فقيرا فلياكل بالمعروف ۚ فاذا دفعتم اليهم اموٰلهم فاشهدوا عليهم ۚ وكفىٰ بالله حسيبا,Tafsir text placeholder for verse 4:6
4:7,للرجال نصيب مما ترك الوٰلدان والاقربون وللنساء نصيب مما ترك الوٰلدان والاقربون مما قل منه او كثر ۚ نصيبا مفروضا,Tafsir text placeholder for verse 4:7
4:8,واذا حضر القسمة اولوا القربىٰ واليتـٰمىٰ والمسـٰكين فارزقوهم منه وقولوا لهم قولا معروفا,Tafsir text placeholder for verse 4:8
4:9,وليخش الذين لو تركوا من خلفهم ذرية ضعـٰفا خافوا عليهم فليتقوا الله وليقولوا قولا سديدا,Tafsir text placeholder for verse 4:9
4:10,ان الذين ياكلون اموٰل اليتـٰمىٰ ظلما انما ياكلون فى بطونهم نارا ۖ وسيصلون سعيرا,Tafsir text placeholder for verse 4:10
4:11,يوصيكم الله فى اولـٰدكم ۖ للذكر مثل حظ الانثيين ۚ فان كن نساء فوق اثنتين فلهن ثلثا ما ترك ۖ وان كانت وٰحدة فلها النصف ۚ ولابويه لكل وٰحد منهما السدس مما ترك ان كان له ولد ۚ فان لم يكن له ولد وورثه ابواه فلامه الثلث ۚ فان كان له اخوة فلامه السدس ۚ من بعد وصية يوصى بها او دين ۗ ءاباؤكم وابناؤكم لا تدرون ايهم اقرب لكم نفعا ۚ فريضة من الله ۗ ان الله كان عليما حكيما,Tafsir text placeholder for verse 4:11
4:12,ولكم نصف ما ترك ازوٰجكم ان لم يكن لهن ولد ۚ فان كان لهن ولد فلكم الربع مما تركن ۚ من بعد وصية يوصين بها او دين ۚ ولهن الربع مما تركتم ان لم يكن لكم ولد ۚ فان كان لكم ولد فلهن الثمن مما تركتم ۚ من بعد وصية توصون بها او دين ۗ وان كان رجل يورث كلـٰلة او امراة وله اخ او اخت فلكل وٰحد منهما السدس ۚ فان كانوا اكثر من ذٰلك فهم شركاء فى الثلث ۚ من بعد وصية يوصىٰ بها او دين غير مضار ۚ وصية من الله ۗ والله عليم حليم,Tafsir text placeholder for verse 4:12
4:13,تلك حدود الله ۚ ومن يطع الله ورسوله يدخله جنـٰت تجرى من تحتها الانهـٰر خـٰلدين فيها ۚ وذٰلك الفوز العظيم,Tafsir text placeholder for verse 4:13
4:14,ومن يعص الله ورسوله ويتعد حدوده يدخله نارا خـٰلدا فيها وله عذاب مهين,Tafsir text placeholder for verse 4:14
4:15,والـٰتى ياتين الفـٰحشة من نسائكم فاستشهدوا عليهن اربعة منكم ۖ فان شهدوا فامسكوهن فى البيوت حتىٰ يتوفىٰهن الموت او يجعل الله لهن سبيلا,Tafsir text placeholder for verse 4:15
4:16,والذان ياتيـٰنها منكم فـٔاذوهما ۖ فان تابا واصلحا فاعرضوا عنهما ۗ ان الله كان توابا رحيما,Tafsir text placeholder for verse 4:16
4:17,انما التوبة على الله للذين يعملون السوء بجهـٰلة ثم يتوبون من قريب فاولـٰئك يتوب الله عليهم ۗ وكان الله عليما حكيما,Tafsir text placeholder for verse 4:17
4:18,وليست التوبة للذين يعملون السيـٔات حتىٰ اذا حضر احدهم الموت قال انى تبت الـٔـٰن ولا الذين يموتون وهم كفار ۚ اولـٰئك اعتدنا لهم عذابا اليما,Tafsir text placeholder for verse 4:18
4:19,يـٰايها الذين ءامنوا لا يحل لكم ان ترثوا النساء كرها ۖ ولا تعضلوهن لتذهبوا ببعض ما ءاتيتموهن الا ان ياتين بفـٰحشة مبينة ۚ وعاشروهن بالمعروف ۚ فان كرهتموهن فعسىٰ ان تكرهوا شيـٔا ويجعل الله فيه خيرا كثيرا,Tafsir text placeholder for verse 4:19
4:20,وان اردتم استبدال زوج مكان زوج وءاتيتم احدىٰهن قنطارا فلا تاخذوا منه شيـٔا ۚ اتاخذونه بهتـٰنا واثما مبينا,Tafsir text placeholder for verse 4:20
4:21,وكيف تاخذونه وقد افضىٰ بعضكم الىٰ بعض واخذن منكم ميثـٰقا غليظا,Tafsir text placeholder for verse 4:21
4:22,ولا تنكحوا ما نكح ءاباؤكم من النساء الا ما قد سلف ۚ انه كان فـٰحشة ومقتا وساء سبيلا,Tafsir text placeholder for verse 4:22
4:23,حرمت عليكم امهـٰتكم وبناتكم واخوٰتكم وعمـٰتكم وخـٰلـٰتكم وبنات الاخ وبنات الاخت وامهـٰتكم الـٰتى ارضعنكم واخوٰتكم من الرضـٰعة وامهـٰت نسائكم وربـٰئبكم الـٰتى فى حجوركم من نسائكم الـٰتى دخلتم بهن فان لم تكونوا دخلتم بهن فلا جناح عليكم وحلـٰئل ابنائكم الذين من اصلـٰبكم وان تجمعوا بين الاختين الا ما قد سلف ۗ ان الله كان غفورا رحيما,Tafsir text placeholder for verse 4:23
4:24,والمحصنـٰت من النساء الا ما ملكت ايمـٰنكم ۖ كتـٰب الله عليكم ۚ واحل لكم ما وراء ذٰلكم ان تبتغوا باموٰلكم محصنين غير مسـٰفحين ۚ فما استمتعتم به منهن فـٔاتوهن اجورهن فريضة ۚ ولا جناح عليكم فيما ترٰضيتم به من بعد الفريضة ۚ ان الله كان عليما حكيما,Tafsir text placeholder for verse 4:24
4:25,ومن لم يستطع منكم طولا ان ينكح المحصنـٰت المؤمنـٰت فمن ما ملكت ايمـٰنكم من فتيـٰتكم المؤمنـٰت ۚ والله اعلم بايمـٰنكم ۚ بعضكم من بعض ۚ فانكحوهن باذن اهلهن وءاتوهن اجورهن بالمعروف محصنـٰت غير مسـٰفحـٰت ولا متخذٰت اخدان ۚ فاذا احصن فان اتين بفـٰحشة فعليهن نصف ما على المحصنـٰت من العذاب ۚ ذٰلك لمن خشى العنت منكم ۚ وان تصبروا خير لكم ۗ والله غفور رحيم,Tafsir text placeholder for verse 4:25
4:26,يريد الله ليبين لكم ويهديكم سنن الذين من قبلكم ويتوب عليكم ۗ والله عليم حكيم,Tafsir text placeholder for verse 4:26
4:27,والله يريد ان يتوب عليكم ويريد الذين يتبعون الشهوٰت ان تميلوا ميلا عظيما,Tafsir text placeholder for verse 4:27
4:28,يريد الله ان يخفف عنكم ۚ وخلق الانسـٰن ضعيفا,Tafsir text placeholder for verse 4:28
4:29,يـٰايها الذين ءامنوا لا تاكلوا اموٰلكم بينكم بالبـٰطل الا ان تكون تجـٰرة عن تراض منكم ۚ ولا تقتلوا انفسكم ۚ ان الله كان بكم رحيما,Tafsir text placeholder for verse 4:29
4:30,ومن يفعل ذٰلك عدوٰنا وظلما فسوف نصليه نارا ۚ وكان ذٰلك على الله يسيرا,Tafsir text placeholder for verse 4:30
4:31,ان تجتنبوا كبائر ما تنهون عنه نكفر عنكم سيـٔاتكم وندخلكم مدخلا كريما,Tafsir text placeholder for verse 4:31
4:32,ولا تتمنوا ما فضل الله به بعضكم علىٰ بعض ۚ للرجال نصيب مما اكتسبوا ۖ وللنساء نصيب مما اكتسبن ۚ وسـٔلوا الله من فضله ۗ ان الله كان بكل شىء عليما,Tafsir text placeholder for verse 4:32
4:33,ولكل جعلنا موٰلى مما ترك الوٰلدان والاقربون ۚ والذين عقدت ايمـٰنكم فـٔاتوهم نصيبهم ۚ ان الله كان علىٰ كل شىء شهيدا,Tafsir text placeholder for verse 4:33
4:34,الرجال قوٰمون على النساء بما فضل الله بعضهم علىٰ بعض وبما انفقوا من اموٰلهم ۚ فالصـٰلحـٰت قـٰنتـٰت حـٰفظـٰت للغيب بما حفظ الله ۚ والـٰتى تخافون نشوزهن فعظوهن واهجروهن فى المضاجع واضربوهن ۖ فان اطعنكم فلا تبغوا عليهن سبيلا ۗ ان الله كان عليا كبيرا,Tafsir text placeholder for verse 4:34
4:35,وان خفتم شقاق بينهما فابعثوا حكما من اهله وحكما من اهلها ان يريدا اصلـٰحا يوفق الله بينهما ۗ ان الله كان عليما خبيرا,Tafsir text placeholder for verse 4:35
4:36,واعبدوا الله ولا تشركوا به شيـٔا ۖ وبالوٰلدين احسـٰنا وبذى القربىٰ واليتـٰمىٰ والمسـٰكين والجار ذى القربىٰ والجار الجنب والصاحب بالجنب وابن السبيل وما ملكت ايمـٰنكم ۗ ان الله لا يحب من كان مختالا فخورا,Tafsir text placeholder for verse 4:36
4:37,الذين يبخلون ويامرون الناس بالبخل ويكتمون ما ءاتىٰهم الله من فضله ۗ واعتدنا للكـٰفرين عذابا مهينا,Tafsir text placeholder for verse 4:37
4:38,والذين ينفقون اموٰلهم رئاء الناس ولا يؤمنون بالله ولا باليوم الـٔاخر ۗ ومن يكن الشيطـٰن له قرينا فساء قرينا,Tafsir text placeholder for verse 4:38
4:39,وماذا عليهم لو ءامنوا بالله واليوم الـٔاخر وانفقوا مما رزقهم الله ۚ وكان الله بهم عليما,Tafsir text placeholder for verse 4:39
4:40,ان الله لا يظلم مثقال ذرة ۖ وان تك حسنة يضـٰعفها ويؤت من لدنه اجرا عظيما,Tafsir text placeholder for verse 4:40
4:41,فكيف اذا جئنا من كل امة بشهيد وجئنا بك علىٰ هـٰؤلاء شهيدا,Tafsir text placeholder for verse 4:41
4:42,يومئذ يود الذين كفروا وعصوا الرسول لو تسوىٰ بهم الارض ولا يكتمون الله حديثا,Tafsir text placeholder for verse 4:42
4:43,يـٰايها الذين ءامنوا لا تقربوا الصلوٰة وانتم سكـٰرىٰ حتىٰ تعلموا ما تقولون ولا جنبا الا عابرى سبيل حتىٰ تغتسلوا ۚ وان كنتم مرضىٰ او علىٰ سفر او جاء احد منكم من الغائط او لـٰمستم النساء فلم تجدوا ماء فتيمموا صعيدا طيبا فامسحوا بوجوهكم وايديكم ۗ ان الله كان عفوا غفورا,Tafsir text placeholder for verse 4:43
4:44,الم تر الى الذين اوتوا نصيبا من الكتـٰب يشترون الضلـٰلة ويريدون ان تضلوا السبيل,Tafsir text placeholder for verse 4:44
4:45,والله اعلم باعدائكم ۚ وكفىٰ بالله وليا وكفىٰ بالله نصيرا,Tafsir text placeholder for verse 4:45
4:46,من الذين هادوا يحرفون الكلم عن مواضعه ويقولون سمعنا وعصينا واسمع غير مسمع ورٰعنا ليا بالسنتهم وطعنا فى الدين ۚ ولو انهم قالوا سمعنا واطعنا واسمع وانظرنا لكان خيرا لهم واقوم ولـٰكن لعنهم الله بكفرهم فلا يؤمنون الا قليلا,Tafsir text placeholder for verse 4:46
4:47,يـٰايها الذين اوتوا الكتـٰب ءامنوا بما نزلنا مصدقا لما معكم من قبل ان نطمس وجوها فنردها علىٰ ادبارها او نلعنهم كما لعنا اصحـٰب السبت ۚ وكان امر الله مفعولا,Tafsir text placeholder for verse 4:47
4:48,ان الله لا يغفر ان يشرك به ويغفر ما دون ذٰلك لمن يشاء ۚ ومن يشرك بالله فقد افترىٰ اثما عظيما,Tafsir text placeholder for verse 4:48
4:49,الم تر الى الذين يزكون انفسهم ۚ بل الله يزكى من يشاء ولا يظلمون فتيلا,Tafsir text placeholder for verse 4:49
4:50,انظر كيف يفترون على الله الكذب ۖ وكفىٰ به اثما مبينا,Tafsir text placeholder for verse 4:50
4:51,الم تر الى الذين اوتوا نصيبا من الكتـٰب يؤمنون بالجبت والطـٰغوت ويقولون للذين كفروا هـٰؤلاء اهدىٰ من الذين ءامنوا سبيلا,Tafsir text placeholder for verse 4:51
4:52,اولـٰئك الذين لعنهم الله ۖ ومن يلعن الله فلن تجد له نصيرا,Tafsir text placeholder for verse 4:52
4:53,ام لهم نصيب من الملك فاذا لا يؤتون الناس نقيرا,Tafsir text placeholder for verse 4:53
4:54,ام يحسدون الناس علىٰ ما ءاتىٰهم الله من فضله ۖ فقد ءاتينا ءال ابرٰهيم الكتـٰب والحكمة وءاتينـٰهم ملكا عظيما,Tafsir text placeholder for verse 4:54
4:55,فمنهم من ءامن به ومنهم من صد عنه ۚ وكفىٰ بجهنم سعيرا,Tafsir text placeholder for verse 4:55
4:56,ان الذين كفروا بـٔايـٰتنا سوف نصليهم نارا كلما نضجت جلودهم بدلنـٰهم جلودا غيرها ليذوقوا العذاب ۗ ان الله كان عزيزا حكيما,Tafsir text placeholder for verse 4:56
4:57,والذين ءامنوا وعملوا الصـٰلحـٰت سندخلهم جنـٰت تجرى من تحتها الانهـٰر خـٰلدين فيها ابدا ۖ لهم فيها ازوٰج مطهرة ۖ وندخلهم ظلا ظليلا,Tafsir text placeholder for verse 4:57
4:58,ان الله يامركم ان تؤدوا الامـٰنـٰت الىٰ اهلها واذا حكمتم بين الناس ان تحكموا بالعدل ۚ ان الله نعما يعظكم به ۗ ان الله كان سميعا بصيرا,Tafsir text placeholder for verse 4:58
4:59,يـٰايها الذين ءامنوا اطيعوا الله واطيعوا الرسول واولى الامر منكم ۖ فان تنـٰزعتم فى شىء فردوه الى الله والرسول ان كنتم تؤمنون بالله واليوم الـٔاخر ۚ ذٰلك خير واحسن تاويلا,Tafsir text placeholder for verse 4:59
4:60,الم تر الى الذين يزعمون انهم ءامنوا بما انزل اليك وما انزل من قبلك يريدون ان يتحاكموا الى الطـٰغوت وقد امروا ان يكفروا به ويريد الشيطـٰن ان يضلهم ضلـٰلا بعيدا,Tafsir text placeholder for verse 4:60
4:61,واذا قيل لهم تعالوا الىٰ ما انزل الله والى الرسول رايت المنـٰفقين يصدون عنك صدودا,Tafsir text placeholder for verse 4:61
4:62,فكيف اذا اصـٰبتهم مصيبة بما قدمت ايديهم ثم جاءوك يحلفون بالله ان اردنا الا احسـٰنا وتوفيقا,Tafsir text placeholder for verse 4:62
4:63,اولـٰئك الذين يعلم الله ما فى قلوبهم فاعرض عنهم وعظهم وقل لهم فى انفسهم قولا بليغا,Tafsir text placeholder for verse 4:63
4:64,وما ارسلنا من رسول الا ليطاع باذن الله ۚ ولو انهم اذ ظلموا انفسهم جاءوك فاستغفروا الله واستغفر لهم الرسول لوجدوا الله توابا رحيما,Tafsir text placeholder for verse 4:64
4:65,فلا وربك لا يؤمنون حتىٰ يحكموك فيما شجر بينهم ثم لا يجدوا فى انفسهم حرجا مما قضيت ويسلموا تسليما,Tafsir text placeholder for verse 4:65
4:66,ولو انا كتبنا عليهم ان اقتلوا انفسكم او اخرجوا من ديـٰركم ما فعلوه الا قليل منهم ۖ ولو انهم فعلوا ما يوعظون به لكان خيرا لهم واشد تثبيتا,Tafsir text placeholder for verse 4:66
4:67,واذا لـٔاتينـٰهم من لدنا اجرا عظيما,Tafsir text placeholder for verse 4:67
4:68,ولهدينـٰهم صرٰطا مستقيما,Tafsir text placeholder for verse 4:68
4:69,ومن يطع الله والرسول فاولـٰئك مع الذين انعم الله عليهم من النبيـۧن والصديقين والشهداء والصـٰلحين ۚ وحسن اولـٰئك رفيقا,Tafsir text placeholder for verse 4:69
4:70,ذٰلك الفضل من الله ۚ وكفىٰ بالله عليما,Tafsir text placeholder for verse 4:70
4:71,يـٰايها الذين ءامنوا خذوا حذركم فانفروا ثبات او انفروا جميعا,Tafsir text placeholder for verse 4:71
4:72,وان منكم لمن ليبطئن فان اصـٰبتكم مصيبة قال قد انعم الله على اذ لم اكن معهم شهيدا,Tafsir text placeholder for verse 4:72
4:73,ولئن اصـٰبكم فضل من الله ليقولن كان لم تكن بينكم وبينه مودة يـٰليتنى كنت معهم فافوز فوزا عظيما,Tafsir text placeholder for verse 4:73
4:74,فليقـٰتل فى سبيل الله الذين يشرون الحيوٰة الدنيا بالـٔاخرة ۚ ومن يقـٰتل فى سبيل الله فيقتل او يغلب فسوف نؤتيه اجرا عظيما,Tafsir text placeholder for verse 4:74
4:75,وما لكم لا تقـٰتلون فى سبيل الله والمستضعفين من الرجال والنساء والولدٰن الذين يقولون ربنا اخرجنا من هـٰذه القرية الظالم اهلها واجعل لنا من لدنك وليا واجعل لنا من لدنك نصيرا,Tafsir text placeholder for verse 4:75
4:76,الذين ءامنوا يقـٰتلون فى سبيل الله ۖ والذين كفروا يقـٰتلون فى سبيل الطـٰغوت فقـٰتلوا اولياء الشيطـٰن ۖ ان كيد الشيطـٰن كان ضعيفا,Tafsir text placeholder for verse 4:76
4:77,الم تر الى الذين قيل لهم كفوا ايديكم واقيموا الصلوٰة وءاتوا الزكوٰة فلما كتب عليهم القتال اذا فريق منهم يخشون الناس كخشية الله او اشد خشية ۚ وقالوا ربنا لم كتبت علينا القتال لولا اخرتنا الىٰ اجل قريب ۗ قل متـٰع الدنيا قليل والـٔاخرة خير لمن اتقىٰ ولا تظلمون فتيلا,Tafsir text placeholder for verse 4:77
4:78,اينما تكونوا يدرككم الموت ولو كنتم فى بروج مشيدة ۗ وان تصبهم حسنة يقولوا هـٰذه من عند الله ۖ وان تصبهم سيئة يقولوا هـٰذه من عندك ۚ قل كل من عند الله ۖ فمال هـٰؤلاء القوم لا يكادون يفقهون حديثا,Tafsir text placeholder for verse 4:78
4:79,ما اصابك من حسنة فمن الله ۖ وما اصابك من سيئة فمن نفسك ۚ وارسلنـٰك للناس رسولا ۚ وكفىٰ بالله شهيدا,Tafsir text placeholder for verse 4:79
4:80,من يطع الرسول فقد اطاع الله ۖ ومن تولىٰ فما ارسلنـٰك عليهم حفيظا,Tafsir text placeholder for verse 4:80
4:81,ويقولون طاعة فاذا برزوا من عندك بيت طائفة منهم غير الذى تقول ۖ والله يكتب ما يبيتون ۖ فاعرض عنهم وتوكل على الله ۚ وكفىٰ بالله وكيلا,Tafsir text placeholder for verse 4:81
4:82,افلا يتدبرون القرءان ۚ ولو كان من عند غير الله لوجدوا فيه اختلـٰفا كثيرا,Tafsir text placeholder for verse 4:82
4:83,واذا جاءهم امر من الامن او الخوف اذاعوا به ۖ ولو ردوه الى الرسول والىٰ اولى الامر منهم لعلمه الذين يستنبطونه منهم ۗ ولولا فضل الله عليكم ورحمته لاتبعتم الشيطـٰن الا قليلا,Tafsir text placeholder for verse 4:83
4:84,فقـٰتل فى سبيل الله لا تكلف الا نفسك ۚ وحرض المؤمنين ۖ عسى الله ان يكف باس الذين كفروا ۚ والله اشد باسا واشد تنكيلا,Tafsir text placeholder for verse 4:84
4:85,من يشفع شفـٰعة حسنة يكن له نصيب منها ۖ ومن يشفع شفـٰعة سيئة يكن له كفل منها ۗ وكان الله علىٰ كل شىء مقيتا,Tafsir text placeholder for verse 4:85
4:86,واذا حييتم بتحية فحيوا باحسن منها او ردوها ۗ ان الله كان علىٰ كل شىء حسيبا,Tafsir text placeholder for verse 4:86
4:87,الله لا الـٰه الا هو ۚ ليجمعنكم الىٰ يوم القيـٰمة لا ريب فيه ۗ ومن اصدق من الله حديثا,Tafsir text placeholder for verse 4:87
4:88,فما لكم فى المنـٰفقين فئتين والله اركسهم بما كسبوا ۚ اتريدون ان تهدوا من اضل الله ۖ ومن يضلل الله فلن تجد له سبيلا,Tafsir text placeholder for verse 4:88
4:89,ودوا لو تكفرون كما كفروا فتكونون سواء ۖ فلا تتخذوا منهم اولياء حتىٰ يهاجروا فى سبيل الله ۚ فان تولوا فخذوهم واقتلوهم حيث وجدتموهم ۖ ولا تتخذوا منهم وليا ولا نصيرا,Tafsir text placeholder for verse 4:89
4:90,الا الذين يصلون الىٰ قوم بينكم وبينهم ميثـٰق او جاءوكم حصرت صدورهم ان يقـٰتلوكم او يقـٰتلوا قومهم ۚ ولو شاء الله لسلطهم عليكم فلقـٰتلوكم ۚ فان اعتزلوكم فلم يقـٰتلوكم والقوا اليكم السلم فما جعل الله لكم عليهم سبيلا,Tafsir text placeholder for verse 4:90
4:91,ستجدون ءاخرين يريدون ان يامنوكم ويامنوا قومهم كل ما ردوا الى الفتنة اركسوا فيها ۚ فان لم يعتزلوكم ويلقوا اليكم السلم ويكفوا ايديهم فخذوهم واقتلوهم حيث ثقفتموهم ۚ واولـٰئكم جعلنا لكم عليهم سلطـٰنا مبينا,Tafsir text placeholder for verse 4:91
4:92,وما كان لمؤمن ان يقتل مؤمنا الا خطـٔا ۚ ومن قتل مؤمنا خطـٔا فتحرير رقبة مؤمنة ودية مسلمة الىٰ اهله الا ان يصدقوا ۚ فان كان من قوم عدو لكم وهو مؤمن فتحرير رقبة مؤمنة ۖ وان كان من قوم بينكم وبينهم ميثـٰق فدية مسلمة الىٰ اهله وتحرير رقبة مؤمنة ۖ فمن لم يجد فصيام شهرين متتابعين توبة من الله ۗ وكان الله عليما حكيما,Tafsir text placeholder for verse 4:92
4:93,ومن يقتل مؤمنا متعمدا فجزاؤه جهنم خـٰلدا فيها وغضب الله عليه ولعنه واعد له عذابا عظيما,Tafsir text placeholder for verse 4:93
4:94,يـٰايها الذين ءامنوا اذا ضربتم فى سبيل الله فتبينوا ولا تقولوا لمن القىٰ اليكم السلـٰم لست مؤمنا تبتغون عرض الحيوٰة الدنيا فعند الله مغانم كثيرة ۚ كذٰلك كنتم من قبل فمن الله عليكم فتبينوا ۚ ان الله كان بما تعملون خبيرا,Tafsir text placeholder for verse 4:94
4:95,لا يستوى القـٰعدون من المؤمنين غير اولى الضرر والمجـٰهدون فى سبيل الله باموٰلهم وانفسهم ۚ فضل الله المجـٰهدين باموٰلهم وانفسهم على القـٰعدين درجة ۚ وكلا وعد الله الحسنىٰ ۚ وفضل الله المجـٰهدين على القـٰعدين اجرا عظيما,Tafsir text placeholder for verse 4:95
4:96,درجـٰت منه ومغفرة ورحمة ۚ وكان الله غفورا رحيما,Tafsir text placeholder for verse 4:96
4:97,ان الذين توفىٰهم الملـٰئكة ظالمى انفسهم قالوا فيم كنتم ۖ قالوا كنا مستضعفين فى الارض ۚ قالوا الم تكن ارض الله وٰسعة فتهاجروا فيها ۚ فاولـٰئك ماوىٰهم جهنم ۖ وساءت مصيرا,Tafsir text placeholder for verse 4:97
4:98,الا المستضعفين من الرجال والنساء والولدٰن لا يستطيعون حيلة ولا يهتدون سبيلا,Tafsir text placeholder for verse 4:98
4:99,فاولـٰئك عسى الله ان يعفو عنهم ۚ وكان الله عفوا غفورا,Tafsir text placeholder for verse 4:99
4:100,ومن يهاجر فى سبيل الله يجد فى الارض مرٰغما كثيرا وسعة ۚ ومن يخرج من بيته مهاجرا الى الله ورسوله ثم يدركه الموت فقد وقع اجره على الله ۗ وكان الله غفورا رحيما,Tafsir text placeholder for verse 4:100
4:101,واذا ضربتم فى الارض فليس عليكم جناح ان تقصروا من الصلوٰة ان خفتم ان يفتنكم الذين كفروا ۚ ان الكـٰفرين كانوا لكم عدوا مبينا,Tafsir text placeholder for verse 4:101
4:102,واذا كنت فيهم فاقمت لهم الصلوٰة فلتقم طائفة منهم معك ولياخذوا اسلحتهم فاذا سجدوا فليكونوا من ورائكم ولتات طائفة اخرىٰ لم يصلوا فليصلوا معك ولياخذوا حذرهم واسلحتهم ۗ ود الذين كفروا لو تغفلون عن اسلحتكم وامتعتكم فيميلون عليكم ميلة وٰحدة ۚ ولا جناح عليكم ان كان بكم اذى من مطر او كنتم مرضىٰ ان تضعوا اسلحتكم ۖ وخذوا حذركم ۗ ان الله اعد للكـٰفرين عذابا مهينا,Tafsir text placeholder for verse 4:102
4:103,فاذا قضيتم الصلوٰة فاذكروا الله قيـٰما وقعودا وعلىٰ جنوبكم ۚ فاذا اطماننتم فاقيموا الصلوٰة ۚ ان الصلوٰة كانت على المؤمنين كتـٰبا موقوتا,Tafsir text placeholder for verse 4:103
4:104,ولا تهنوا فى ابتغاء القوم ۖ ان تكونوا تالمون فانهم يالمون كما تالمون ۖ وترجون من الله ما لا يرجون ۗ وكان الله عليما حكيما,Tafsir text placeholder for verse 4:104
4:105,انا انزلنا اليك الكتـٰب بالحق لتحكم بين الناس بما ارىٰك الله ۚ ولا تكن للخائنين خصيما,Tafsir text placeholder for verse 4:105
4:106,واستغفر الله ۖ ان الله كان غفورا رحيما,Tafsir text placeholder for verse 4:106
4:107,ولا تجـٰدل عن الذين يختانون انفسهم ۚ ان الله لا يحب من كان خوانا اثيما,Tafsir text placeholder for verse 4:107
4:108,يستخفون من الناس ولا يستخفون من الله وهو معهم اذ يبيتون ما لا يرضىٰ من القول ۚ وكان الله بما يعملون محيطا,Tafsir text placeholder for verse 4:108
4:109,هـٰانتم هـٰؤلاء جـٰدلتم عنهم فى الحيوٰة الدنيا فمن يجـٰدل الله عنهم يوم القيـٰمة ام من يكون عليهم وكيلا,Tafsir text placeholder for verse 4:109
4:110,ومن يعمل سوءا او يظلم نفسه ثم يستغفر الله يجد الله غفورا رحيما,Tafsir text placeholder for verse 4:110
4:111,ومن يكسب اثما فانما يكسبه علىٰ نفسه ۚ وكان الله عليما حكيما,Tafsir text placeholder for verse 4:111
4:112,ومن يكسب خطيـٔة او اثما ثم يرم به بريـٔا فقد احتمل بهتـٰنا واثما مبينا,Tafsir text placeholder for verse 4:112
4:113,ولولا فضل الله عليك ورحمته لهمت طائفة منهم ان يضلوك وما يضلون الا انفسهم ۖ وما يضرونك من شىء ۚ وانزل الله عليك الكتـٰب والحكمة وعلمك ما لم تكن تعلم ۚ وكان فضل الله عليك عظيما,Tafsir text placeholder for verse 4:113
4:114,لا خير فى كثير من نجوىٰهم الا من امر بصدقة او معروف او اصلـٰح بين الناس ۚ ومن يفعل ذٰلك ابتغاء مرضات الله فسوف نؤتيه اجرا عظيما,Tafsir text placeholder for verse 4:114
4:115,ومن يشاقق الرسول من بعد ما تبين له الهدىٰ ويتبع غير سبيل المؤمنين نوله ما تولىٰ ونصله جهنم ۖ وساءت مصيرا,Tafsir text placeholder for verse 4:115
4:116,ان الله لا يغفر ان يشرك به ويغفر ما دون ذٰلك لمن يشاء ۚ ومن يشرك بالله فقد ضل ضلـٰلا بعيدا,Tafsir text placeholder for verse 4:116
4:117,ان يدعون من دونه الا انـٰثا وان يدعون الا شيطـٰنا مريدا,Tafsir text placeholder for verse 4:117
4:118,لعنه الله ۘ وقال لاتخذن من عبادك نصيبا مفروضا,Tafsir text placeholder for verse 4:118
4:119,ولاضلنهم ولامنينهم ولـٔامرنهم فليبتكن ءاذان الانعـٰم ولـٔامرنهم فليغيرن خلق الله ۚ ومن يتخذ الشيطـٰن وليا من دون الله فقد خسر خسرانا مبينا,Tafsir text placeholder for verse 4:119
4:120,يعدهم ويمنيهم ۖ وما يعدهم الشيطـٰن الا غرورا,Tafsir text placeholder for verse 4:120
4:121,اولـٰئك ماوىٰهم جهنم ولا يجدون عنها محيصا,Tafsir text placeholder for verse 4:121
4:122,والذين ءامنوا وعملوا الصـٰلحـٰت سندخلهم جنـٰت تجرى من تحتها الانهـٰر خـٰلدين فيها ابدا ۖ وعد الله حقا ۚ ومن اصدق من الله قيلا,Tafsir text placeholder for verse 4:122
4:123,ليس بامانيكم ولا امانى اهل الكتـٰب ۗ من يعمل سوءا يجز به ولا يجد له من دون الله وليا ولا نصيرا,Tafsir text placeholder for verse 4:123
4:124,ومن يعمل من الصـٰلحـٰت من ذكر او انثىٰ وهو مؤمن فاولـٰئك يدخلون الجنة ولا يظلمون نقيرا,Tafsir text placeholder for verse 4:124
4:125,ومن احسن دينا ممن اسلم وجهه لله وهو محسن واتبع ملة ابرٰهيم حنيفا ۗ واتخذ الله ابرٰهيم خليلا,Tafsir text placeholder for verse 4:125
4:126,ولله ما فى السمـٰوٰت وما فى الارض ۚ وكان الله بكل شىء محيطا,Tafsir text placeholder for verse 4:126
4:127,ويستفتونك فى النساء ۖ قل الله يفتيكم فيهن وما يتلىٰ عليكم فى الكتـٰب فى يتـٰمى النساء الـٰتى لا تؤتونهن ما كتب لهن وترغبون ان تنكحوهن والمستضعفين من الولدٰن وان تقوموا لليتـٰمىٰ بالقسط ۚ وما تفعلوا من خير فان الله كان به عليما,Tafsir text placeholder for verse 4:127
4:128,وان امراة خافت من بعلها نشوزا او اعراضا فلا جناح عليهما ان يصلحا بينهما صلحا ۚ والصلح خير ۗ واحضرت الانفس الشح ۚ وان تحسنوا وتتقوا فان الله كان بما تعملون خبيرا,Tafsir text placeholder for verse 4:128
4:129,ولن تستطيعوا ان تعدلوا بين النساء ولو حرصتم ۖ فلا تميلوا كل الميل فتذروها كالمعلقة ۚ وان تصلحوا وتتقوا فان الله كان غفورا رحيما,Tafsir text placeholder for verse 4:129
4:130,وان يتفرقا يغن الله كلا من سعته ۚ وكان الله وٰسعا حكيما,Tafsir text placeholder for verse 4:130
4:131,ولله ما فى السمـٰوٰت وما فى الارض ۗ ولقد وصينا الذين اوتوا الكتـٰب من قبلكم واياكم ان اتقوا الله ۚ وان تكفروا فان لله ما فى السمـٰوٰت وما فى الارض ۚ وكان الله غنيا حميدا,Tafsir text placeholder for verse 4:131
4:132,ولله ما فى السمـٰوٰت وما فى الارض ۚ وكفىٰ بالله وكيلا,Tafsir text placeholder for verse 4:132
4:133,ان يشا يذهبكم ايها الناس ويات بـٔاخرين ۚ وكان الله علىٰ ذٰلك قديرا,Tafsir text placeholder for verse 4:133
4:134,من كان يريد ثواب الدنيا فعند الله ثواب الدنيا والـٔاخرة ۚ وكان الله سميعا بصيرا,Tafsir text placeholder for verse 4:134
4:135,يـٰايها الذين ءامنوا كونوا قوٰمين بالقسط شهداء لله ولو علىٰ انفسكم او الوٰلدين والاقربين ۚ ان يكن غنيا او فقيرا فالله اولىٰ بهما ۖ فلا تتبعوا الهوىٰ ان تعدلوا ۚ وان تلوۥا او تعرضوا فان الله كان بما تعملون خبيرا,Tafsir text placeholder for verse 4:135
4:136,يـٰايها الذين ءامنوا ءامنوا بالله ورسوله والكتـٰب الذى نزل علىٰ رسوله والكتـٰب الذى انزل من قبل ۚ ومن يكفر بالله وملـٰئكته وكتبه ورسله واليوم الـٔاخر فقد ضل ضلـٰلا بعيدا,Tafsir text placeholder for verse 4:136
4:137,ان الذين ءامنوا ثم كفروا ثم ءامنوا ثم كفروا ثم ازدادوا كفرا لم يكن الله ليغفر لهم ولا ليهديهم سبيلا,Tafsir text placeholder for verse 4:137
4:138,بشر المنـٰفقين بان لهم عذابا اليما,Tafsir text placeholder for verse 4:138
4:139,الذين يتخذون الكـٰفرين اولياء من دون المؤمنين ۚ ايبتغون عندهم العزة فان العزة لله جميعا,Tafsir text placeholder for verse 4:139
4:140,وقد نزل عليكم فى الكتـٰب ان اذا سمعتم ءايـٰت الله يكفر بها ويستهزا بها فلا تقعدوا معهم حتىٰ يخوضوا فى حديث غيره ۚ انكم اذا مثلهم ۗ ان الله جامع المنـٰفقين والكـٰفرين فى جهنم جميعا,Tafsir text placeholder for verse 4:140
4:141,الذين يتربصون بكم فان كان لكم فتح من الله قالوا الم نكن معكم وان كان للكـٰفرين نصيب قالوا الم نستحوذ عليكم ونمنعكم من المؤمنين ۚ فالله يحكم بينكم يوم القيـٰمة ۗ ولن يجعل الله للكـٰفرين على المؤمنين سبيلا,Tafsir text placeholder for verse 4:141
4:142,ان المنـٰفقين يخـٰدعون الله وهو خـٰدعهم واذا قاموا الى الصلوٰة قاموا كسالىٰ يراءون الناس ولا يذكرون الله الا قليلا,Tafsir text placeholder for verse 4:142
4:143,مذبذبين بين ذٰلك لا الىٰ هـٰؤلاء ولا الىٰ هـٰؤلاء ۚ ومن يضلل الله فلن تجد له سبيلا,Tafsir text placeholder for verse 4:143
4:144,يـٰايها الذين ءامنوا لا تتخذوا الكـٰفرين اولياء من دون المؤمنين ۚ اتريدون ان تجعلوا لله عليكم سلطـٰنا مبينا,Tafsir text placeholder for verse 4:144
4:145,ان المنـٰفقين فى الدرك الاسفل من النار ولن تجد لهم نصيرا,Tafsir text placeholder for verse 4:145
4:146,الا الذين تابوا واصلحوا واعتصموا بالله واخلصوا دينهم لله فاولـٰئك مع المؤمنين ۖ وسوف يؤت الله المؤمنين اجرا عظيما,Tafsir text placeholder for verse 4:146
4:147,ما يفعل الله بعذابكم ان شكرتم وءامنتم ۚ وكان الله شاكرا عليما,Tafsir text placeholder for verse 4:147
4:148,لا يحب الله الجهر بالسوء من القول الا من ظلم ۚ وكان الله سميعا عليما,Tafsir text placeholder for verse 4:148
4:149,ان تبدوا خيرا او تخفوه او تعفوا عن سوء فان الله كان عفوا قديرا,Tafsir text placeholder for verse 4:149
4:150,ان الذين يكفرون بالله ورسله ويريدون ان يفرقوا بين الله ورسله ويقولون نؤمن ببعض ونكفر ببعض ويريدون ان يتخذوا بين ذٰلك سبيلا,Tafsir text placeholder for verse 4:150
4:151,اولـٰئك هم الكـٰفرون حقا ۚ واعتدنا للكـٰفرين عذابا مهينا,Tafsir text placeholder for verse 4:151
4:152,والذين ءامنوا بالله ورسله ولم يفرقوا بين احد منهم اولـٰئك سوف يؤتيهم اجورهم ۗ وكان الله غفورا رحيما,Tafsir text placeholder for verse 4:152
4:153,يسـٔلك اهل الكتـٰب ان تنزل عليهم كتـٰبا من السماء ۚ فقد سالوا موسىٰ اكبر من ذٰلك فقالوا ارنا الله جهرة فاخذتهم الصـٰعقة بظلمهم ۚ ثم اتخذوا العجل من بعد ما جاءتهم البينـٰت فعفونا عن ذٰلك ۚ وءاتينا موسىٰ سلطـٰنا مبينا,Tafsir text placeholder for verse 4:153
4:154,ورفعنا فوقهم الطور بميثـٰقهم وقلنا لهم ادخلوا الباب سجدا وقلنا لهم لا تعدوا فى السبت واخذنا منهم ميثـٰقا غليظا,Tafsir text placeholder for verse 4:154
4:155,فبما نقضهم ميثـٰقهم وكفرهم بـٔايـٰت الله وقتلهم الانبياء بغير حق وقولهم قلوبنا غلف ۚ بل طبع الله عليها بكفرهم فلا يؤمنون الا قليلا,Tafsir text placeholder for verse 4:155
4:156,وبكفرهم وقولهم علىٰ مريم بهتـٰنا عظيما,Tafsir text placeholder for verse 4:156
4:157,وقولهم انا قتلنا المسيح عيسى ابن مريم رسول الله وما قتلوه وما صلبوه ولـٰكن شبه لهم ۚ وان الذين اختلفوا فيه لفى شك منه ۚ ما لهم به من علم الا اتباع الظن ۚ وما قتلوه يقينا,Tafsir text placeholder for verse 4:157
4:158,بل رفعه الله اليه ۚ وكان الله عزيزا حكيما,Tafsir text placeholder for verse 4:158
4:159,وان من اهل الكتـٰب الا ليؤمنن به قبل موته ۖ ويوم القيـٰمة يكون عليهم شهيدا,Tafsir text placeholder for verse 4:159
4:160,فبظلم من الذين هادوا حرمنا عليهم طيبـٰت احلت لهم وبصدهم عن سبيل الله كثيرا,Tafsir text placeholder for verse 4:160
4:161,واخذهم الربوٰا۟ وقد نهوا عنه واكلهم اموٰل الناس بالبـٰطل ۚ واعتدنا للكـٰفرين منهم عذابا اليما,Tafsir text placeholder for verse 4:161
4:162,لـٰكن الرٰسخون فى العلم منهم والمؤمنون يؤمنون بما انزل اليك وما انزل من قبلك ۚ والمقيمين الصلوٰة ۚ والمؤتون الزكوٰة والمؤمنون بالله واليوم الـٔاخر اولـٰئك سنؤتيهم اجرا عظيما,Tafsir text placeholder for verse 4:162
4:163,انا اوحينا اليك كما اوحينا الىٰ نوح والنبيـۧن من بعده ۚ واوحينا الىٰ ابرٰهيم واسمـٰعيل واسحـٰق ويعقوب والاسباط وعيسىٰ وايوب ويونس وهـٰرون وسليمـٰن ۚ وءاتينا داوۥد زبورا,Tafsir text placeholder for verse 4:163
4:164,ورسلا قد قصصنـٰهم عليك من قبل ورسلا لم نقصصهم عليك ۚ وكلم الله موسىٰ تكليما,Tafsir text placeholder for verse 4:164
4:165,رسلا مبشرين ومنذرين لئلا يكون للناس على الله حجة بعد الرسل ۚ وكان الله عزيزا حكيما,Tafsir text placeholder for verse 4:165
4:166,لـٰكن الله يشهد بما انزل اليك ۖ انزله بعلمه ۖ والملـٰئكة يشهدون ۚ وكفىٰ بالله شهيدا,Tafsir text placeholder for verse 4:166
4:167,ان الذين كفروا وصدوا عن سبيل الله قد ضلوا ضلـٰلا بعيدا,Tafsir text placeholder for verse 4:167
4:168,ان الذين كفروا وظلموا لم يكن الله ليغفر لهم ولا ليهديهم طريقا,Tafsir text placeholder for verse 4:168
4:169,الا طريق جهنم خـٰلدين فيها ابدا ۚ وكان ذٰلك على الله يسيرا,Tafsir text placeholder for verse 4:169
4:170,يـٰايها الناس قد جاءكم الرسول بالحق من ربكم فـٔامنوا خيرا لكم ۚ وان تكفروا فان لله ما فى السمـٰوٰت والارض ۚ وكان الله عليما حكيما,Tafsir text placeholder for verse 4:170
4:171,يـٰاهل الكتـٰب لا تغلوا فى دينكم ولا تقولوا على الله الا الحق ۚ انما المسيح عيسى ابن مريم رسول الله وكلمته القىٰها الىٰ مريم وروح منه ۖ فـٔامنوا بالله ورسله ۖ ولا تقولوا ثلـٰثة ۚ انتهوا خيرا لكم ۚ انما الله الـٰه وٰحد ۖ سبحـٰنه ان يكون له ولد ۘ له ما فى السمـٰوٰت وما فى الارض ۗ وكفىٰ بالله وكيلا,Tafsir text placeholder for verse 4:171
4:172,لن يستنكف المسيح ان يكون عبدا لله ولا الملـٰئكة المقربون ۚ ومن يستنكف عن عبادته ويستكبر فسيحشرهم اليه جميعا,Tafsir text placeholder for verse 4:172
4:173,فاما الذين ءامنوا وعملوا الصـٰلحـٰت فيوفيهم اجورهم ويزيدهم من فضله ۖ واما الذين استنكفوا واستكبروا فيعذبهم عذابا اليما ولا يجدون لهم من دون الله وليا ولا نصيرا,Tafsir text placeholder for verse 4:173
4:174,يـٰايها الناس قد جاءكم برهـٰن من ربكم وانزلنا اليكم نورا مبينا,Tafsir text placeholder for verse 4:174
4:175,فاما الذين ءامنوا بالله واعتصموا به فسيدخلهم فى رحمة منه وفضل ويهديهم اليه صرٰطا مستقيما,Tafsir text placeholder for verse 4:175
4:176,يستفتونك قل الله يفتيكم فى الكلـٰلة ۚ ان امرؤا۟ هلك ليس له ولد وله اخت فلها نصف ما ترك ۚ وهو يرثها ان لم يكن لها ولد ۚ فان كانتا اثنتين فلهما الثلثان مما ترك ۚ وان كانوا اخوة رجالا ونساء فللذكر مثل حظ الانثيين ۗ يبين الله لكم ان تضلوا ۗ والله بكل شىء عليم,Tafsir text placeholder for verse 4:176
5:1,يـٰايها الذين ءامنوا اوفوا بالعقود ۚ احلت لكم بهيمة الانعـٰم الا ما يتلىٰ عليكم غير محلى الصيد وانتم حرم ۗ ان الله يحكم ما يريد,Tafsir text placeholder for verse 5:1
5:2,يـٰايها الذين ءامنوا لا تحلوا شعـٰئر الله ولا الشهر الحرام ولا الهدى ولا القلـٰئد ولا ءامين البيت الحرام يبتغون فضلا من ربهم ورضوٰنا ۚ واذا حللتم فاصطادوا ۚ ولا يجرمنكم شنـٔان قوم ان صدوكم عن المسجد الحرام ان تعتدوا ۘ وتعاونوا على البر والتقوىٰ ۖ ولا تعاونوا على الاثم والعدوٰن ۚ واتقوا الله ۖ ان الله شديد العقاب,Tafsir text placeholder for verse 5:2
5:3,حرمت عليكم الميتة والدم ولحم الخنزير وما اهل لغير الله به والمنخنقة والموقوذة والمتردية والنطيحة وما اكل السبع الا ما ذكيتم وما ذبح على النصب وان تستقسموا بالازلـٰم ۚ ذٰلكم فسق ۗ اليوم يئس الذين كفروا من دينكم فلا تخشوهم واخشون ۚ اليوم اكملت لكم دينكم واتممت عليكم نعمتى ورضيت لكم الاسلـٰم دينا ۚ فمن اضطر فى مخمصة غير متجانف لاثم ۙ فان الله غفور رحيم,Tafsir text placeholder for verse 5:3
5:4,يسـٔلونك ماذا احل لهم ۖ قل احل لكم الطيبـٰت ۙ وما علمتم من الجوارح مكلبين تعلمونهن مما علمكم الله ۖ فكلوا مما امسكن عليكم واذكروا اسم الله عليه ۖ واتقوا الله ۚ ان الله سريع الحساب,Tafsir text placeholder for verse 5:4
5:5,اليوم احل لكم الطيبـٰت ۖ وطعام الذين اوتوا الكتـٰب حل لكم وطعامكم حل لهم ۖ والمحصنـٰت من المؤمنـٰت والمحصنـٰت من الذين اوتوا الكتـٰب من قبلكم اذا ءاتيتموهن اجورهن محصنين غير مسـٰفحين ولا متخذى اخدان ۗ ومن يكفر بالايمـٰن فقد حبط عمله وهو فى الـٔاخرة من الخـٰسرين,Tafsir text placeholder for verse 5:5
5:6,يـٰايها الذين ءامنوا اذا قمتم الى الصلوٰة فاغسلوا وجوهكم وايديكم الى المرافق وامسحوا برءوسكم وارجلكم الى الكعبين ۚ وان كنتم جنبا فاطهروا ۚ وان كنتم مرضىٰ او علىٰ سفر او جاء احد منكم من الغائط او لـٰمستم النساء فلم تجدوا ماء فتيمموا صعيدا طيبا فامسحوا بوجوهكم وايديكم منه ۚ ما يريد الله ليجعل عليكم من حرج ولـٰكن يريد ليطهركم وليتم نعمته عليكم لعلكم تشكرون,Tafsir text placeholder for verse 5:6
5:7,واذكروا نعمة الله عليكم وميثـٰقه الذى واثقكم به اذ قلتم سمعنا واطعنا ۖ واتقوا الله ۚ ان الله عليم بذات الصدور,Tafsir text placeholder for verse 5:7
5:8,يـٰايها الذين ءامنوا كونوا قوٰمين لله شهداء بالقسط ۖ ولا يجرمنكم شنـٔان قوم علىٰ الا تعدلوا ۚ اعدلوا هو اقرب للتقوىٰ ۖ واتقوا الله ۚ ان الله خبير بما تعملون,Tafsir text placeholder for verse 5:8
5:9,وعد الله الذين ءامنوا وعملوا الصـٰلحـٰت ۙ لهم مغفرة واجر عظيم,Tafsir text placeholder for verse 5:9
5:10,والذين كفروا وكذبوا بـٔايـٰتنا اولـٰئك اصحـٰب الجحيم,Tafsir text placeholder for verse 5:10
5:11,يـٰايها الذين ءامنوا اذكروا نعمت الله عليكم اذ هم قوم ان يبسطوا اليكم ايديهم فكف ايديهم عنكم ۖ واتقوا الله ۚ وعلى الله فليتوكل المؤمنون,Tafsir text placeholder for verse 5:11
5:12,ولقد اخذ الله ميثـٰق بنى اسرٰءيل وبعثنا منهم اثنى عشر نقيبا ۖ وقال الله انى معكم ۖ لئن اقمتم الصلوٰة وءاتيتم الزكوٰة وءامنتم برسلى وعزرتموهم واقرضتم الله قرضا حسنا لاكفرن عنكم سيـٔاتكم ولادخلنكم جنـٰت تجرى من تحتها الانهـٰر ۚ فمن كفر بعد ذٰلك منكم فقد ضل سواء السبيل,Tafsir text placeholder for verse 5:12
5:13,فبما نقضهم ميثـٰقهم لعنـٰهم وجعلنا قلوبهم قـٰسية ۖ يحرفون الكلم عن مواضعه ۙ ونسوا حظا مما ذكروا به ۚ ولا تزال تطلع علىٰ خائنة منهم الا قليلا منهم ۖ فاعف عنهم واصفح ۚ ان الله يحب المحسنين,Tafsir text placeholder for verse 5:13
5:14,ومن الذين قالوا انا نصـٰرىٰ اخذنا ميثـٰقهم فنسوا حظا مما ذكروا به فاغرينا بينهم العداوة والبغضاء الىٰ يوم القيـٰمة ۚ وسوف ينبئهم الله بما كانوا يصنعون,Tafsir text placeholder for verse 5:14
5:15,يـٰاهل الكتـٰب قد جاءكم رسولنا يبين لكم كثيرا مما كنتم تخفون من الكتـٰب ويعفوا عن كثير ۚ قد جاءكم من الله نور وكتـٰب مبين,Tafsir text placeholder for verse 5:15
5:16,يهدى به الله من اتبع رضوٰنه سبل السلـٰم ويخرجهم من الظلمـٰت الى النور باذنه ويهديهم الىٰ صرٰط مستقيم,Tafsir text placeholder for verse 5:16
5:17,لقد كفر الذين قالوا ان الله هو المسيح ابن مريم ۚ قل فمن يملك من الله شيـٔا ان اراد ان يهلك المسيح ابن مريم وامه ومن فى الارض جميعا ۗ ولله ملك السمـٰوٰت والارض وما بينهما ۚ يخلق ما يشاء ۚ والله علىٰ كل شىء قدير,Tafsir text placeholder for verse 5:17
5:18,وقالت اليهود والنصـٰرىٰ نحن ابنـٰؤا۟ الله واحبـٰؤه ۚ قل فلم يعذبكم بذنوبكم ۖ بل انتم بشر ممن خلق ۚ يغفر لمن يشاء ويعذب من يشاء ۚ ولله ملك السمـٰوٰت والارض وما بينهما ۖ واليه المصير,Tafsir text placeholder for verse 5:18
5:19,يـٰاهل الكتـٰب قد جاءكم رسولنا يبين لكم علىٰ فترة من الرسل ان تقولوا ما جاءنا من بشير ولا نذير ۖ فقد جاءكم بشير ونذير ۗ والله علىٰ كل شىء قدير,Tafsir text placeholder for verse 5:19
5:20,واذ قال موسىٰ لقومه يـٰقوم اذكروا نعمة الله عليكم اذ جعل فيكم انبياء وجعلكم ملوكا وءاتىٰكم ما لم يؤت احدا من العـٰلمين,Tafsir text placeholder for verse 5:20
5:21,يـٰقوم ادخلوا الارض المقدسة التى كتب الله لكم ولا ترتدوا علىٰ ادباركم فتنقلبوا خـٰسرين,Tafsir text placeholder for verse 5:21
5:22,قالوا يـٰموسىٰ ان فيها قوما جبارين وانا لن ندخلها حتىٰ يخرجوا منها فان يخرجوا منها فانا دٰخلون,Tafsir text placeholder for verse 5:22
5:23,قال رجلان من الذين يخافون انعم الله عليهما ادخلوا عليهم الباب فاذا دخلتموه فانكم غـٰلبون ۚ وعلى الله فتوكلوا ان كنتم مؤمنين,Tafsir text placeholder for verse 5:23
5:24,قالوا يـٰموسىٰ انا لن ندخلها ابدا ما داموا فيها ۖ فاذهب انت وربك فقـٰتلا انا هـٰهنا قـٰعدون,Tafsir text placeholder for verse 5:24
5:25,قال رب انى لا املك الا نفسى واخى ۖ فافرق بيننا وبين القوم الفـٰسقين,Tafsir text placeholder for verse 5:25
5:26,قال فانها محرمة عليهم ۛ اربعين سنة ۛ يتيهون فى الارض ۚ فلا تاس على القوم الفـٰسقين,Tafsir text placeholder for verse 5:26
5:27,واتل عليهم نبا ابنى ءادم بالحق اذ قربا قربانا فتقبل من احدهما ولم يتقبل من الـٔاخر قال لاقتلنك ۖ قال انما يتقبل الله من المتقين,Tafsir text placeholder for verse 5:27
5:28,لئن بسطت الى يدك لتقتلنى ما انا۠ بباسط يدى اليك لاقتلك ۖ انى اخاف الله رب العـٰلمين,Tafsir text placeholder for verse 5:28
5:29,انى اريد ان تبوا باثمى واثمك فتكون من اصحـٰب النار ۚ وذٰلك جزٰؤا۟ الظـٰلمين,Tafsir text placeholder for verse 5:29
5:30,فطوعت له نفسه قتل اخيه فقتله فاصبح من الخـٰسرين,Tafsir text placeholder for verse 5:30
5:31,فبعث الله غرابا يبحث فى الارض ليريه كيف يوٰرى سوءة اخيه ۚ قال يـٰويلتىٰ اعجزت ان اكون مثل هـٰذا الغراب فاوٰرى سوءة اخى ۖ فاصبح من النـٰدمين,Tafsir text placeholder for verse 5:31
5:32,من اجل ذٰلك كتبنا علىٰ بنى اسرٰءيل انه من قتل نفسا بغير نفس او فساد فى الارض فكانما قتل الناس جميعا ومن احياها فكانما احيا الناس جميعا ۚ ولقد جاءتهم رسلنا بالبينـٰت ثم ان كثيرا منهم بعد ذٰلك فى الارض لمسرفون,Tafsir text placeholder for verse 5:32
5:33,انما جزٰؤا۟ الذين يحاربون الله ورسوله ويسعون فى الارض فسادا ان يقتلوا او يصلبوا او تقطع ايديهم وارجلهم من خلـٰف او ينفوا من الارض ۚ ذٰلك لهم خزى فى الدنيا ۖ ولهم فى الـٔاخرة عذاب عظيم,Tafsir text placeholder for verse 5:33
5:34,الا الذين تابوا من قبل ان تقدروا عليهم ۖ فاعلموا ان الله غفور رحيم,Tafsir text placeholder for verse 5:34
5:35,يـٰايها الذين ءامنوا اتقوا الله وابتغوا اليه الوسيلة وجـٰهدوا فى سبيله لعلكم تفلحون,Tafsir text placeholder for verse 5:35
5:36,ان الذين كفروا لو ان لهم ما فى الارض جميعا ومثله معه ليفتدوا به من عذاب يوم القيـٰمة ما تقبل منهم ۖ ولهم عذاب اليم,Tafsir text placeholder for verse 5:36
5:37,يريدون ان يخرجوا من النار وما هم بخـٰرجين منها ۖ ولهم عذاب مقيم,Tafsir text placeholder for verse 5:37
5:38,والسارق والسارقة فاقطعوا ايديهما جزاء بما كسبا نكـٰلا من الله ۗ والله عزيز حكيم,Tafsir text placeholder for verse 5:38
5:39,فمن تاب من بعد ظلمه واصلح فان الله يتوب عليه ۗ ان الله غفور رحيم,Tafsir text placeholder for verse 5:39
5:40,الم تعلم ان الله له ملك السمـٰوٰت والارض يعذب من يشاء ويغفر لمن يشاء ۗ والله علىٰ كل شىء قدير,Tafsir text placeholder for verse 5:40
5:41,يـٰايها الرسول لا يحزنك الذين يسـٰرعون فى الكفر من الذين قالوا ءامنا بافوٰههم ولم تؤمن قلوبهم ۛ ومن الذين هادوا ۛ سمـٰعون للكذب سمـٰعون لقوم ءاخرين لم ياتوك ۖ يحرفون الكلم من بعد مواضعه ۖ يقولون ان اوتيتم هـٰذا فخذوه وان لم تؤتوه فاحذروا ۚ ومن يرد الله فتنته فلن تملك له من الله شيـٔا ۚ اولـٰئك الذين لم يرد الله ان يطهر قلوبهم ۚ لهم فى الدنيا خزى ۖ ولهم فى الـٔاخرة عذاب عظيم,Tafsir text placeholder for verse 5:41
5:42,سمـٰعون للكذب اكـٰلون للسحت ۚ فان جاءوك فاحكم بينهم او اعرض عنهم ۖ وان تعرض عنهم فلن يضروك شيـٔا ۖ وان حكمت فاحكم بينهم بالقسط ۚ ان الله يحب المقسطين,Tafsir text placeholder for verse 5:42
5:43,وكيف يحكمونك وعندهم التورىٰة فيها حكم الله ثم يتولون من بعد ذٰلك ۚ وما اولـٰئك بالمؤمنين,Tafsir text placeholder for verse 5:43
5:44,انا انزلنا التورىٰة فيها هدى ونور ۚ يحكم بها النبيون الذين اسلموا للذين هادوا والربـٰنيون والاحبار بما استحفظوا من كتـٰب الله وكانوا عليه شهداء ۚ فلا تخشوا الناس واخشون ولا تشتروا بـٔايـٰتى ثمنا قليلا ۚ ومن لم يحكم بما انزل الله فاولـٰئك هم الكـٰفرون,Tafsir text placeholder for verse 5:44
5:45,وكتبنا عليهم فيها ان النفس بالنفس والعين بالعين والانف بالانف والاذن بالاذن والسن بالسن والجروح قصاص ۚ فمن تصدق به فهو كفارة له ۚ ومن لم يحكم بما انزل الله فاولـٰئك هم الظـٰلمون,Tafsir text placeholder for verse 5:45
5:46,وقفينا علىٰ ءاثـٰرهم بعيسى ابن مريم مصدقا لما بين يديه من التورىٰة ۖ وءاتينـٰه الانجيل فيه هدى ونور ومصدقا لما بين يديه من التورىٰة وهدى وموعظة للمتقين,Tafsir text placeholder for verse 5:46
5:47,وليحكم اهل الانجيل بما انزل الله فيه ۚ ومن لم يحكم بما انزل الله فاولـٰئك هم الفـٰسقون,Tafsir text placeholder for verse 5:47
5:48,وانزلنا اليك الكتـٰب بالحق مصدقا لما بين يديه من الكتـٰب ومهيمنا عليه ۖ فاحكم بينهم بما انزل الله ۖ ولا تتبع اهواءهم عما جاءك من الحق ۚ لكل جعلنا منكم شرعة ومنهاجا ۚ ولو شاء الله لجعلكم امة وٰحدة ولـٰكن ليبلوكم فى ما ءاتىٰكم ۖ فاستبقوا الخيرٰت ۚ الى الله مرجعكم جميعا فينبئكم بما كنتم فيه تختلفون,Tafsir text placeholder for verse 5:48
5:49,وان احكم بينهم بما انزل الله ولا تتبع اهواءهم واحذرهم ان يفتنوك عن بعض ما انزل الله اليك ۖ فان تولوا فاعلم انما يريد الله ان يصيبهم ببعض ذنوبهم ۗ وان كثيرا من الناس لفـٰسقون,Tafsir text placeholder for verse 5:49
5:50,افحكم الجـٰهلية يبغون ۚ ومن احسن من الله حكما لقوم يوقنون,Tafsir text placeholder for verse 5:50
5:51,يـٰايها الذين ءامنوا لا تتخذوا اليهود والنصـٰرىٰ اولياء ۘ بعضهم اولياء بعض ۚ ومن يتولهم منكم فانه منهم ۗ ان الله لا يهدى القوم الظـٰلمين,Tafsir text placeholder for verse 5:51
5:52,فترى الذين فى قلوبهم مرض يسـٰرعون فيهم يقولون نخشىٰ ان تصيبنا دائرة ۚ فعسى الله ان ياتى بالفتح او امر من عنده فيصبحوا علىٰ ما اسروا فى انفسهم نـٰدمين,Tafsir text placeholder for verse 5:52
5:53,ويقول الذين ءامنوا اهـٰؤلاء الذين اقسموا بالله جهد ايمـٰنهم ۙ انهم لمعكم ۚ حبطت اعمـٰلهم فاصبحوا خـٰسرين,Tafsir text placeholder for verse 5:53
5:54,يـٰايها الذين ءامنوا من يرتد منكم عن دينه فسوف ياتى الله بقوم يحبهم ويحبونه اذلة على المؤمنين اعزة على الكـٰفرين يجـٰهدون فى سبيل الله ولا يخافون لومة لائم ۚ ذٰلك فضل الله يؤتيه من يشاء ۚ والله وٰسع عليم,Tafsir text placeholder for verse 5:54
5:55,انما وليكم الله ورسوله والذين ءامنوا الذين يقيمون الصلوٰة ويؤتون الزكوٰة وهم رٰكعون,Tafsir text placeholder for verse 5:55
5:56,ومن يتول الله ورسوله والذين ءامنوا فان حزب الله هم الغـٰلبون,Tafsir text placeholder for verse 5:56
5:57,يـٰايها الذين ءامنوا لا تتخذوا الذين اتخذوا دينكم هزوا ولعبا من الذين اوتوا الكتـٰب من قبلكم والكفار اولياء ۚ واتقوا الله ان كنتم مؤمنين,Tafsir text placeholder for verse 5:57
5:58,واذا ناديتم الى الصلوٰة اتخذوها هزوا ولعبا ۚ ذٰلك بانهم قوم لا يعقلون,Tafsir text placeholder for verse 5:58
5:59,قل يـٰاهل الكتـٰب هل تنقمون منا الا ان ءامنا بالله وما انزل الينا وما انزل من قبل وان اكثركم فـٰسقون,Tafsir text placeholder for verse 5:59
5:60,قل هل انبئكم بشر من ذٰلك مثوبة عند الله ۚ من لعنه الله وغضب عليه وجعل منهم القردة والخنازير وعبد الطـٰغوت ۚ اولـٰئك شر مكانا واضل عن سواء السبيل,Tafsir text placeholder for verse 5:60
5:61,واذا جاءوكم قالوا ءامنا وقد دخلوا بالكفر وهم قد خرجوا به ۚ والله اعلم بما كانوا يكتمون,Tafsir text placeholder for verse 5:61
5:62,وترىٰ كثيرا منهم يسـٰرعون فى الاثم والعدوٰن واكلهم السحت ۚ لبئس ما كانوا يعملون,Tafsir text placeholder for verse 5:62
5:63,لولا ينهىٰهم الربـٰنيون والاحبار عن قولهم الاثم واكلهم السحت ۚ لبئس ما كانوا يصنعون,Tafsir text placeholder for verse 5:63
5:64,وقالت اليهود يد الله مغلولة ۚ غلت ايديهم ولعنوا بما قالوا ۘ بل يداه مبسوطتان ينفق كيف يشاء ۚ وليزيدن كثيرا منهم ما انزل اليك من ربك طغيـٰنا وكفرا ۚ والقينا بينهم العدٰوة والبغضاء الىٰ يوم القيـٰمة ۚ كلما اوقدوا نارا للحرب اطفاها الله ۚ ويسعون فى الارض فسادا ۚ والله لا يحب المفسدين,Tafsir text placeholder for verse 5:64
5:65,ولو ان اهل الكتـٰب ءامنوا واتقوا لكفرنا عنهم سيـٔاتهم ولادخلنـٰهم جنـٰت النعيم,Tafsir text placeholder for verse 5:65
5:66,ولو انهم اقاموا التورىٰة والانجيل وما انزل اليهم من ربهم لاكلوا من فوقهم ومن تحت ارجلهم ۚ منهم امة مقتصدة ۖ وكثير منهم ساء ما يعملون,Tafsir text placeholder for verse 5:66
5:67,يـٰايها الرسول بلغ ما انزل اليك من ربك ۖ وان لم تفعل فما بلغت رسالته ۚ والله يعصمك من الناس ۗ ان الله لا يهدى القوم الكـٰفرين,Tafsir text placeholder for verse 5:67
5:68,قل يـٰاهل الكتـٰب لستم علىٰ شىء حتىٰ تقيموا التورىٰة والانجيل وما انزل اليكم من ربكم ۗ وليزيدن كثيرا منهم ما انزل اليك من ربك طغيـٰنا وكفرا ۖ فلا تاس على القوم الكـٰفرين,Tafsir text placeholder for verse 5:68
5:69,ان الذين ءامنوا والذين هادوا والصـٰبـٔون والنصـٰرىٰ من ءامن بالله واليوم الـٔاخر وعمل صـٰلحا فلا خوف عليهم ولا هم يحزنون,Tafsir text placeholder for verse 5:69
5:70,لقد اخذنا ميثـٰق بنى اسرٰءيل وارسلنا اليهم رسلا ۖ كلما جاءهم رسول بما لا تهوىٰ انفسهم فريقا كذبوا وفريقا يقتلون,Tafsir text placeholder for verse 5:70
5:71,وحسبوا الا تكون فتنة فعموا وصموا ثم تاب الله عليهم ثم عموا وصموا كثير منهم ۚ والله بصير بما يعملون,Tafsir text placeholder for verse 5:71
5:72,لقد كفر الذين قالوا ان الله هو المسيح ابن مريم ۖ وقال المسيح يـٰبنى اسرٰءيل اعبدوا الله ربى وربكم ۖ انه من يشرك بالله فقد حرم الله عليه الجنة وماوىٰه النار ۖ وما للظـٰلمين من انصار,Tafsir text placeholder for verse 5:72
5:73,لقد كفر الذين قالوا ان الله ثالث ثلـٰثة ۘ وما من الـٰه الا الـٰه وٰحد ۚ وان لم ينتهوا عما يقولون ليمسن الذين كفروا منهم عذاب اليم,Tafsir text placeholder for verse 5:73
5:74,افلا يتوبون الى الله ويستغفرونه ۚ والله غفور رحيم,Tafsir text placeholder for verse 5:74
5:75,ما المسيح ابن مريم الا رسول قد خلت من قبله الرسل وامه صديقة ۖ كانا ياكلان الطعام ۗ انظر كيف نبين لهم الـٔايـٰت ثم انظر انىٰ يؤفكون,Tafsir text placeholder for verse 5:75
5:76,قل اتعبدون من دون الله ما لا يملك لكم ضرا ولا نفعا ۚ والله هو السميع العليم,Tafsir text placeholder for verse 5:76
5:77,قل يـٰاهل الكتـٰب لا تغلوا فى دينكم غير الحق ولا تتبعوا اهواء قوم قد ضلوا من قبل واضلوا كثيرا وضلوا عن سواء السبيل,Tafsir text placeholder for verse 5:77
5:78,لعن الذين كفروا من بنى اسرٰءيل علىٰ لسان داوۥد وعيسى ابن مريم ۚ ذٰلك بما عصوا وكانوا يعتدون,Tafsir text placeholder for verse 5:78
5:79,كانوا لا يتناهون عن منكر فعلوه ۚ لبئس ما كانوا يفعلون,Tafsir text placeholder for verse 5:79
5:80,ترىٰ كثيرا منهم يتولون الذين كفروا ۚ لبئس ما قدمت لهم انفسهم ان سخط الله عليهم وفى العذاب هم خـٰلدون,Tafsir text placeholder for verse 5:80
5:81,ولو كانوا يؤمنون بالله والنبى وما انزل اليه ما اتخذوهم اولياء ولـٰكن كثيرا منهم فـٰسقون,Tafsir text placeholder for verse 5:81
5:82,لتجدن اشد الناس عدٰوة للذين ءامنوا اليهود والذين اشركوا ۖ ولتجدن اقربهم مودة للذين ءامنوا الذين قالوا انا نصـٰرىٰ ۚ ذٰلك بان منهم قسيسين ورهبانا وانهم لا يستكبرون,Tafsir text placeholder for verse 5:82
5:83,واذا سمعوا ما انزل الى الرسول ترىٰ اعينهم تفيض من الدمع مما عرفوا من الحق ۖ يقولون ربنا ءامنا فاكتبنا مع الشـٰهدين,Tafsir text placeholder for verse 5:83
5:84,وما لنا لا نؤمن بالله وما جاءنا من الحق ونطمع ان يدخلنا ربنا مع القوم الصـٰلحين,Tafsir text placeholder for verse 5:84
5:85,فاثـٰبهم الله بما قالوا جنـٰت تجرى من تحتها الانهـٰر خـٰلدين فيها ۚ وذٰلك جزاء المحسنين,Tafsir text placeholder for verse 5:85
5:86,والذين كفروا وكذبوا بـٔايـٰتنا اولـٰئك اصحـٰب الجحيم,Tafsir text placeholder for verse 5:86
5:87,يـٰايها الذين ءامنوا لا تحرموا طيبـٰت ما احل الله لكم ولا تعتدوا ۚ ان الله لا يحب المعتدين,Tafsir text placeholder for verse 5:87
5:88,وكلوا مما رزقكم الله حلـٰلا طيبا ۚ واتقوا الله الذى انتم به مؤمنون,Tafsir text placeholder for verse 5:88
5:89,لا يؤاخذكم الله باللغو فى ايمـٰنكم ولـٰكن يؤاخذكم بما عقدتم الايمـٰن ۖ فكفـٰرته اطعام عشرة مسـٰكين من اوسط ما تطعمون اهليكم او كسوتهم او تحرير رقبة ۖ فمن لم يجد فصيام ثلـٰثة ايام ۚ ذٰلك كفـٰرة ايمـٰنكم اذا حلفتم ۚ واحفظوا ايمـٰنكم ۚ كذٰلك يبين الله لكم ءايـٰته لعلكم تشكرون,Tafsir text placeholder for verse 5:89
5:90,يـٰايها الذين ءامنوا انما الخمر والميسر والانصاب والازلـٰم رجس من عمل الشيطـٰن فاجتنبوه لعلكم تفلحون,Tafsir text placeholder for verse 5:90
5:91,انما يريد الشيطـٰن ان يوقع بينكم العدٰوة والبغضاء فى الخمر والميسر ويصدكم عن ذكر الله وعن الصلوٰة ۖ فهل انتم منتهون,Tafsir text placeholder for verse 5:91
5:92,واطيعوا الله واطيعوا الرسول واحذروا ۚ فان توليتم فاعلموا انما علىٰ رسولنا البلـٰغ المبين,Tafsir text placeholder for verse 5:92
5:93,ليس على الذين ءامنوا وعملوا الصـٰلحـٰت جناح فيما طعموا اذا ما اتقوا وءامنوا وعملوا الصـٰلحـٰت ثم اتقوا وءامنوا ثم اتقوا واحسنوا ۗ والله يحب المحسنين,Tafsir text placeholder for verse 5:93
5:94,يـٰايها الذين ءامنوا ليبلونكم الله بشىء من الصيد تناله ايديكم ورماحكم ليعلم الله من يخافه بالغيب ۚ فمن اعتدىٰ بعد ذٰلك فله عذاب اليم,Tafsir text placeholder for verse 5:94
5:95,يـٰايها الذين ءامنوا لا تقتلوا الصيد وانتم حرم ۚ ومن قتله منكم متعمدا فجزاء مثل ما قتل من النعم يحكم به ذوا عدل منكم هديا بـٰلغ الكعبة او كفـٰرة طعام مسـٰكين او عدل ذٰلك صياما ليذوق وبال امره ۗ عفا الله عما سلف ۚ ومن عاد فينتقم الله منه ۗ والله عزيز ذو انتقام,Tafsir text placeholder for verse 5:95
5:96,احل لكم صيد البحر وطعامه متـٰعا لكم وللسيارة ۖ وحرم عليكم صيد البر ما دمتم حرما ۗ واتقوا الله الذى اليه تحشرون,Tafsir text placeholder for verse 5:96
5:97,جعل الله الكعبة البيت الحرام قيـٰما للناس والشهر الحرام والهدى والقلـٰئد ۚ ذٰلك لتعلموا ان الله يعلم ما فى السمـٰوٰت وما فى الارض وان الله بكل شىء عليم,Tafsir text placeholder for verse 5:97
5:98,اعلموا ان الله شديد العقاب وان الله غفور رحيم,Tafsir text placeholder for verse 5:98
5:99,ما على الرسول الا البلـٰغ ۗ والله يعلم ما تبدون وما تكتمون,Tafsir text placeholder for verse 5:99
5:100,قل لا يستوى الخبيث والطيب ولو اعجبك كثرة الخبيث ۚ فاتقوا الله يـٰاولى الالبـٰب لعلكم تفلحون,Tafsir text placeholder for verse 5:100
5:101,يـٰايها الذين ءامنوا لا تسـٔلوا عن اشياء ان تبد لكم تسؤكم وان تسـٔلوا عنها حين ينزل القرءان تبد لكم عفا الله عنها ۗ والله غفور حليم,Tafsir text placeholder for verse 5:101
5:102,قد سالها قوم من قبلكم ثم اصبحوا بها كـٰفرين,Tafsir text placeholder for verse 5:102
5:103,ما جعل الله من بحيرة ولا سائبة ولا وصيلة ولا حام ۙ ولـٰكن الذين كفروا يفترون على الله الكذب ۖ واكثرهم لا يعقلون,Tafsir text placeholder for verse 5:103
5:104,واذا قيل لهم تعالوا الىٰ ما انزل الله والى الرسول قالوا حسبنا ما وجدنا عليه ءاباءنا ۚ اولو كان ءاباؤهم لا يعلمون شيـٔا ولا يهتدون,Tafsir text placeholder for verse 5:104
5:105,يـٰايها الذين ءامنوا عليكم انفسكم ۖ لا يضركم من ضل اذا اهتديتم ۚ الى الله مرجعكم جميعا فينبئكم بما كنتم تعملون,Tafsir text placeholder for verse 5:105
5:106,يـٰايها الذين ءامنوا شهـٰدة بينكم اذا حضر احدكم الموت حين الوصية اثنان ذوا عدل منكم او ءاخران من غيركم ان انتم ضربتم فى الارض فاصـٰبتكم مصيبة الموت ۚ تحبسونهما من بعد الصلوٰة فيقسمان بالله ان ارتبتم لا نشترى به ثمنا ولو كان ذا قربىٰ ۙ ولا نكتم شهـٰدة الله انا اذا لمن الـٔاثمين,Tafsir text placeholder for verse 5:106
5:107,فان عثر علىٰ انهما استحقا اثما فـٔاخران يقومان مقامهما من الذين استحق عليهم الاوليـٰن فيقسمان بالله لشهـٰدتنا احق من شهـٰدتهما وما اعتدينا انا اذا لمن الظـٰلمين,Tafsir text placeholder for verse 5:107
5:108,ذٰلك ادنىٰ ان ياتوا بالشهـٰدة علىٰ وجهها او يخافوا ان ترد ايمـٰن بعد ايمـٰنهم ۗ واتقوا الله واسمعوا ۗ والله لا يهدى القوم الفـٰسقين,Tafsir text placeholder for verse 5:108
5:109,يوم يجمع الله الرسل فيقول ماذا اجبتم ۖ قالوا لا علم لنا ۖ انك انت علـٰم الغيوب,Tafsir text placeholder for verse 5:109
5:110,اذ قال الله يـٰعيسى ابن مريم اذكر نعمتى عليك وعلىٰ وٰلدتك اذ ايدتك بروح القدس تكلم الناس فى المهد وكهلا ۖ واذ علمتك الكتـٰب والحكمة والتورىٰة والانجيل ۖ واذ تخلق من الطين كهيـٔة الطير باذنى فتنفخ فيها فتكون طيرا باذنى ۖ وتبرئ الاكمه والابرص باذنى ۖ واذ تخرج الموتىٰ باذنى ۖ واذ كففت بنى اسرٰءيل عنك اذ جئتهم بالبينـٰت فقال الذين كفروا منهم ان هـٰذا الا سحر مبين,Tafsir text placeholder for verse 5:110
5:111,واذ اوحيت الى الحواريـۧن ان ءامنوا بى وبرسولى قالوا ءامنا واشهد باننا مسلمون,Tafsir text placeholder for verse 5:111
5:112,اذ قال الحواريون يـٰعيسى ابن مريم هل يستطيع ربك ان ينزل علينا مائدة من السماء ۖ قال اتقوا الله ان كنتم مؤمنين,Tafsir text placeholder for verse 5:112
5:113,قالوا نريد ان ناكل منها وتطمئن قلوبنا ونعلم ان قد صدقتنا ونكون عليها من الشـٰهدين,Tafsir text placeholder for verse 5:113
5:114,قال عيسى ابن مريم اللهم ربنا انزل علينا مائدة من السماء تكون لنا عيدا لاولنا وءاخرنا وءاية منك ۖ وارزقنا وانت خير الرٰزقين,Tafsir text placeholder for verse 5:114
5:115,قال الله انى منزلها عليكم ۖ فمن يكفر بعد منكم فانى اعذبه عذابا لا اعذبه احدا من العـٰلمين,Tafsir text placeholder for verse 5:115
5:116,واذ قال الله يـٰعيسى ابن مريم ءانت قلت للناس اتخذونى وامى الـٰهين من دون الله ۖ قال سبحـٰنك ما يكون لى ان اقول ما ليس لى بحق ۚ ان كنت قلته فقد علمته ۚ تعلم ما فى نفسى ولا اعلم ما فى نفسك ۚ انك انت علـٰم الغيوب,Tafsir text placeholder for verse 5:116
5:117,ما قلت لهم الا ما امرتنى به ان اعبدوا الله ربى وربكم ۚ وكنت عليهم شهيدا ما دمت فيهم ۖ فلما توفيتنى كنت انت الرقيب عليهم ۚ وانت علىٰ كل شىء شهيد,Tafsir text placeholder for verse 5:117
5:118,ان تعذبهم فانهم عبادك ۖ وان تغفر لهم فانك انت العزيز الحكيم,Tafsir text placeholder for verse 5:118
5:119,قال الله هـٰذا يوم ينفع الصـٰدقين صدقهم ۚ لهم جنـٰت تجرى من تحتها الانهـٰر خـٰلدين فيها ابدا ۚ رضى الله عنهم ورضوا عنه ۚ ذٰلك الفوز العظيم,Tafsir text placeholder for verse 5:119
5:120,لله ملك السمـٰوٰت والارض وما فيهن ۚ وهو علىٰ كل شىء قدير,Tafsir text placeholder for verse 5:120
6:1,الحمد لله الذى خلق السمـٰوٰت والارض وجعل الظلمـٰت والنور ۖ ثم الذين كفروا بربهم يعدلون,Tafsir text placeholder for verse 6:1
6:2,هو الذى خلقكم من طين ثم قضىٰ اجلا ۖ واجل مسمى عنده ۖ ثم انتم تمترون,Tafsir text placeholder for verse 6:2
6:3,وهو الله فى السمـٰوٰت وفى الارض ۖ يعلم سركم وجهركم ويعلم ما تكسبون,Tafsir text placeholder for verse 6:3
6:4,وما تاتيهم من ءاية من ءايـٰت ربهم الا كانوا عنها معرضين,Tafsir text placeholder for verse 6:4
6:5,فقد كذبوا بالحق لما جاءهم ۖ فسوف ياتيهم انبـٰؤا۟ ما كانوا به يستهزءون,Tafsir text placeholder for verse 6:5
6:6,الم يروا كم اهلكنا من قبلهم من قرن مكنـٰهم فى الارض ما لم نمكن لكم وارسلنا السماء عليهم مدرارا وجعلنا الانهـٰر تجرى من تحتهم فاهلكنـٰهم بذنوبهم وانشانا من بعدهم قرنا ءاخرين,Tafsir text placeholder for verse 6:6
6:7,ولو نزلنا عليك كتـٰبا فى قرطاس فلمسوه بايديهم لقال الذين كفروا ان هـٰذا الا سحر مبين,Tafsir text placeholder for verse 6:7
6:8,وقالوا لولا انزل عليه ملك ۖ ولو انزلنا ملكا لقضى الامر ثم لا ينظرون,Tafsir text placeholder for verse 6:8
6:9,ولو جعلنـٰه ملكا لجعلنـٰه رجلا وللبسنا عليهم ما يلبسون,Tafsir text placeholder for verse 6:9
6:10,ولقد استهزئ برسل من قبلك فحاق بالذين سخروا منهم ما كانوا به يستهزءون,Tafsir text placeholder for verse 6:10
6:11,قل سيروا فى الارض ثم انظروا كيف كان عـٰقبة المكذبين,Tafsir text placeholder for verse 6:11
6:12,قل لمن ما فى السمـٰوٰت والارض ۖ قل لله ۚ كتب علىٰ نفسه الرحمة ۚ ليجمعنكم الىٰ يوم القيـٰمة لا ريب فيه ۚ الذين خسروا انفسهم فهم لا يؤمنون,Tafsir text placeholder for verse 6:12
6:13,وله ما سكن فى اليل والنهار ۚ وهو السميع العليم,Tafsir text placeholder for verse 6:13
6:14,قل اغير الله اتخذ وليا فاطر السمـٰوٰت والارض وهو يطعم ولا يطعم ۗ قل انى امرت ان اكون اول من اسلم ۖ ولا تكونن من المشركين,Tafsir text placeholder for verse 6:14
6:15,قل انى اخاف ان عصيت ربى عذاب يوم عظيم,Tafsir text placeholder for verse 6:15
6:16,من يصرف عنه يومئذ فقد رحمه ۚ وذٰلك الفوز المبين,Tafsir text placeholder for verse 6:16
6:17,وان يمسسك الله بضر فلا كاشف له الا هو ۖ وان يمسسك بخير فهو علىٰ كل شىء قدير,Tafsir text placeholder for verse 6:17
6:18,وهو القاهر فوق عباده ۚ وهو الحكيم الخبير,Tafsir text placeholder for verse 6:18
6:19,قل اى شىء اكبر شهـٰدة ۖ قل الله ۖ شهيد بينى وبينكم ۚ واوحى الى هـٰذا القرءان لانذركم به ومن بلغ ۚ ائنكم لتشهدون ان مع الله ءالهة اخرىٰ ۚ قل لا اشهد ۚ قل انما هو الـٰه وٰحد واننى برىء مما تشركون,Tafsir text placeholder for verse 6:19
6:20,الذين ءاتينـٰهم الكتـٰب يعرفونه كما يعرفون ابناءهم ۘ الذين خسروا انفسهم فهم لا يؤمنون,Tafsir text placeholder for verse 6:20
6:21,ومن اظلم ممن افترىٰ على الله كذبا او كذب بـٔايـٰته ۗ انه لا يفلح الظـٰلمون,Tafsir text placeholder for verse 6:21
6:22,ويوم نحشرهم جميعا ثم نقول للذين اشركوا اين شركاؤكم الذين كنتم تزعمون,Tafsir text placeholder for verse 6:22
6:23,ثم لم تكن فتنتهم الا ان قالوا والله ربنا ما كنا مشركين,Tafsir text placeholder for verse 6:23
6:24,انظر كيف كذبوا علىٰ انفسهم ۚ وضل عنهم ما كانوا يفترون,Tafsir text placeholder for verse 6:24
6:25,ومنهم من يستمع اليك ۖ وجعلنا علىٰ قلوبهم اكنة ان يفقهوه وفى ءاذانهم وقرا ۚ وان يروا كل ءاية لا يؤمنوا بها ۚ حتىٰ اذا جاءوك يجـٰدلونك يقول الذين كفروا ان هـٰذا الا اسـٰطير الاولين,Tafsir text placeholder for verse 6:25
6:26,وهم ينهون عنه وينـٔون عنه ۖ وان يهلكون الا انفسهم وما يشعرون,Tafsir text placeholder for verse 6:26
6:27,ولو ترىٰ اذ وقفوا على النار فقالوا يـٰليتنا نرد ولا نكذب بـٔايـٰت ربنا ونكون من المؤمنين,Tafsir text placeholder for verse 6:27
6:28,بل بدا لهم ما كانوا يخفون من قبل ۖ ولو ردوا لعادوا لما نهوا عنه وانهم لكـٰذبون,Tafsir text placeholder for verse 6:28
6:29,وقالوا ان هى الا حياتنا الدنيا وما نحن بمبعوثين,Tafsir text placeholder for verse 6:29
6:30,ولو ترىٰ اذ وقفوا علىٰ ربهم ۚ قال اليس هـٰذا بالحق ۚ قالوا بلىٰ وربنا ۚ قال فذوقوا العذاب بما كنتم تكفرون,Tafsir text placeholder for verse 6:30
6:31,قد خسر الذين كذبوا بلقاء الله ۖ حتىٰ اذا جاءتهم الساعة بغتة قالوا يـٰحسرتنا علىٰ ما فرطنا فيها وهم يحملون اوزارهم علىٰ ظهورهم ۚ الا ساء ما يزرون,Tafsir text placeholder for verse 6:31
6:32,وما الحيوٰة الدنيا الا لعب ولهو ۖ وللدار الـٔاخرة خير للذين يتقون ۗ افلا تعقلون,Tafsir text placeholder for verse 6:32
6:33,قد نعلم انه ليحزنك الذى يقولون ۖ فانهم لا يكذبونك ولـٰكن الظـٰلمين بـٔايـٰت الله يجحدون,Tafsir text placeholder for verse 6:33
6:34,ولقد كذبت رسل من قبلك فصبروا علىٰ ما كذبوا واوذوا حتىٰ اتىٰهم نصرنا ۚ ولا مبدل لكلمـٰت الله ۚ ولقد جاءك من نباي۟ المرسلين,Tafsir text placeholder for verse 6:34
6:35,وان كان كبر عليك اعراضهم فان استطعت ان تبتغى نفقا فى الارض او سلما فى السماء فتاتيهم بـٔاية ۚ ولو شاء الله لجمعهم على الهدىٰ ۚ فلا تكونن من الجـٰهلين,Tafsir text placeholder for verse 6:35
6:36,انما يستجيب الذين يسمعون ۘ والموتىٰ يبعثهم الله ثم اليه يرجعون,Tafsir text placeholder for verse 6:36
6:37,وقالوا لولا نزل عليه ءاية من ربه ۚ قل ان الله قادر علىٰ ان ينزل ءاية ولـٰكن اكثرهم لا يعلمون,Tafsir text placeholder for verse 6:37
6:38,وما من دابة فى الارض ولا طـٰئر يطير بجناحيه الا امم امثالكم ۚ ما فرطنا فى الكتـٰب من شىء ۚ ثم الىٰ ربهم يحشرون,Tafsir text placeholder for verse 6:38
6:39,والذين كذبوا بـٔايـٰتنا صم وبكم فى الظلمـٰت ۗ من يشا الله يضلله ومن يشا يجعله علىٰ صرٰط مستقيم,Tafsir text placeholder for verse 6:39
6:40,قل ارءيتكم ان اتىٰكم عذاب الله او اتتكم الساعة اغير الله تدعون ان كنتم صـٰدقين,Tafsir text placeholder for verse 6:40
6:41,بل اياه تدعون فيكشف ما تدعون اليه ان شاء وتنسون ما تشركون,Tafsir text placeholder for verse 6:41
6:42,ولقد ارسلنا الىٰ امم من قبلك فاخذنـٰهم بالباساء والضراء لعلهم يتضرعون,Tafsir text placeholder for verse 6:42
6:43,فلولا اذ جاءهم باسنا تضرعوا ولـٰكن قست قلوبهم وزين لهم الشيطـٰن ما كانوا يعملون,Tafsir text placeholder for verse 6:43
6:44,فلما نسوا ما ذكروا به فتحنا عليهم ابوٰب كل شىء حتىٰ اذا فرحوا بما اوتوا اخذنـٰهم بغتة فاذا هم مبلسون,Tafsir text placeholder for verse 6:44
6:45,فقطع دابر القوم الذين ظلموا ۚ والحمد لله رب العـٰلمين,Tafsir text placeholder for verse 6:45
6:46,قل ارءيتم ان اخذ الله سمعكم وابصـٰركم وختم علىٰ قلوبكم من الـٰه غير الله ياتيكم به ۗ انظر كيف نصرف الـٔايـٰت ثم هم يصدفون,Tafsir text placeholder for verse 6:46
6:47,قل ارءيتكم ان اتىٰكم عذاب الله بغتة او جهرة هل يهلك الا القوم الظـٰلمون,Tafsir text placeholder for verse 6:47
6:48,وما نرسل المرسلين الا مبشرين ومنذرين ۖ فمن ءامن واصلح فلا خوف عليهم ولا هم يحزنون,Tafsir text placeholder for verse 6:48
6:49,والذين كذبوا بـٔايـٰتنا يمسهم العذاب بما كانوا يفسقون,Tafsir text placeholder for verse 6:49
6:50,قل لا اقول لكم عندى خزائن الله ولا اعلم الغيب ولا اقول لكم انى ملك ۖ ان اتبع الا ما يوحىٰ الى ۚ قل هل يستوى الاعمىٰ والبصير ۚ افلا تتفكرون,Tafsir text placeholder for verse 6:50
6:51,وانذر به الذين يخافون ان يحشروا الىٰ ربهم ۙ ليس لهم من دونه ولى ولا شفيع لعلهم يتقون,Tafsir text placeholder for verse 6:51
6:52,ولا تطرد الذين يدعون ربهم بالغدوٰة والعشى يريدون وجهه ۖ ما عليك من حسابهم من شىء وما من حسابك عليهم من شىء فتطردهم فتكون من الظـٰلمين,Tafsir text placeholder for verse 6:52
6:53,وكذٰلك فتنا بعضهم ببعض ليقولوا اهـٰؤلاء من الله عليهم من بيننا ۗ اليس الله باعلم بالشـٰكرين,Tafsir text placeholder for verse 6:53
6:54,واذا جاءك الذين يؤمنون بـٔايـٰتنا فقل سلـٰم عليكم ۖ كتب ربكم علىٰ نفسه الرحمة ۖ انه من عمل منكم سوءا بجهـٰلة ثم تاب من بعده واصلح فانه غفور رحيم,Tafsir text placeholder for verse 6:54
6:55,وكذٰلك نفصل الـٔايـٰت ولتستبين سبيل المجرمين,Tafsir text placeholder for verse 6:55
6:56,قل انى نهيت ان اعبد الذين تدعون من دون الله ۚ قل لا اتبع اهواءكم ۙ قد ضللت اذا وما انا۠ من المهتدين,Tafsir text placeholder for verse 6:56
6:57,قل انى علىٰ بينة من ربى وكذبتم به ۚ ما عندى ما تستعجلون به ۚ ان الحكم الا لله ۖ يقص الحق ۖ وهو خير الفـٰصلين,Tafsir text placeholder for verse 6:57
6:58,قل لو ان عندى ما تستعجلون به لقضى الامر بينى وبينكم ۗ والله اعلم بالظـٰلمين,Tafsir text placeholder for verse 6:58
6:59,وعنده مفاتح الغيب لا يعلمها الا هو ۚ ويعلم ما فى البر والبحر ۚ وما تسقط من ورقة الا يعلمها ولا حبة فى ظلمـٰت الارض ولا رطب ولا يابس الا فى كتـٰب مبين,Tafsir text placeholder for verse 6:59
6:60,وهو الذى يتوفىٰكم باليل ويعلم ما جرحتم بالنهار ثم يبعثكم فيه ليقضىٰ اجل مسمى ۖ ثم اليه مرجعكم ثم ينبئكم بما كنتم تعملون,Tafsir text placeholder for verse 6:60
6:61,وهو القاهر فوق عباده ۖ ويرسل عليكم حفظة حتىٰ اذا جاء احدكم الموت توفته رسلنا وهم لا يفرطون,Tafsir text placeholder for verse 6:61
6:62,ثم ردوا الى الله مولىٰهم الحق ۚ الا له الحكم وهو اسرع الحـٰسبين,Tafsir text placeholder for verse 6:62
6:63,قل من ينجيكم من ظلمـٰت البر والبحر تدعونه تضرعا وخفية لئن انجىٰنا من هـٰذه لنكونن من الشـٰكرين,Tafsir text placeholder for verse 6:63
6:64,قل الله ينجيكم منها ومن كل كرب ثم انتم تشركون,Tafsir text placeholder for verse 6:64
6:65,قل هو القادر علىٰ ان يبعث عليكم عذابا من فوقكم او من تحت ارجلكم او يلبسكم شيعا ويذيق بعضكم باس بعض ۗ انظر كيف نصرف الـٔايـٰت لعلهم يفقهون,Tafsir text placeholder for verse 6:65
6:66,وكذب به قومك وهو الحق ۚ قل لست عليكم بوكيل,Tafsir text placeholder for verse 6:66
6:67,لكل نبا مستقر ۚ وسوف تعلمون,Tafsir text placeholder for verse 6:67
6:68,واذا رايت الذين يخوضون فى ءايـٰتنا فاعرض عنهم حتىٰ يخوضوا فى حديث غيره ۚ واما ينسينك الشيطـٰن فلا تقعد بعد الذكرىٰ مع القوم الظـٰلمين,Tafsir text placeholder for verse 6:68
6:69,وما على الذين يتقون من حسابهم من شىء ولـٰكن ذكرىٰ لعلهم يتقون,Tafsir text placeholder for verse 6:69
6:70,وذر الذين اتخذوا دينهم لعبا ولهوا وغرتهم الحيوٰة الدنيا ۚ وذكر به ان تبسل نفس بما كسبت ليس لها من دون الله ولى ولا شفيع وان تعدل كل عدل لا يؤخذ منها ۗ اولـٰئك الذين ابسلوا بما كسبوا ۖ لهم شراب من حميم وعذاب اليم بما كانوا يكفرون,Tafsir text placeholder for verse 6:70
6:71,قل اندعوا من دون الله ما لا ينفعنا ولا يضرنا ونرد علىٰ اعقابنا بعد اذ هدىٰنا الله كالذى استهوته الشيـٰطين فى الارض حيران له اصحـٰب يدعونه الى الهدى ائتنا ۗ قل ان هدى الله هو الهدىٰ ۖ وامرنا لنسلم لرب العـٰلمين,Tafsir text placeholder for verse 6:71
6:72,وان اقيموا الصلوٰة واتقوه ۚ وهو الذى اليه تحشرون,Tafsir text placeholder for verse 6:72
6:73,وهو الذى خلق السمـٰوٰت والارض بالحق ۖ ويوم يقول كن فيكون ۚ قوله الحق ۚ وله الملك يوم ينفخ فى الصور ۚ عـٰلم الغيب والشهـٰدة ۚ وهو الحكيم الخبير,Tafsir text placeholder for verse 6:73
6:74,واذ قال ابرٰهيم لابيه ءازر اتتخذ اصناما ءالهة ۖ انى ارىٰك وقومك فى ضلـٰل مبين,Tafsir text placeholder for verse 6:74
6:75,وكذٰلك نرى ابرٰهيم ملكوت السمـٰوٰت والارض وليكون من الموقنين,Tafsir text placeholder for verse 6:75
6:76,فلما جن عليه اليل رءا كوكبا ۖ قال هـٰذا ربى ۖ فلما افل قال لا احب الـٔافلين,Tafsir text placeholder for verse 6:76
6:77,فلما رءا القمر بازغا قال هـٰذا ربى ۖ فلما افل قال لئن لم يهدنى ربى لاكونن من القوم الضالين,Tafsir text placeholder for verse 6:77
6:78,فلما رءا الشمس بازغة قال هـٰذا ربى هـٰذا اكبر ۖ فلما افلت قال يـٰقوم انى برىء مما تشركون,Tafsir text placeholder for verse 6:78
6:79,انى وجهت وجهى للذى فطر السمـٰوٰت والارض حنيفا ۖ وما انا۠ من المشركين,Tafsir text placeholder for verse 6:79
6:80,وحاجه قومه ۚ قال اتحـٰجونى فى الله وقد هدىٰن ۚ ولا اخاف ما تشركون به الا ان يشاء ربى شيـٔا ۗ وسع ربى كل شىء علما ۗ افلا تتذكرون,Tafsir text placeholder for verse 6:80
6:81,وكيف اخاف ما اشركتم ولا تخافون انكم اشركتم بالله ما لم ينزل به عليكم سلطـٰنا ۚ فاى الفريقين احق بالامن ۖ ان كنتم تعلمون,Tafsir text placeholder for verse 6:81
6:82,الذين ءامنوا ولم يلبسوا ايمـٰنهم بظلم اولـٰئك لهم الامن وهم مهتدون,Tafsir text placeholder for verse 6:82
6:83,وتلك حجتنا ءاتينـٰها ابرٰهيم علىٰ قومه ۚ نرفع درجـٰت من نشاء ۗ ان ربك حكيم عليم,Tafsir text placeholder for verse 6:83
6:84,ووهبنا له اسحـٰق ويعقوب ۚ كلا هدينا ۚ ونوحا هدينا من قبل ۖ ومن ذريته داوۥد وسليمـٰن وايوب ويوسف وموسىٰ وهـٰرون ۚ وكذٰلك نجزى المحسنين,Tafsir text placeholder for verse 6:84
6:85,وزكريا ويحيىٰ وعيسىٰ والياس ۖ كل من الصـٰلحين,Tafsir text placeholder for verse 6:85
6:86,واسمـٰعيل واليسع ويونس ولوطا ۚ وكلا فضلنا على العـٰلمين,Tafsir text placeholder for verse 6:86
6:87,ومن ءابائهم وذريـٰتهم واخوٰنهم ۖ واجتبينـٰهم وهدينـٰهم الىٰ صرٰط مستقيم,Tafsir text placeholder for verse 6:87
6:88,ذٰلك هدى الله يهدى به من يشاء من عباده ۚ ولو اشركوا لحبط عنهم ما كانوا يعملون,Tafsir text placeholder for verse 6:88
6:89,اولـٰئك الذين ءاتينـٰهم الكتـٰب والحكم والنبوة ۚ فان يكفر بها هـٰؤلاء فقد وكلنا بها قوما ليسوا بها بكـٰفرين,Tafsir text placeholder for verse 6:89
6:90,اولـٰئك الذين هدى الله ۖ فبهدىٰهم اقتده ۗ قل لا اسـٔلكم عليه اجرا ۖ ان هو الا ذكرىٰ للعـٰلمين,Tafsir text placeholder for verse 6:90
6:91,وما قدروا الله حق قدره اذ قالوا ما انزل الله علىٰ بشر من شىء ۗ قل من انزل الكتـٰب الذى جاء به موسىٰ نورا وهدى للناس ۖ تجعلونه قراطيس تبدونها وتخفون كثيرا ۖ وعلمتم ما لم تعلموا انتم ولا ءاباؤكم ۖ قل الله ۖ ثم ذرهم فى خوضهم يلعبون,Tafsir text placeholder for verse 6:91
6:92,وهـٰذا كتـٰب انزلنـٰه مبارك مصدق الذى بين يديه ولتنذر ام القرىٰ ومن حولها ۚ والذين يؤمنون بالـٔاخرة يؤمنون به ۖ وهم علىٰ صلاتهم يحافظون,Tafsir text placeholder for verse 6:92
6:93,ومن اظلم ممن افترىٰ على الله كذبا او قال اوحى الى ولم يوح اليه شىء ومن قال سانزل مثل ما انزل الله ۗ ولو ترىٰ اذ الظـٰلمون فى غمرٰت الموت والملـٰئكة باسطوا ايديهم اخرجوا انفسكم ۖ اليوم تجزون عذاب الهون بما كنتم تقولون على الله غير الحق وكنتم عن ءايـٰته تستكبرون,Tafsir text placeholder for verse 6:93
6:94,ولقد جئتمونا فرٰدىٰ كما خلقنـٰكم اول مرة وتركتم ما خولنـٰكم وراء ظهوركم ۖ وما نرىٰ معكم شفعاءكم الذين زعمتم انهم فيكم شركـٰؤا۟ ۚ لقد تقطع بينكم وضل عنكم ما كنتم تزعمون,Tafsir text placeholder for verse 6:94
6:95,ان الله فالق الحب والنوىٰ ۖ يخرج الحى من الميت ومخرج الميت من الحى ۚ ذٰلكم الله ۖ فانىٰ تؤفكون,Tafsir text placeholder for verse 6:95
6:96,فالق الاصباح وجعل اليل سكنا والشمس والقمر حسبانا ۚ ذٰلك تقدير العزيز العليم,Tafsir text placeholder for verse 6:96
6:97,وهو الذى جعل لكم النجوم لتهتدوا بها فى ظلمـٰت البر والبحر ۗ قد فصلنا الـٔايـٰت لقوم يعلمون,Tafsir text placeholder for verse 6:97
6:98,وهو الذى انشاكم من نفس وٰحدة فمستقر ومستودع ۗ قد فصلنا الـٔايـٰت لقوم يفقهون,Tafsir text placeholder for verse 6:98
6:99,وهو الذى انزل من السماء ماء فاخرجنا به نبات كل شىء فاخرجنا منه خضرا نخرج منه حبا متراكبا ومن النخل من طلعها قنوان دانية وجنـٰت من اعناب والزيتون والرمان مشتبها وغير متشـٰبه ۗ انظروا الىٰ ثمره اذا اثمر وينعه ۚ ان فى ذٰلكم لـٔايـٰت لقوم يؤمنون,Tafsir text placeholder for verse 6:99
6:100,وجعلوا لله شركاء الجن وخلقهم ۖ وخرقوا له بنين وبنـٰت بغير علم ۚ سبحـٰنه وتعـٰلىٰ عما يصفون,Tafsir text placeholder for verse 6:100
6:101,بديع السمـٰوٰت والارض ۖ انىٰ يكون له ولد ولم تكن له صـٰحبة ۖ وخلق كل شىء ۖ وهو بكل شىء عليم,Tafsir text placeholder for verse 6:101
6:102,ذٰلكم الله ربكم ۖ لا الـٰه الا هو ۖ خـٰلق كل شىء فاعبدوه ۚ وهو علىٰ كل شىء وكيل,Tafsir text placeholder for verse 6:102
6:103,لا تدركه الابصـٰر وهو يدرك الابصـٰر ۖ وهو اللطيف الخبير,Tafsir text placeholder for verse 6:103
6:104,قد جاءكم بصائر من ربكم ۖ فمن ابصر فلنفسه ۖ ومن عمى فعليها ۚ وما انا۠ عليكم بحفيظ,Tafsir text placeholder for verse 6:104
6:105,وكذٰلك نصرف الـٔايـٰت وليقولوا درست ولنبينه لقوم يعلمون,Tafsir text placeholder for verse 6:105
6:106,اتبع ما اوحى اليك من ربك ۖ لا الـٰه الا هو ۖ واعرض عن المشركين,Tafsir text placeholder for verse 6:106
6:107,ولو شاء الله ما اشركوا ۗ وما جعلنـٰك عليهم حفيظا ۖ وما انت عليهم بوكيل,Tafsir text placeholder for verse 6:107
6:108,ولا تسبوا الذين يدعون من دون الله فيسبوا الله عدوا بغير علم ۗ كذٰلك زينا لكل امة عملهم ثم الىٰ ربهم مرجعهم فينبئهم بما كانوا يعملون,Tafsir text placeholder for verse 6:108
6:109,واقسموا بالله جهد ايمـٰنهم لئن جاءتهم ءاية ليؤمنن بها ۚ قل انما الـٔايـٰت عند الله ۖ وما يشعركم انها اذا جاءت لا يؤمنون,Tafsir text placeholder for verse 6:109
6:110,ونقلب افـٔدتهم وابصـٰرهم كما لم يؤمنوا به اول مرة ونذرهم فى طغيـٰنهم يعمهون,Tafsir text placeholder for verse 6:110
6:111,ولو اننا نزلنا اليهم الملـٰئكة وكلمهم الموتىٰ وحشرنا عليهم كل شىء قبلا ما كانوا ليؤمنوا الا ان يشاء الله ولـٰكن اكثرهم يجهلون,Tafsir text placeholder for verse 6:111
6:112,وكذٰلك جعلنا لكل نبى عدوا شيـٰطين الانس والجن يوحى بعضهم الىٰ بعض زخرف القول غرورا ۚ ولو شاء ربك ما فعلوه ۖ فذرهم وما يفترون,Tafsir text placeholder for verse 6:112
6:113,ولتصغىٰ اليه افـٔدة الذين لا يؤمنون بالـٔاخرة وليرضوه وليقترفوا ما هم مقترفون,Tafsir text placeholder for verse 6:113
6:114,افغير الله ابتغى حكما وهو الذى انزل اليكم الكتـٰب مفصلا ۚ والذين ءاتينـٰهم الكتـٰب يعلمون انه منزل من ربك بالحق ۖ فلا تكونن من الممترين,Tafsir text placeholder for verse 6:114
6:115,وتمت كلمت ربك صدقا وعدلا ۚ لا مبدل لكلمـٰته ۚ وهو السميع العليم,Tafsir text placeholder for verse 6:115
6:116,وان تطع اكثر من فى الارض يضلوك عن سبيل الله ۚ ان يتبعون الا الظن وان هم الا يخرصون,Tafsir text placeholder for verse 6:116
6:117,ان ربك هو اعلم من يضل عن سبيله ۖ وهو اعلم بالمهتدين,Tafsir text placeholder for verse 6:117
6:118,فكلوا مما ذكر اسم الله عليه ان كنتم بـٔايـٰته مؤمنين,Tafsir text placeholder for verse 6:118
6:119,وما لكم الا تاكلوا مما ذكر اسم الله عليه وقد فصل لكم ما حرم عليكم الا ما اضطررتم اليه ۗ وان كثيرا ليضلون باهوائهم بغير علم ۗ ان ربك هو اعلم بالمعتدين,Tafsir text placeholder for verse 6:119
6:120,وذروا ظـٰهر الاثم وباطنه ۚ ان الذين يكسبون الاثم سيجزون بما كانوا يقترفون,Tafsir text placeholder for verse 6:120
6:121,ولا تاكلوا مما لم يذكر اسم الله عليه وانه لفسق ۗ وان الشيـٰطين ليوحون الىٰ اوليائهم ليجـٰدلوكم ۖ وان اطعتموهم انكم لمشركون,Tafsir text placeholder for verse 6:121
6:122,اومن كان ميتا فاحيينـٰه وجعلنا له نورا يمشى به فى الناس كمن مثله فى الظلمـٰت ليس بخارج منها ۚ كذٰلك زين للكـٰفرين ما كانوا يعملون,Tafsir text placeholder for verse 6:122
6:123,وكذٰلك جعلنا فى كل قرية اكـٰبر مجرميها ليمكروا فيها ۖ وما يمكرون الا بانفسهم وما يشعرون,Tafsir text placeholder for verse 6:123
6:124,واذا جاءتهم ءاية قالوا لن نؤمن حتىٰ نؤتىٰ مثل ما اوتى رسل الله ۘ الله اعلم حيث يجعل رسالته ۗ سيصيب الذين اجرموا صغار عند الله وعذاب شديد بما كانوا يمكرون,Tafsir text placeholder for verse 6:124
6:125,فمن يرد الله ان يهديه يشرح صدره للاسلـٰم ۖ ومن يرد ان يضله يجعل صدره ضيقا حرجا كانما يصعد فى السماء ۚ كذٰلك يجعل الله الرجس على الذين لا يؤمنون,Tafsir text placeholder for verse 6:125
6:126,وهـٰذا صرٰط ربك مستقيما ۗ قد فصلنا الـٔايـٰت لقوم يذكرون,Tafsir text placeholder for verse 6:126
6:127,لهم دار السلـٰم عند ربهم ۖ وهو وليهم بما كانوا يعملون,Tafsir text placeholder for verse 6:127
6:128,ويوم يحشرهم جميعا يـٰمعشر الجن قد استكثرتم من الانس ۖ وقال اولياؤهم من الانس ربنا استمتع بعضنا ببعض وبلغنا اجلنا الذى اجلت لنا ۚ قال النار مثوىٰكم خـٰلدين فيها الا ما شاء الله ۗ ان ربك حكيم عليم,Tafsir text placeholder for verse 6:128
6:129,وكذٰلك نولى بعض الظـٰلمين بعضا بما كانوا يكسبون,Tafsir text placeholder for verse 6:129
6:130,يـٰمعشر الجن والانس الم ياتكم رسل منكم يقصون عليكم ءايـٰتى وينذرونكم لقاء يومكم هـٰذا ۚ قالوا شهدنا علىٰ انفسنا ۖ وغرتهم الحيوٰة الدنيا وشهدوا علىٰ انفسهم انهم كانوا كـٰفرين,Tafsir text placeholder for verse 6:130
6:131,ذٰلك ان لم يكن ربك مهلك القرىٰ بظلم واهلها غـٰفلون,Tafsir text placeholder for verse 6:131
6:132,ولكل درجـٰت مما عملوا ۚ وما ربك بغـٰفل عما يعملون,Tafsir text placeholder for verse 6:132
6:133,وربك الغنى ذو الرحمة ۚ ان يشا يذهبكم ويستخلف من بعدكم ما يشاء كما انشاكم من ذرية قوم ءاخرين,Tafsir text placeholder for verse 6:133
6:134,ان ما توعدون لـٔات ۖ وما انتم بمعجزين,Tafsir text placeholder for verse 6:134
6:135,قل يـٰقوم اعملوا علىٰ مكانتكم انى عامل ۖ فسوف تعلمون من تكون له عـٰقبة الدار ۗ انه لا يفلح الظـٰلمون,Tafsir text placeholder for verse 6:135
6:136,وجعلوا لله مما ذرا من الحرث والانعـٰم نصيبا فقالوا هـٰذا لله بزعمهم وهـٰذا لشركائنا ۖ فما كان لشركائهم فلا يصل الى الله ۖ وما كان لله فهو يصل الىٰ شركائهم ۗ ساء ما يحكمون,Tafsir text placeholder for verse 6:136
6:137,وكذٰلك زين لكثير من المشركين قتل اولـٰدهم شركاؤهم ليردوهم وليلبسوا عليهم دينهم ۖ ولو شاء الله ما فعلوه ۖ فذرهم وما يفترون,Tafsir text placeholder for verse 6:137
6:138,وقالوا هـٰذه انعـٰم وحرث حجر لا يطعمها الا من نشاء بزعمهم وانعـٰم حرمت ظهورها وانعـٰم لا يذكرون اسم الله عليها افتراء عليه ۚ سيجزيهم بما كانوا يفترون,Tafsir text placeholder for verse 6:138
6:139,وقالوا ما فى بطون هـٰذه الانعـٰم خالصة لذكورنا ومحرم علىٰ ازوٰجنا ۖ وان يكن ميتة فهم فيه شركاء ۚ سيجزيهم وصفهم ۚ انه حكيم عليم,Tafsir text placeholder for verse 6:139
6:140,قد خسر الذين قتلوا اولـٰدهم سفها بغير علم وحرموا ما رزقهم الله افتراء على الله ۚ قد ضلوا وما كانوا مهتدين,Tafsir text placeholder for verse 6:140
6:141,وهو الذى انشا جنـٰت معروشـٰت وغير معروشـٰت والنخل والزرع مختلفا اكله والزيتون والرمان متشـٰبها وغير متشـٰبه ۚ كلوا من ثمره اذا اثمر وءاتوا حقه يوم حصاده ۖ ولا تسرفوا ۚ انه لا يحب المسرفين,Tafsir text placeholder for verse 6:141
6:142,ومن الانعـٰم حمولة وفرشا ۚ كلوا مما رزقكم الله ولا تتبعوا خطوٰت الشيطـٰن ۚ انه لكم عدو مبين,Tafsir text placeholder for verse 6:142
6:143,ثمـٰنية ازوٰج ۖ من الضان اثنين ومن المعز اثنين ۗ قل ءالذكرين حرم ام الانثيين اما اشتملت عليه ارحام الانثيين ۖ نبـٔونى بعلم ان كنتم صـٰدقين,Tafsir text placeholder for verse 6:143
6:144,ومن الابل اثنين ومن البقر اثنين ۗ قل ءالذكرين حرم ام الانثيين اما اشتملت عليه ارحام الانثيين ۖ ام كنتم شهداء اذ وصىٰكم الله بهـٰذا ۚ فمن اظلم ممن افترىٰ على الله كذبا ليضل الناس بغير علم ۗ ان الله لا يهدى القوم الظـٰلمين,Tafsir text placeholder for verse 6:144
6:145,قل لا اجد فى ما اوحى الى محرما علىٰ طاعم يطعمه الا ان يكون ميتة او دما مسفوحا او لحم خنزير فانه رجس او فسقا اهل لغير الله به ۚ فمن اضطر غير باغ ولا عاد فان ربك غفور رحيم,Tafsir text placeholder for verse 6:145
6:146,وعلى الذين هادوا حرمنا كل ذى ظفر ۖ ومن البقر والغنم حرمنا عليهم شحومهما الا ما حملت ظهورهما او الحوايا او ما اختلط بعظم ۚ ذٰلك جزينـٰهم ببغيهم ۖ وانا لصـٰدقون,Tafsir text placeholder for verse 6:146
6:147,فان كذبوك فقل ربكم ذو رحمة وٰسعة ولا يرد باسه عن القوم المجرمين,Tafsir text placeholder for verse 6:147
6:148,سيقول الذين اشركوا لو شاء الله ما اشركنا ولا ءاباؤنا ولا حرمنا من شىء ۚ كذٰلك كذب الذين من قبلهم حتىٰ ذاقوا باسنا ۗ قل هل عندكم من علم فتخرجوه لنا ۖ ان تتبعون الا الظن وان انتم الا تخرصون,Tafsir text placeholder for verse 6:148
6:149,قل فلله الحجة البـٰلغة ۖ فلو شاء لهدىٰكم اجمعين,Tafsir text placeholder for verse 6:149
6:150,قل هلم شهداءكم الذين يشهدون ان الله حرم هـٰذا ۖ فان شهدوا فلا تشهد معهم ۚ ولا تتبع اهواء الذين كذبوا بـٔايـٰتنا والذين لا يؤمنون بالـٔاخرة وهم بربهم يعدلون,Tafsir text placeholder for verse 6:150
6:151,قل تعالوا اتل ما حرم ربكم عليكم ۖ الا تشركوا به شيـٔا ۖ وبالوٰلدين احسـٰنا ۖ ولا تقتلوا اولـٰدكم من املـٰق ۖ نحن نرزقكم واياهم ۖ ولا تقربوا الفوٰحش ما ظهر منها وما بطن ۖ ولا تقتلوا النفس التى حرم الله الا بالحق ۚ ذٰلكم وصىٰكم به لعلكم تعقلون,Tafsir text placeholder for verse 6:151
6:152,ولا تقربوا مال اليتيم الا بالتى هى احسن حتىٰ يبلغ اشده ۖ واوفوا الكيل والميزان بالقسط ۖ لا نكلف نفسا الا وسعها ۖ واذا قلتم فاعدلوا ولو كان ذا قربىٰ ۖ وبعهد الله اوفوا ۚ ذٰلكم وصىٰكم به لعلكم تذكرون,Tafsir text placeholder for verse 6:152
6:153,وان هـٰذا صرٰطى مستقيما فاتبعوه ۖ ولا تتبعوا السبل فتفرق بكم عن سبيله ۚ ذٰلكم وصىٰكم به لعلكم تتقون,Tafsir text placeholder for verse 6:153
6:154,ثم ءاتينا موسى الكتـٰب تماما على الذى احسن وتفصيلا لكل شىء وهدى ورحمة لعلهم بلقاء ربهم يؤمنون,Tafsir text placeholder for verse 6:154
6:155,وهـٰذا كتـٰب انزلنـٰه مبارك فاتبعوه واتقوا لعلكم ترحمون,Tafsir text placeholder for verse 6:155
6:156,ان تقولوا انما انزل الكتـٰب علىٰ طائفتين من قبلنا وان كنا عن دراستهم لغـٰفلين,Tafsir text placeholder for verse 6:156
6:157,او تقولوا لو انا انزل علينا الكتـٰب لكنا اهدىٰ منهم ۚ فقد جاءكم بينة من ربكم وهدى ورحمة ۚ فمن اظلم ممن كذب بـٔايـٰت الله وصدف عنها ۗ سنجزى الذين يصدفون عن ءايـٰتنا سوء العذاب بما كانوا يصدفون,Tafsir text placeholder for verse 6:157
6:158,هل ينظرون الا ان تاتيهم الملـٰئكة او ياتى ربك او ياتى بعض ءايـٰت ربك ۗ يوم ياتى بعض ءايـٰت ربك لا ينفع نفسا ايمـٰنها لم تكن ءامنت من قبل او كسبت فى ايمـٰنها خيرا ۗ قل انتظروا انا منتظرون,Tafsir text placeholder for verse 6:158
6:159,ان الذين فرقوا دينهم وكانوا شيعا لست منهم فى شىء ۚ انما امرهم الى الله ثم ينبئهم بما كانوا يفعلون,Tafsir text placeholder for verse 6:159
6:160,من جاء بالحسنة فله عشر امثالها ۖ ومن جاء بالسيئة فلا يجزىٰ الا مثلها وهم لا يظلمون,Tafsir text placeholder for verse 6:160
6:161,قل اننى هدىٰنى ربى الىٰ صرٰط مستقيم دينا قيما ملة ابرٰهيم حنيفا ۚ وما كان من المشركين,Tafsir text placeholder for verse 6:161
6:162,قل ان صلاتى ونسكى ومحياى ومماتى لله رب العـٰلمين,Tafsir text placeholder for verse 6:162
6:163,لا شريك له ۖ وبذٰلك امرت وانا۠ اول المسلمين,Tafsir text placeholder for verse 6:163
6:164,قل اغير الله ابغى ربا وهو رب كل شىء ۚ ولا تكسب كل نفس الا عليها ۚ ولا تزر وازرة وزر اخرىٰ ۚ ثم الىٰ ربكم مرجعكم فينبئكم بما كنتم فيه تختلفون,Tafsir text placeholder for verse 6:164
6:165,وهو الذى جعلكم خلـٰئف الارض ورفع بعضكم فوق بعض درجـٰت ليبلوكم فى ما ءاتىٰكم ۗ ان ربك سريع العقاب وانه لغفور رحيم,Tafsir text placeholder for verse 6:165
7:1,المص,Tafsir text placeholder for verse 7:1
7:2,كتـٰب انزل اليك فلا يكن فى صدرك حرج منه لتنذر به وذكرىٰ للمؤمنين,Tafsir text placeholder for verse 7:2
7:3,اتبعوا ما انزل اليكم من ربكم ولا تتبعوا من دونه اولياء ۗ قليلا ما تذكرون,Tafsir text placeholder for verse 7:3
7:4,وكم من قرية اهلكنـٰها فجاءها باسنا بيـٰتا او هم قائلون,Tafsir text placeholder for verse 7:4
7:5,فما كان دعوىٰهم اذ جاءهم باسنا الا ان قالوا انا كنا ظـٰلمين,Tafsir text placeholder for verse 7:5
7:6,فلنسـٔلن الذين ارسل اليهم ولنسـٔلن المرسلين,Tafsir text placeholder for verse 7:6
7:7,فلنقصن عليهم بعلم ۖ وما كنا غائبين,Tafsir text placeholder for verse 7:7
7:8,والوزن يومئذ الحق ۚ فمن ثقلت موٰزينه فاولـٰئك هم المفلحون,Tafsir text placeholder for verse 7:8
7:9,ومن خفت موٰزينه فاولـٰئك الذين خسروا انفسهم بما كانوا بـٔايـٰتنا يظلمون,Tafsir text placeholder for verse 7:9
7:10,ولقد مكنـٰكم فى الارض وجعلنا لكم فيها معـٰيش ۗ قليلا ما تشكرون,Tafsir text placeholder for verse 7:10
7:11,ولقد خلقنـٰكم ثم صورنـٰكم ثم قلنا للملـٰئكة اسجدوا لـٔادم فسجدوا الا ابليس لم يكن من السـٰجدين,Tafsir text placeholder for verse 7:11
7:12,قال ما منعك الا تسجد اذ امرتك ۖ قال انا۠ خير منه خلقتنى من نار وخلقته من طين,Tafsir text placeholder for verse 7:12
7:13,قال فاهبط منها فما يكون لك ان تتكبر فيها فاخرج انك من الصـٰغرين,Tafsir text placeholder for verse 7:13
7:14,قال انظرنى الىٰ يوم يبعثون,Tafsir text placeholder for verse 7:14
7:15,قال انك من المنظرين,Tafsir text placeholder for verse 7:15
7:16,قال فبما اغويتنى لاقعدن لهم صرٰطك المستقيم,Tafsir text placeholder for verse 7:16
7:17,ثم لـٔاتينهم من بين ايديهم ومن خلفهم وعن ايمـٰنهم وعن شمائلهم ۖ ولا تجد اكثرهم شـٰكرين,Tafsir text placeholder for verse 7:17
7:18,قال اخرج منها مذءوما مدحورا ۖ لمن تبعك منهم لاملان جهنم منكم اجمعين,Tafsir text placeholder for verse 7:18
7:19,ويـٰـٔادم اسكن انت وزوجك الجنة فكلا من حيث شئتما ولا تقربا هـٰذه الشجرة فتكونا من الظـٰلمين,Tafsir text placeholder for verse 7:19
7:20,فوسوس لهما الشيطـٰن ليبدى لهما ما وۥرى عنهما من سوءٰتهما وقال ما نهىٰكما ربكما عن هـٰذه الشجرة الا ان تكونا ملكين او تكونا من الخـٰلدين,Tafsir text placeholder for verse 7:20
7:21,وقاسمهما انى لكما لمن النـٰصحين,Tafsir text placeholder for verse 7:21
7:22,فدلىٰهما بغرور ۚ فلما ذاقا الشجرة بدت لهما سوءٰتهما وطفقا يخصفان عليهما من ورق الجنة ۖ ونادىٰهما ربهما الم انهكما عن تلكما الشجرة واقل لكما ان الشيطـٰن لكما عدو مبين,Tafsir text placeholder for verse 7:22
7:23,قالا ربنا ظلمنا انفسنا وان لم تغفر لنا وترحمنا لنكونن من الخـٰسرين,Tafsir text placeholder for verse 7:23
7:24,قال اهبطوا بعضكم لبعض عدو ۖ ولكم فى الارض مستقر ومتـٰع الىٰ حين,Tafsir text placeholder for verse 7:24
7:25,قال فيها تحيون وفيها تموتون ومنها تخرجون,Tafsir text placeholder for verse 7:25
7:26,يـٰبنى ءادم قد انزلنا عليكم لباسا يوٰرى سوءٰتكم وريشا ۖ ولباس التقوىٰ ذٰلك خير ۚ ذٰلك من ءايـٰت الله لعلهم يذكرون,Tafsir text placeholder for verse 7:26
7:27,يـٰبنى ءادم لا يفتننكم الشيطـٰن كما اخرج ابويكم من الجنة ينزع عنهما لباسهما ليريهما سوءٰتهما ۗ انه يرىٰكم هو وقبيله من حيث لا ترونهم ۗ انا جعلنا الشيـٰطين اولياء للذين لا يؤمنون,Tafsir text placeholder for verse 7:27
7:28,واذا فعلوا فـٰحشة قالوا وجدنا عليها ءاباءنا والله امرنا بها ۗ قل ان الله لا يامر بالفحشاء ۖ اتقولون على الله ما لا تعلمون,Tafsir text placeholder for verse 7:28
7:29,قل امر ربى بالقسط ۖ واقيموا وجوهكم عند كل مسجد وادعوه مخلصين له الدين ۚ كما بداكم تعودون,Tafsir text placeholder for verse 7:29
7:30,فريقا هدىٰ وفريقا حق عليهم الضلـٰلة ۗ انهم اتخذوا الشيـٰطين اولياء من دون الله ويحسبون انهم مهتدون,Tafsir text placeholder for verse 7:30
7:31,يـٰبنى ءادم خذوا زينتكم عند كل مسجد وكلوا واشربوا ولا تسرفوا ۚ انه لا يحب المسرفين,Tafsir text placeholder for verse 7:31
7:32,قل من حرم زينة الله التى اخرج لعباده والطيبـٰت من الرزق ۚ قل هى للذين ءامنوا فى الحيوٰة الدنيا خالصة يوم القيـٰمة ۗ كذٰلك نفصل الـٔايـٰت لقوم يعلمون,Tafsir text placeholder for verse 7:32
7:33,قل انما حرم ربى الفوٰحش ما ظهر منها وما بطن والاثم والبغى بغير الحق وان تشركوا بالله ما لم ينزل به سلطـٰنا وان تقولوا على الله ما لا تعلمون,Tafsir text placeholder for verse 7:33
7:34,ولكل امة اجل ۖ فاذا جاء اجلهم لا يستاخرون ساعة ۖ ولا يستقدمون,Tafsir text placeholder for verse 7:34
7:35,يـٰبنى ءادم اما ياتينكم رسل منكم يقصون عليكم ءايـٰتى ۙ فمن اتقىٰ واصلح فلا خوف عليهم ولا هم يحزنون,Tafsir text placeholder for verse 7:35
7:36,والذين كذبوا بـٔايـٰتنا واستكبروا عنها اولـٰئك اصحـٰب النار ۖ هم فيها خـٰلدون,Tafsir text placeholder for verse 7:36
7:37,فمن اظلم ممن افترىٰ على الله كذبا او كذب بـٔايـٰته ۚ اولـٰئك ينالهم نصيبهم من الكتـٰب ۖ حتىٰ اذا جاءتهم رسلنا يتوفونهم قالوا اين ما كنتم تدعون من دون الله ۖ قالوا ضلوا عنا وشهدوا علىٰ انفسهم انهم كانوا كـٰفرين,Tafsir text placeholder for verse 7:37
7:38,قال ادخلوا فى امم قد خلت من قبلكم من الجن والانس فى النار ۖ كلما دخلت امة لعنت اختها ۖ حتىٰ اذا اداركوا فيها جميعا قالت اخرىٰهم لاولىٰهم ربنا هـٰؤلاء اضلونا فـٔاتهم عذابا ضعفا من النار ۖ قال لكل ضعف ولـٰكن لا تعلمون,Tafsir text placeholder for verse 7:38
7:39,وقالت اولىٰهم لاخرىٰهم فما كان لكم علينا من فضل فذوقوا العذاب بما كنتم تكسبون,Tafsir text placeholder for verse 7:39
7:40,ان الذين كذبوا بـٔايـٰتنا واستكبروا عنها لا تفتح لهم ابوٰب السماء ولا يدخلون الجنة حتىٰ يلج الجمل فى سم الخياط ۚ وكذٰلك نجزى المجرمين,Tafsir text placeholder for verse 7:40
7:41,لهم من جهنم مهاد ومن فوقهم غواش ۚ وكذٰلك نجزى الظـٰلمين,Tafsir text placeholder for verse 7:41
7:42,والذين ءامنوا وعملوا الصـٰلحـٰت لا نكلف نفسا الا وسعها اولـٰئك اصحـٰب الجنة ۖ هم فيها خـٰلدون,Tafsir text placeholder for verse 7:42
7:43,ونزعنا ما فى صدورهم من غل تجرى من تحتهم الانهـٰر ۖ وقالوا الحمد لله الذى هدىٰنا لهـٰذا وما كنا لنهتدى لولا ان هدىٰنا الله ۖ لقد جاءت رسل ربنا بالحق ۖ ونودوا ان تلكم الجنة اورثتموها بما كنتم تعملون,Tafsir text placeholder for verse 7:43
7:44,ونادىٰ اصحـٰب الجنة اصحـٰب النار ان قد وجدنا ما وعدنا ربنا حقا فهل وجدتم ما وعد ربكم حقا ۖ قالوا نعم ۚ فاذن مؤذن بينهم ان لعنة الله على الظـٰلمين,Tafsir text placeholder for verse 7:44
7:45,الذين يصدون عن سبيل الله ويبغونها عوجا وهم بالـٔاخرة كـٰفرون,Tafsir text placeholder for verse 7:45
7:46,وبينهما حجاب ۚ وعلى الاعراف رجال يعرفون كلا بسيمىٰهم ۚ ونادوا اصحـٰب الجنة ان سلـٰم عليكم ۚ لم يدخلوها وهم يطمعون,Tafsir text placeholder for verse 7:46
7:47,واذا صرفت ابصـٰرهم تلقاء اصحـٰب النار قالوا ربنا لا تجعلنا مع القوم الظـٰلمين,Tafsir text placeholder for verse 7:47
7:48,ونادىٰ اصحـٰب الاعراف رجالا يعرفونهم بسيمىٰهم قالوا ما اغنىٰ عنكم جمعكم وما كنتم تستكبرون,Tafsir text placeholder for verse 7:48
7:49,اهـٰؤلاء الذين اقسمتم لا ينالهم الله برحمة ۚ ادخلوا الجنة لا خوف عليكم ولا انتم تحزنون,Tafsir text placeholder for verse 7:49
7:50,ونادىٰ اصحـٰب النار اصحـٰب الجنة ان افيضوا علينا من الماء او مما رزقكم الله ۚ قالوا ان الله حرمهما على الكـٰفرين,Tafsir text placeholder for verse 7:50
7:51,الذين اتخذوا دينهم لهوا ولعبا وغرتهم الحيوٰة الدنيا ۚ فاليوم ننسىٰهم كما نسوا لقاء يومهم هـٰذا وما كانوا بـٔايـٰتنا يجحدون,Tafsir text placeholder for verse 7:51
7:52,ولقد جئنـٰهم بكتـٰب فصلنـٰه علىٰ علم هدى ورحمة لقوم يؤمنون,Tafsir text placeholder for verse 7:52
7:53,هل ينظرون الا تاويله ۚ يوم ياتى تاويله يقول الذين نسوه من قبل قد جاءت رسل ربنا بالحق فهل لنا من شفعاء فيشفعوا لنا او نرد فنعمل غير الذى كنا نعمل ۚ قد خسروا انفسهم وضل عنهم ما كانوا يفترون,Tafsir text placeholder for verse 7:53
7:54,ان ربكم الله الذى خلق السمـٰوٰت والارض فى ستة ايام ثم استوىٰ على العرش يغشى اليل النهار يطلبه حثيثا والشمس والقمر والنجوم مسخرٰت بامره ۗ الا له الخلق والامر ۗ تبارك الله رب العـٰلمين,Tafsir text placeholder for verse 7:54
7:55,ادعوا ربكم تضرعا وخفية ۚ انه لا يحب المعتدين,Tafsir text placeholder for verse 7:55
7:56,ولا تفسدوا فى الارض بعد اصلـٰحها وادعوه خوفا وطمعا ۚ ان رحمت الله قريب من المحسنين,Tafsir text placeholder for verse 7:56
7:57,وهو الذى يرسل الريـٰح بشرا بين يدى رحمته ۖ حتىٰ اذا اقلت سحابا ثقالا سقنـٰه لبلد ميت فانزلنا به الماء فاخرجنا به من كل الثمرٰت ۚ كذٰلك نخرج الموتىٰ لعلكم تذكرون,Tafsir text placeholder for verse 7:57
7:58,والبلد الطيب يخرج نباته باذن ربه ۖ والذى خبث لا يخرج الا نكدا ۚ كذٰلك نصرف الـٔايـٰت لقوم يشكرون,Tafsir text placeholder for verse 7:58
7:59,لقد ارسلنا نوحا الىٰ قومه فقال يـٰقوم اعبدوا الله ما لكم من الـٰه غيره انى اخاف عليكم عذاب يوم عظيم,Tafsir text placeholder for verse 7:59
7:60,قال الملا من قومه انا لنرىٰك فى ضلـٰل مبين,Tafsir text placeholder for verse 7:60
7:61,قال يـٰقوم ليس بى ضلـٰلة ولـٰكنى رسول من رب العـٰلمين,Tafsir text placeholder for verse 7:61
7:62,ابلغكم رسـٰلـٰت ربى وانصح لكم واعلم من الله ما لا تعلمون,Tafsir text placeholder for verse 7:62
7:63,اوعجبتم ان جاءكم ذكر من ربكم علىٰ رجل منكم لينذركم ولتتقوا ولعلكم ترحمون,Tafsir text placeholder for verse 7:63
7:64,فكذبوه فانجينـٰه والذين معه فى الفلك واغرقنا الذين كذبوا بـٔايـٰتنا ۚ انهم كانوا قوما عمين,Tafsir text placeholder for verse 7:64
7:65,والىٰ عاد اخاهم هودا ۗ قال يـٰقوم اعبدوا الله ما لكم من الـٰه غيره ۚ افلا تتقون,Tafsir text placeholder for verse 7:65
7:66,قال الملا الذين كفروا من قومه انا لنرىٰك فى سفاهة وانا لنظنك من الكـٰذبين,Tafsir text placeholder for verse 7:66
7:67,قال يـٰقوم ليس بى سفاهة ولـٰكنى رسول من رب العـٰلمين,Tafsir text placeholder for verse 7:67
7:68,ابلغكم رسـٰلـٰت ربى وانا۠ لكم ناصح امين,Tafsir text placeholder for verse 7:68
7:69,اوعجبتم ان جاءكم ذكر من ربكم علىٰ رجل منكم لينذركم ۚ واذكروا اذ جعلكم خلفاء من بعد قوم نوح وزادكم فى الخلق بصۜطة ۖ فاذكروا ءالاء الله لعلكم تفلحون,Tafsir text placeholder for verse 7:69
7:70,قالوا اجئتنا لنعبد الله وحده ونذر ما كان يعبد ءاباؤنا ۖ فاتنا بما تعدنا ان كنت من الصـٰدقين,Tafsir text placeholder for verse 7:70
7:71,قال قد وقع عليكم من ربكم رجس وغضب ۖ اتجـٰدلوننى فى اسماء سميتموها انتم وءاباؤكم ما نزل الله بها من سلطـٰن ۚ فانتظروا انى معكم من المنتظرين,Tafsir text placeholder for verse 7:71
7:72,فانجينـٰه والذين معه برحمة منا وقطعنا دابر الذين كذبوا بـٔايـٰتنا ۖ وما كانوا مؤمنين,Tafsir text placeholder for verse 7:72
7:73,والىٰ ثمود اخاهم صـٰلحا ۗ قال يـٰقوم اعبدوا الله ما لكم من الـٰه غيره ۖ قد جاءتكم بينة من ربكم ۖ هـٰذه ناقة الله لكم ءاية ۖ فذروها تاكل فى ارض الله ۖ ولا تمسوها بسوء فياخذكم عذاب اليم,Tafsir text placeholder for verse 7:73
7:74,واذكروا اذ جعلكم خلفاء من بعد عاد وبواكم فى الارض تتخذون من سهولها قصورا وتنحتون الجبال بيوتا ۖ فاذكروا ءالاء الله ولا تعثوا فى الارض مفسدين,Tafsir text placeholder for verse 7:74
7:75,قال الملا الذين استكبروا من قومه للذين استضعفوا لمن ءامن منهم اتعلمون ان صـٰلحا مرسل من ربه ۚ قالوا انا بما ارسل به مؤمنون,Tafsir text placeholder for verse 7:75
7:76,قال الذين استكبروا انا بالذى ءامنتم به كـٰفرون,Tafsir text placeholder for verse 7:76
7:77,فعقروا الناقة وعتوا عن امر ربهم وقالوا يـٰصـٰلح ائتنا بما تعدنا ان كنت من المرسلين,Tafsir text placeholder for verse 7:77
7:78,فاخذتهم الرجفة فاصبحوا فى دارهم جـٰثمين,Tafsir text placeholder for verse 7:78
7:79,فتولىٰ عنهم وقال يـٰقوم لقد ابلغتكم رسالة ربى ونصحت لكم ولـٰكن لا تحبون النـٰصحين,Tafsir text placeholder for verse 7:79
7:80,ولوطا اذ قال لقومه اتاتون الفـٰحشة ما سبقكم بها من احد من العـٰلمين,Tafsir text placeholder for verse 7:80
7:81,انكم لتاتون الرجال شهوة من دون النساء ۚ بل انتم قوم مسرفون,Tafsir text placeholder for verse 7:81
7:82,وما كان جواب قومه الا ان قالوا اخرجوهم من قريتكم ۖ انهم اناس يتطهرون,Tafsir text placeholder for verse 7:82
7:83,فانجينـٰه واهله الا امراته كانت من الغـٰبرين,Tafsir text placeholder for verse 7:83
7:84,وامطرنا عليهم مطرا ۖ فانظر كيف كان عـٰقبة المجرمين,Tafsir text placeholder for verse 7:84
7:85,والىٰ مدين اخاهم شعيبا ۗ قال يـٰقوم اعبدوا الله ما لكم من الـٰه غيره ۖ قد جاءتكم بينة من ربكم ۖ فاوفوا الكيل والميزان ولا تبخسوا الناس اشياءهم ولا تفسدوا فى الارض بعد اصلـٰحها ۚ ذٰلكم خير لكم ان كنتم مؤمنين,Tafsir text placeholder for verse 7:85
7:86,ولا تقعدوا بكل صرٰط توعدون وتصدون عن سبيل الله من ءامن به وتبغونها عوجا ۚ واذكروا اذ كنتم قليلا فكثركم ۖ وانظروا كيف كان عـٰقبة المفسدين,Tafsir text placeholder for verse 7:86
7:87,وان كان طائفة منكم ءامنوا بالذى ارسلت به وطائفة لم يؤمنوا فاصبروا حتىٰ يحكم الله بيننا ۚ وهو خير الحـٰكمين,Tafsir text placeholder for verse 7:87
7:88,قال الملا الذين استكبروا من قومه لنخرجنك يـٰشعيب والذين ءامنوا معك من قريتنا او لتعودن فى ملتنا ۚ قال اولو كنا كـٰرهين,Tafsir text placeholder for verse 7:88
7:89,قد افترينا على الله كذبا ان عدنا فى ملتكم بعد اذ نجىٰنا الله منها ۚ وما يكون لنا ان نعود فيها الا ان يشاء الله ربنا ۚ وسع ربنا كل شىء علما ۚ على الله توكلنا ۚ ربنا افتح بيننا وبين قومنا بالحق وانت خير الفـٰتحين,Tafsir text placeholder for verse 7:89
7:90,وقال الملا الذين كفروا من قومه لئن اتبعتم شعيبا انكم اذا لخـٰسرون,Tafsir text placeholder for verse 7:90
7:91,فاخذتهم الرجفة فاصبحوا فى دارهم جـٰثمين,Tafsir text placeholder for verse 7:91
7:92,الذين كذبوا شعيبا كان لم يغنوا فيها ۚ الذين كذبوا شعيبا كانوا هم الخـٰسرين,Tafsir text placeholder for verse 7:92
7:93,فتولىٰ عنهم وقال يـٰقوم لقد ابلغتكم رسـٰلـٰت ربى ونصحت لكم ۖ فكيف ءاسىٰ علىٰ قوم كـٰفرين,Tafsir text placeholder for verse 7:93
7:94,وما ارسلنا فى قرية من نبى الا اخذنا اهلها بالباساء والضراء لعلهم يضرعون,Tafsir text placeholder for verse 7:94
7:95,ثم بدلنا مكان السيئة الحسنة حتىٰ عفوا وقالوا قد مس ءاباءنا الضراء والسراء فاخذنـٰهم بغتة وهم لا يشعرون,Tafsir text placeholder for verse 7:95
7:96,ولو ان اهل القرىٰ ءامنوا واتقوا لفتحنا عليهم بركـٰت من السماء والارض ولـٰكن كذبوا فاخذنـٰهم بما كانوا يكسبون,Tafsir text placeholder for verse 7:96
7:97,افامن اهل القرىٰ ان ياتيهم باسنا بيـٰتا وهم نائمون,Tafsir text placeholder for verse 7:97
7:98,اوامن اهل القرىٰ ان ياتيهم باسنا ضحى وهم يلعبون,Tafsir text placeholder for verse 7:98
7:99,افامنوا مكر الله ۚ فلا يامن مكر الله الا القوم الخـٰسرون,Tafsir text placeholder for verse 7:99
7:100,اولم يهد للذين يرثون الارض من بعد اهلها ان لو نشاء اصبنـٰهم بذنوبهم ۚ ونطبع علىٰ قلوبهم فهم لا يسمعون,Tafsir text placeholder for verse 7:100
7:101,تلك القرىٰ نقص عليك من انبائها ۚ ولقد جاءتهم رسلهم بالبينـٰت فما كانوا ليؤمنوا بما كذبوا من قبل ۚ كذٰلك يطبع الله علىٰ قلوب الكـٰفرين,Tafsir text placeholder for verse 7:101
7:102,وما وجدنا لاكثرهم من عهد ۖ وان وجدنا اكثرهم لفـٰسقين,Tafsir text placeholder for verse 7:102
7:103,ثم بعثنا من بعدهم موسىٰ بـٔايـٰتنا الىٰ فرعون وملاي۟ه فظلموا بها ۖ فانظر كيف كان عـٰقبة المفسدين,Tafsir text placeholder for verse 7:103
7:104,وقال موسىٰ يـٰفرعون انى رسول من رب العـٰلمين,Tafsir text placeholder for verse 7:104
7:105,حقيق علىٰ ان لا اقول على الله الا الحق ۚ قد جئتكم ببينة من ربكم فارسل معى بنى اسرٰءيل,Tafsir text placeholder for verse 7:105
7:106,قال ان كنت جئت بـٔاية فات بها ان كنت من الصـٰدقين,Tafsir text placeholder for verse 7:106
7:107,فالقىٰ عصاه فاذا هى ثعبان مبين,Tafsir text placeholder for verse 7:107
7:108,ونزع يده فاذا هى بيضاء للنـٰظرين,Tafsir text placeholder for verse 7:108
7:109,قال الملا من قوم فرعون ان هـٰذا لسـٰحر عليم,Tafsir text placeholder for verse 7:109
7:110,يريد ان يخرجكم من ارضكم ۖ فماذا تامرون,Tafsir text placeholder for verse 7:110
7:111,قالوا ارجه واخاه وارسل فى المدائن حـٰشرين,Tafsir text placeholder for verse 7:111
7:112,ياتوك بكل سـٰحر عليم,Tafsir text placeholder for verse 7:112
7:113,وجاء السحرة فرعون قالوا ان لنا لاجرا ان كنا نحن الغـٰلبين,Tafsir text placeholder for verse 7:113
7:114,قال نعم وانكم لمن المقربين,Tafsir text placeholder for verse 7:114
7:115,قالوا يـٰموسىٰ اما ان تلقى واما ان نكون نحن الملقين,Tafsir text placeholder for verse 7:115
7:116,قال القوا ۖ فلما القوا سحروا اعين الناس واسترهبوهم وجاءو بسحر عظيم,Tafsir text placeholder for verse 7:116
7:117,واوحينا الىٰ موسىٰ ان الق عصاك ۖ فاذا هى تلقف ما يافكون,Tafsir text placeholder for verse 7:117
7:118,فوقع الحق وبطل ما كانوا يعملون,Tafsir text placeholder for verse 7:118
7:119,فغلبوا هنالك وانقلبوا صـٰغرين,Tafsir text placeholder for verse 7:119
7:120,والقى السحرة سـٰجدين,Tafsir text placeholder for verse 7:120
7:121,قالوا ءامنا برب العـٰلمين,Tafsir text placeholder for verse 7:121
7:122,رب موسىٰ وهـٰرون,Tafsir text placeholder for verse 7:122
7:123,قال فرعون ءامنتم به قبل ان ءاذن لكم ۖ ان هـٰذا لمكر مكرتموه فى المدينة لتخرجوا منها اهلها ۖ فسوف تعلمون,Tafsir text placeholder for verse 7:123
7:124,لاقطعن ايديكم وارجلكم من خلـٰف ثم لاصلبنكم اجمعين,Tafsir text placeholder for verse 7:124
7:125,قالوا انا الىٰ ربنا منقلبون,Tafsir text placeholder for verse 7:125
7:126,وما تنقم منا الا ان ءامنا بـٔايـٰت ربنا لما جاءتنا ۚ ربنا افرغ علينا صبرا وتوفنا مسلمين,Tafsir text placeholder for verse 7:126
7:127,وقال الملا من قوم فرعون اتذر موسىٰ وقومه ليفسدوا فى الارض ويذرك وءالهتك ۚ قال سنقتل ابناءهم ونستحيۦ نساءهم وانا فوقهم قـٰهرون,Tafsir text placeholder for verse 7:127
7:128,قال موسىٰ لقومه استعينوا بالله واصبروا ۖ ان الارض لله يورثها من يشاء من عباده ۖ والعـٰقبة للمتقين,Tafsir text placeholder for verse 7:128
7:129,قالوا اوذينا من قبل ان تاتينا ومن بعد ما جئتنا ۚ قال عسىٰ ربكم ان يهلك عدوكم ويستخلفكم فى الارض فينظر كيف تعملون,Tafsir text placeholder for verse 7:129
7:130,ولقد اخذنا ءال فرعون بالسنين ونقص من الثمرٰت لعلهم يذكرون,Tafsir text placeholder for verse 7:130
7:131,فاذا جاءتهم الحسنة قالوا لنا هـٰذه ۖ وان تصبهم سيئة يطيروا بموسىٰ ومن معه ۗ الا انما طـٰئرهم عند الله ولـٰكن اكثرهم لا يعلمون,Tafsir text placeholder for verse 7:131
7:132,وقالوا مهما تاتنا به من ءاية لتسحرنا بها فما نحن لك بمؤمنين,Tafsir text placeholder for verse 7:132
7:133,فارسلنا عليهم الطوفان والجراد والقمل والضفادع والدم ءايـٰت مفصلـٰت فاستكبروا وكانوا قوما مجرمين,Tafsir text placeholder for verse 7:133
7:134,ولما وقع عليهم الرجز قالوا يـٰموسى ادع لنا ربك بما عهد عندك ۖ لئن كشفت عنا الرجز لنؤمنن لك ولنرسلن معك بنى اسرٰءيل,Tafsir text placeholder for verse 7:134
7:135,فلما كشفنا عنهم الرجز الىٰ اجل هم بـٰلغوه اذا هم ينكثون,Tafsir text placeholder for verse 7:135
7:136,فانتقمنا منهم فاغرقنـٰهم فى اليم بانهم كذبوا بـٔايـٰتنا وكانوا عنها غـٰفلين,Tafsir text placeholder for verse 7:136
7:137,واورثنا القوم الذين كانوا يستضعفون مشـٰرق الارض ومغـٰربها التى بـٰركنا فيها ۖ وتمت كلمت ربك الحسنىٰ علىٰ بنى اسرٰءيل بما صبروا ۖ ودمرنا ما كان يصنع فرعون وقومه وما كانوا يعرشون,Tafsir text placeholder for verse 7:137
7:138,وجـٰوزنا ببنى اسرٰءيل البحر فاتوا علىٰ قوم يعكفون علىٰ اصنام لهم ۚ قالوا يـٰموسى اجعل لنا الـٰها كما لهم ءالهة ۚ قال انكم قوم تجهلون,Tafsir text placeholder for verse 7:138
7:139,ان هـٰؤلاء متبر ما هم فيه وبـٰطل ما كانوا يعملون,Tafsir text placeholder for verse 7:139
7:140,قال اغير الله ابغيكم الـٰها وهو فضلكم على العـٰلمين,Tafsir text placeholder for verse 7:140
7:141,واذ انجينـٰكم من ءال فرعون يسومونكم سوء العذاب ۖ يقتلون ابناءكم ويستحيون نساءكم ۚ وفى ذٰلكم بلاء من ربكم عظيم,Tafsir text placeholder for verse 7:141
7:142,ووٰعدنا موسىٰ ثلـٰثين ليلة واتممنـٰها بعشر فتم ميقـٰت ربه اربعين ليلة ۚ وقال موسىٰ لاخيه هـٰرون اخلفنى فى قومى واصلح ولا تتبع سبيل المفسدين,Tafsir text placeholder for verse 7:142
7:143,ولما جاء موسىٰ لميقـٰتنا وكلمه ربه قال رب ارنى انظر اليك ۚ قال لن ترىٰنى ولـٰكن انظر الى الجبل فان استقر مكانه فسوف ترىٰنى ۚ فلما تجلىٰ ربه للجبل جعله دكا وخر موسىٰ صعقا ۚ فلما افاق قال سبحـٰنك تبت اليك وانا۠ اول المؤمنين,Tafsir text placeholder for verse 7:143
7:144,قال يـٰموسىٰ انى اصطفيتك على الناس برسـٰلـٰتى وبكلـٰمى فخذ ما ءاتيتك وكن من الشـٰكرين,Tafsir text placeholder for verse 7:144
7:145,وكتبنا له فى الالواح من كل شىء موعظة وتفصيلا لكل شىء فخذها بقوة وامر قومك ياخذوا باحسنها ۚ ساو۟ريكم دار الفـٰسقين,Tafsir text placeholder for verse 7:145
7:146,ساصرف عن ءايـٰتى الذين يتكبرون فى الارض بغير الحق وان يروا كل ءاية لا يؤمنوا بها وان يروا سبيل الرشد لا يتخذوه سبيلا وان يروا سبيل الغى يتخذوه سبيلا ۚ ذٰلك بانهم كذبوا بـٔايـٰتنا وكانوا عنها غـٰفلين,Tafsir text placeholder for verse 7:146
7:147,والذين كذبوا بـٔايـٰتنا ولقاء الـٔاخرة حبطت اعمـٰلهم ۚ هل يجزون الا ما كانوا يعملون,Tafsir text placeholder for verse 7:147
7:148,واتخذ قوم موسىٰ من بعده من حليهم عجلا جسدا له خوار ۚ الم يروا انه لا يكلمهم ولا يهديهم سبيلا ۘ اتخذوه وكانوا ظـٰلمين,Tafsir text placeholder for verse 7:148
7:149,ولما سقط فى ايديهم وراوا انهم قد ضلوا قالوا لئن لم يرحمنا ربنا ويغفر لنا لنكونن من الخـٰسرين,Tafsir text placeholder for verse 7:149
7:150,ولما رجع موسىٰ الىٰ قومه غضبـٰن اسفا قال بئسما خلفتمونى من بعدى ۖ اعجلتم امر ربكم ۖ والقى الالواح واخذ براس اخيه يجره اليه ۚ قال ابن ام ان القوم استضعفونى وكادوا يقتلوننى فلا تشمت بى الاعداء ولا تجعلنى مع القوم الظـٰلمين,Tafsir text placeholder for verse 7:150
7:151,قال رب اغفر لى ولاخى وادخلنا فى رحمتك ۖ وانت ارحم الرٰحمين,Tafsir text placeholder for verse 7:151
7:152,ان الذين اتخذوا العجل سينالهم غضب من ربهم وذلة فى الحيوٰة الدنيا ۚ وكذٰلك نجزى المفترين,Tafsir text placeholder for verse 7:152
7:153,والذين عملوا السيـٔات ثم تابوا من بعدها وءامنوا ان ربك من بعدها لغفور رحيم,Tafsir text placeholder for verse 7:153
7:154,ولما سكت عن موسى الغضب اخذ الالواح ۖ وفى نسختها هدى ورحمة للذين هم لربهم يرهبون,Tafsir text placeholder for verse 7:154
7:155,واختار موسىٰ قومه سبعين رجلا لميقـٰتنا ۖ فلما اخذتهم الرجفة قال رب لو شئت اهلكتهم من قبل وايـٰى ۖ اتهلكنا بما فعل السفهاء منا ۖ ان هى الا فتنتك تضل بها من تشاء وتهدى من تشاء ۖ انت ولينا فاغفر لنا وارحمنا ۖ وانت خير الغـٰفرين,Tafsir text placeholder for verse 7:155
7:156,واكتب لنا فى هـٰذه الدنيا حسنة وفى الـٔاخرة انا هدنا اليك ۚ قال عذابى اصيب به من اشاء ۖ ورحمتى وسعت كل شىء ۚ فساكتبها للذين يتقون ويؤتون الزكوٰة والذين هم بـٔايـٰتنا يؤمنون,Tafsir text placeholder for verse 7:156
7:157,الذين يتبعون الرسول النبى الامى الذى يجدونه مكتوبا عندهم فى التورىٰة والانجيل يامرهم بالمعروف وينهىٰهم عن المنكر ويحل لهم الطيبـٰت ويحرم عليهم الخبـٰئث ويضع عنهم اصرهم والاغلـٰل التى كانت عليهم ۚ فالذين ءامنوا به وعزروه ونصروه واتبعوا النور الذى انزل معه ۙ اولـٰئك هم المفلحون,Tafsir text placeholder for verse 7:157
7:158,قل يـٰايها الناس انى رسول الله اليكم جميعا الذى له ملك السمـٰوٰت والارض ۖ لا الـٰه الا هو يحيۦ ويميت ۖ فـٔامنوا بالله ورسوله النبى الامى الذى يؤمن بالله وكلمـٰته واتبعوه لعلكم تهتدون,Tafsir text placeholder for verse 7:158
7:159,ومن قوم موسىٰ امة يهدون بالحق وبه يعدلون,Tafsir text placeholder for verse 7:159
7:160,وقطعنـٰهم اثنتى عشرة اسباطا امما ۚ واوحينا الىٰ موسىٰ اذ استسقىٰه قومه ان اضرب بعصاك الحجر ۖ فانبجست منه اثنتا عشرة عينا ۖ قد علم كل اناس مشربهم ۚ وظللنا عليهم الغمـٰم وانزلنا عليهم المن والسلوىٰ ۖ كلوا من طيبـٰت ما رزقنـٰكم ۚ وما ظلمونا ولـٰكن كانوا انفسهم يظلمون,Tafsir text placeholder for verse 7:160
7:161,واذ قيل لهم اسكنوا هـٰذه القرية وكلوا منها حيث شئتم وقولوا حطة وادخلوا الباب سجدا نغفر لكم خطيـٔـٰتكم ۚ سنزيد المحسنين,Tafsir text placeholder for verse 7:161
7:162,فبدل الذين ظلموا منهم قولا غير الذى قيل لهم فارسلنا عليهم رجزا من السماء بما كانوا يظلمون,Tafsir text placeholder for verse 7:162
7:163,وسـٔلهم عن القرية التى كانت حاضرة البحر اذ يعدون فى السبت اذ تاتيهم حيتانهم يوم سبتهم شرعا ويوم لا يسبتون ۙ لا تاتيهم ۚ كذٰلك نبلوهم بما كانوا يفسقون,Tafsir text placeholder for verse 7:163
7:164,واذ قالت امة منهم لم تعظون قوما ۙ الله مهلكهم او معذبهم عذابا شديدا ۖ قالوا معذرة الىٰ ربكم ولعلهم يتقون,Tafsir text placeholder for verse 7:164
7:165,فلما نسوا ما ذكروا به انجينا الذين ينهون عن السوء واخذنا الذين ظلموا بعذاب بـٔيس بما كانوا يفسقون,Tafsir text placeholder for verse 7:165
7:166,فلما عتوا عن ما نهوا عنه قلنا لهم كونوا قردة خـٰسـٔين,Tafsir text placeholder for verse 7:166
7:167,واذ تاذن ربك ليبعثن عليهم الىٰ يوم القيـٰمة من يسومهم سوء العذاب ۗ ان ربك لسريع العقاب ۖ وانه لغفور رحيم,Tafsir text placeholder for verse 7:167
7:168,وقطعنـٰهم فى الارض امما ۖ منهم الصـٰلحون ومنهم دون ذٰلك ۖ وبلونـٰهم بالحسنـٰت والسيـٔات لعلهم يرجعون,Tafsir text placeholder for verse 7:168
7:169,فخلف من بعدهم خلف ورثوا الكتـٰب ياخذون عرض هـٰذا الادنىٰ ويقولون سيغفر لنا وان ياتهم عرض مثله ياخذوه ۚ الم يؤخذ عليهم ميثـٰق الكتـٰب ان لا يقولوا على الله الا الحق ودرسوا ما فيه ۗ والدار الـٔاخرة خير للذين يتقون ۗ افلا تعقلون,Tafsir text placeholder for verse 7:169
7:170,والذين يمسكون بالكتـٰب واقاموا الصلوٰة انا لا نضيع اجر المصلحين,Tafsir text placeholder for verse 7:170
7:171,واذ نتقنا الجبل فوقهم كانه ظلة وظنوا انه واقع بهم خذوا ما ءاتينـٰكم بقوة واذكروا ما فيه لعلكم تتقون,Tafsir text placeholder for verse 7:171
7:172,واذ اخذ ربك من بنى ءادم من ظهورهم ذريتهم واشهدهم علىٰ انفسهم الست بربكم ۖ قالوا بلىٰ ۛ شهدنا ۛ ان تقولوا يوم القيـٰمة انا كنا عن هـٰذا غـٰفلين,Tafsir text placeholder for verse 7:172
7:173,او تقولوا انما اشرك ءاباؤنا من قبل وكنا ذرية من بعدهم ۖ افتهلكنا بما فعل المبطلون,Tafsir text placeholder for verse 7:173
7:174,وكذٰلك نفصل الـٔايـٰت ولعلهم يرجعون,Tafsir text placeholder for verse 7:174
7:175,واتل عليهم نبا الذى ءاتينـٰه ءايـٰتنا فانسلخ منها فاتبعه الشيطـٰن فكان من الغاوين,Tafsir text placeholder for verse 7:175
7:176,ولو شئنا لرفعنـٰه بها ولـٰكنه اخلد الى الارض واتبع هوىٰه ۚ فمثله كمثل الكلب ان تحمل عليه يلهث او تتركه يلهث ۚ ذٰلك مثل القوم الذين كذبوا بـٔايـٰتنا ۚ فاقصص القصص لعلهم يتفكرون,Tafsir text placeholder for verse 7:176
7:177,ساء مثلا القوم الذين كذبوا بـٔايـٰتنا وانفسهم كانوا يظلمون,Tafsir text placeholder for verse 7:177
7:178,من يهد الله فهو المهتدى ۖ ومن يضلل فاولـٰئك هم الخـٰسرون,Tafsir text placeholder for verse 7:178
7:179,ولقد ذرانا لجهنم كثيرا من الجن والانس ۖ لهم قلوب لا يفقهون بها ولهم اعين لا يبصرون بها ولهم ءاذان لا يسمعون بها ۚ اولـٰئك كالانعـٰم بل هم اضل ۚ اولـٰئك هم الغـٰفلون,Tafsir text placeholder for verse 7:179
7:180,ولله الاسماء الحسنىٰ فادعوه بها ۖ وذروا الذين يلحدون فى اسمـٰئه ۚ سيجزون ما كانوا يعملون,Tafsir text placeholder for verse 7:180
7:181,وممن خلقنا امة يهدون بالحق وبه يعدلون,Tafsir text placeholder for verse 7:181
7:182,والذين كذبوا بـٔايـٰتنا سنستدرجهم من حيث لا يعلمون,Tafsir text placeholder for verse 7:182
7:183,واملى لهم ۚ ان كيدى متين,Tafsir text placeholder for verse 7:183
7:184,اولم يتفكروا ۗ ما بصاحبهم من جنة ۚ ان هو الا نذير مبين,Tafsir text placeholder for verse 7:184
7:185,اولم ينظروا فى ملكوت السمـٰوٰت والارض وما خلق الله من شىء وان عسىٰ ان يكون قد اقترب اجلهم ۖ فباى حديث بعده يؤمنون,Tafsir text placeholder for verse 7:185
7:186,من يضلل الله فلا هادى له ۚ ويذرهم فى طغيـٰنهم يعمهون,Tafsir text placeholder for verse 7:186
7:187,يسـٔلونك عن الساعة ايان مرسىٰها ۖ قل انما علمها عند ربى ۖ لا يجليها لوقتها الا هو ۚ ثقلت فى السمـٰوٰت والارض ۚ لا تاتيكم الا بغتة ۗ يسـٔلونك كانك حفى عنها ۖ قل انما علمها عند الله ولـٰكن اكثر الناس لا يعلمون,Tafsir text placeholder for verse 7:187
7:188,قل لا املك لنفسى نفعا ولا ضرا الا ما شاء الله ۚ ولو كنت اعلم الغيب لاستكثرت من الخير وما مسنى السوء ۚ ان انا۠ الا نذير وبشير لقوم يؤمنون,Tafsir text placeholder for verse 7:188
7:189,هو الذى خلقكم من نفس وٰحدة وجعل منها زوجها ليسكن اليها ۖ فلما تغشىٰها حملت حملا خفيفا فمرت به ۖ فلما اثقلت دعوا الله ربهما لئن ءاتيتنا صـٰلحا لنكونن من الشـٰكرين,Tafsir text placeholder for verse 7:189
7:190,فلما ءاتىٰهما صـٰلحا جعلا له شركاء فيما ءاتىٰهما ۚ فتعـٰلى الله عما يشركون,Tafsir text placeholder for verse 7:190
7:191,ايشركون ما لا يخلق شيـٔا وهم يخلقون,Tafsir text placeholder for verse 7:191
7:192,ولا يستطيعون لهم نصرا ولا انفسهم ينصرون,Tafsir text placeholder for verse 7:192
7:193,وان تدعوهم الى الهدىٰ لا يتبعوكم ۚ سواء عليكم ادعوتموهم ام انتم صـٰمتون,Tafsir text placeholder for verse 7:193
7:194,ان الذين تدعون من دون الله عباد امثالكم ۖ فادعوهم فليستجيبوا لكم ان كنتم صـٰدقين,Tafsir text placeholder for verse 7:194
7:195,الهم ارجل يمشون بها ۖ ام لهم ايد يبطشون بها ۖ ام لهم اعين يبصرون بها ۖ ام لهم ءاذان يسمعون بها ۗ قل ادعوا شركاءكم ثم كيدون فلا تنظرون,Tafsir text placeholder for verse 7:195
7:196,ان ولـۧى الله الذى نزل الكتـٰب ۖ وهو يتولى الصـٰلحين,Tafsir text placeholder for verse 7:196
7:197,والذين تدعون من دونه لا يستطيعون نصركم ولا انفسهم ينصرون,Tafsir text placeholder for verse 7:197
7:198,وان تدعوهم الى الهدىٰ لا يسمعوا ۖ وترىٰهم ينظرون اليك وهم لا يبصرون,Tafsir text placeholder for verse 7:198
7:199,خذ العفو وامر بالعرف واعرض عن الجـٰهلين,Tafsir text placeholder for verse 7:199
7:200,واما ينزغنك من الشيطـٰن نزغ فاستعذ بالله ۚ انه سميع عليم,Tafsir text placeholder for verse 7:200
7:201,ان الذين اتقوا اذا مسهم طـٰئف من الشيطـٰن تذكروا فاذا هم مبصرون,Tafsir text placeholder for verse 7:201
7:202,واخوٰنهم يمدونهم فى الغى ثم لا يقصرون,Tafsir text placeholder for verse 7:202
7:203,واذا لم تاتهم بـٔاية قالوا لولا اجتبيتها ۚ قل انما اتبع ما يوحىٰ الى من ربى ۚ هـٰذا بصائر من ربكم وهدى ورحمة لقوم يؤمنون,Tafsir text placeholder for verse 7:203
7:204,واذا قرئ القرءان فاستمعوا له وانصتوا لعلكم ترحمون,Tafsir text placeholder for verse 7:204
7:205,واذكر ربك فى نفسك تضرعا وخيفة ودون الجهر من القول بالغدو والـٔاصال ولا تكن من الغـٰفلين,Tafsir text placeholder for verse 7:205
7:206,ان الذين عند ربك لا يستكبرون عن عبادته ويسبحونه وله يسجدون ۩,Tafsir text placeholder for verse 7:206
8:1,يسـٔلونك عن الانفال ۖ قل الانفال لله والرسول ۖ فاتقوا الله واصلحوا ذات بينكم ۖ واطيعوا الله ورسوله ان كنتم مؤمنين,Tafsir text placeholder for verse 8:1
8:2,انما المؤمنون الذين اذا ذكر الله وجلت قلوبهم واذا تليت عليهم ءايـٰته زادتهم ايمـٰنا وعلىٰ ربهم يتوكلون,Tafsir text placeholder for verse 8:2
8:3,الذين يقيمون الصلوٰة ومما رزقنـٰهم ينفقون,Tafsir text placeholder for verse 8:3
8:4,اولـٰئك هم المؤمنون حقا ۚ لهم درجـٰت عند ربهم ومغفرة ورزق كريم,Tafsir text placeholder for verse 8:4
8:5,كما اخرجك ربك من بيتك بالحق وان فريقا من المؤمنين لكـٰرهون,Tafsir text placeholder for verse 8:5
8:6,يجـٰدلونك فى الحق بعد ما تبين كانما يساقون الى الموت وهم ينظرون,Tafsir text placeholder for verse 8:6
8:7,واذ يعدكم الله احدى الطائفتين انها لكم وتودون ان غير ذات الشوكة تكون لكم ويريد الله ان يحق الحق بكلمـٰته ويقطع دابر الكـٰفرين,Tafsir text placeholder for verse 8:7
8:8,ليحق الحق ويبطل البـٰطل ولو كره المجرمون,Tafsir text placeholder for verse 8:8
8:9,اذ تستغيثون ربكم فاستجاب لكم انى ممدكم بالف من الملـٰئكة مردفين,Tafsir text placeholder for verse 8:9
8:10,وما جعله الله الا بشرىٰ ولتطمئن به قلوبكم ۚ وما النصر الا من عند الله ۚ ان الله عزيز حكيم,Tafsir text placeholder for verse 8:10
8:11,اذ يغشيكم النعاس امنة منه وينزل عليكم من السماء ماء ليطهركم به ويذهب عنكم رجز الشيطـٰن وليربط علىٰ قلوبكم ويثبت به الاقدام,Tafsir text placeholder for verse 8:11
8:12,اذ يوحى ربك الى الملـٰئكة انى معكم فثبتوا الذين ءامنوا ۚ سالقى فى قلوب الذين كفروا الرعب فاضربوا فوق الاعناق واضربوا منهم كل بنان,Tafsir text placeholder for verse 8:12
8:13,ذٰلك بانهم شاقوا الله ورسوله ۚ ومن يشاقق الله ورسوله فان الله شديد العقاب,Tafsir text placeholder for verse 8:13
8:14,ذٰلكم فذوقوه وان للكـٰفرين عذاب النار,Tafsir text placeholder for verse 8:14
8:15,يـٰايها الذين ءامنوا اذا لقيتم الذين كفروا زحفا فلا تولوهم الادبار,Tafsir text placeholder for verse 8:15
8:16,ومن يولهم يومئذ دبره الا متحرفا لقتال او متحيزا الىٰ فئة فقد باء بغضب من الله وماوىٰه جهنم ۖ وبئس المصير,Tafsir text placeholder for verse 8:16
8:17,فلم تقتلوهم ولـٰكن الله قتلهم ۚ وما رميت اذ رميت ولـٰكن الله رمىٰ ۚ وليبلى المؤمنين منه بلاء حسنا ۚ ان الله سميع عليم,Tafsir text placeholder for verse 8:17
8:18,ذٰلكم وان الله موهن كيد الكـٰفرين,Tafsir text placeholder for verse 8:18
8:19,ان تستفتحوا فقد جاءكم الفتح ۖ وان تنتهوا فهو خير لكم ۖ وان تعودوا نعد ولن تغنى عنكم فئتكم شيـٔا ولو كثرت وان الله مع المؤمنين,Tafsir text placeholder for verse 8:19
8:20,يـٰايها الذين ءامنوا اطيعوا الله ورسوله ولا تولوا عنه وانتم تسمعون,Tafsir text placeholder for verse 8:20
8:21,ولا تكونوا كالذين قالوا سمعنا وهم لا يسمعون,Tafsir text placeholder for verse 8:21
8:22,ان شر الدواب عند الله الصم البكم الذين لا يعقلون,Tafsir text placeholder for verse 8:22
8:23,ولو علم الله فيهم خيرا لاسمعهم ۖ ولو اسمعهم لتولوا وهم معرضون,Tafsir text placeholder for verse 8:23
8:24,يـٰايها الذين ءامنوا استجيبوا لله وللرسول اذا دعاكم لما يحييكم ۖ واعلموا ان الله يحول بين المرء وقلبه وانه اليه تحشرون,Tafsir text placeholder for verse 8:24
8:25,واتقوا فتنة لا تصيبن الذين ظلموا منكم خاصة ۖ واعلموا ان الله شديد العقاب,Tafsir text placeholder for verse 8:25
8:26,واذكروا اذ انتم قليل مستضعفون فى الارض تخافون ان يتخطفكم الناس فـٔاوىٰكم وايدكم بنصره ورزقكم من الطيبـٰت لعلكم تشكرون,Tafsir text placeholder for verse 8:26
8:27,يـٰايها الذين ءامنوا لا تخونوا الله والرسول وتخونوا امـٰنـٰتكم وانتم تعلمون,Tafsir text placeholder for verse 8:27
8:28,واعلموا انما اموٰلكم واولـٰدكم فتنة وان الله عنده اجر عظيم,Tafsir text placeholder for verse 8:28
8:29,يـٰايها الذين ءامنوا ان تتقوا الله يجعل لكم فرقانا ويكفر عنكم سيـٔاتكم ويغفر لكم ۗ والله ذو الفضل العظيم,Tafsir text placeholder for verse 8:29
8:30,واذ يمكر بك الذين كفروا ليثبتوك او يقتلوك او يخرجوك ۚ ويمكرون ويمكر الله ۖ والله خير المـٰكرين,Tafsir text placeholder for verse 8:30
8:31,واذا تتلىٰ عليهم ءايـٰتنا قالوا قد سمعنا لو نشاء لقلنا مثل هـٰذا ۙ ان هـٰذا الا اسـٰطير الاولين,Tafsir text placeholder for verse 8:31
8:32,واذ قالوا اللهم ان كان هـٰذا هو الحق من عندك فامطر علينا حجارة من السماء او ائتنا بعذاب اليم,Tafsir text placeholder for verse 8:32
8:33,وما كان الله ليعذبهم وانت فيهم ۚ وما كان الله معذبهم وهم يستغفرون,Tafsir text placeholder for verse 8:33
8:34,وما لهم الا يعذبهم الله وهم يصدون عن المسجد الحرام وما كانوا اولياءه ۚ ان اولياؤه الا المتقون ولـٰكن اكثرهم لا يعلمون,Tafsir text placeholder for verse 8:34
8:35,وما كان صلاتهم عند البيت الا مكاء وتصدية ۚ فذوقوا العذاب بما كنتم تكفرون,Tafsir text placeholder for verse 8:35
8:36,ان الذين كفروا ينفقون اموٰلهم ليصدوا عن سبيل الله ۚ فسينفقونها ثم تكون عليهم حسرة ثم يغلبون ۗ والذين كفروا الىٰ جهنم يحشرون,Tafsir text placeholder for verse 8:36
8:37,ليميز الله الخبيث من الطيب ويجعل الخبيث بعضه علىٰ بعض فيركمه جميعا فيجعله فى جهنم ۚ اولـٰئك هم الخـٰسرون,Tafsir text placeholder for verse 8:37
8:38,قل للذين كفروا ان ينتهوا يغفر لهم ما قد سلف وان يعودوا فقد مضت سنت الاولين,Tafsir text placeholder for verse 8:38
8:39,وقـٰتلوهم حتىٰ لا تكون فتنة ويكون الدين كله لله ۚ فان انتهوا فان الله بما يعملون بصير,Tafsir text placeholder for verse 8:39
8:40,وان تولوا فاعلموا ان الله مولىٰكم ۚ نعم المولىٰ ونعم النصير,Tafsir text placeholder for verse 8:40
8:41,واعلموا انما غنمتم من شىء فان لله خمسه وللرسول ولذى القربىٰ واليتـٰمىٰ والمسـٰكين وابن السبيل ان كنتم ءامنتم بالله وما انزلنا علىٰ عبدنا يوم الفرقان يوم التقى الجمعان ۗ والله علىٰ كل شىء قدير,Tafsir text placeholder for verse 8:41
8:42,اذ انتم بالعدوة الدنيا وهم بالعدوة القصوىٰ والركب اسفل منكم ۚ ولو تواعدتم لاختلفتم فى الميعـٰد ۙ ولـٰكن ليقضى الله امرا كان مفعولا ليهلك من هلك عن بينة ويحيىٰ من حى عن بينة ۗ وان الله لسميع عليم,Tafsir text placeholder for verse 8:42
8:43,اذ يريكهم الله فى منامك قليلا ۖ ولو ارىٰكهم كثيرا لفشلتم ولتنـٰزعتم فى الامر ولـٰكن الله سلم ۗ انه عليم بذات الصدور,Tafsir text placeholder for verse 8:43
8:44,واذ يريكموهم اذ التقيتم فى اعينكم قليلا ويقللكم فى اعينهم ليقضى الله امرا كان مفعولا ۗ والى الله ترجع الامور,Tafsir text placeholder for verse 8:44
8:45,يـٰايها الذين ءامنوا اذا لقيتم فئة فاثبتوا واذكروا الله كثيرا لعلكم تفلحون,Tafsir text placeholder for verse 8:45
8:46,واطيعوا الله ورسوله ولا تنـٰزعوا فتفشلوا وتذهب ريحكم ۖ واصبروا ۚ ان الله مع الصـٰبرين,Tafsir text placeholder for verse 8:46
8:47,ولا تكونوا كالذين خرجوا من ديـٰرهم بطرا ورئاء الناس ويصدون عن سبيل الله ۚ والله بما يعملون محيط,Tafsir text placeholder for verse 8:47
8:48,واذ زين لهم الشيطـٰن اعمـٰلهم وقال لا غالب لكم اليوم من الناس وانى جار لكم ۖ فلما تراءت الفئتان نكص علىٰ عقبيه وقال انى برىء منكم انى ارىٰ ما لا ترون انى اخاف الله ۚ والله شديد العقاب,Tafsir text placeholder for verse 8:48
8:49,اذ يقول المنـٰفقون والذين فى قلوبهم مرض غر هـٰؤلاء دينهم ۗ ومن يتوكل على الله فان الله عزيز حكيم,Tafsir text placeholder for verse 8:49
8:50,ولو ترىٰ اذ يتوفى الذين كفروا ۙ الملـٰئكة يضربون وجوههم وادبـٰرهم وذوقوا عذاب الحريق,Tafsir text placeholder for verse 8:50
8:51,ذٰلك بما قدمت ايديكم وان الله ليس بظلـٰم للعبيد,Tafsir text placeholder for verse 8:51
8:52,كداب ءال فرعون ۙ والذين من قبلهم ۚ كفروا بـٔايـٰت الله فاخذهم الله بذنوبهم ۗ ان الله قوى شديد العقاب,Tafsir text placeholder for verse 8:52
8:53,ذٰلك بان الله لم يك مغيرا نعمة انعمها علىٰ قوم حتىٰ يغيروا ما بانفسهم ۙ وان الله سميع عليم,Tafsir text placeholder for verse 8:53
8:54,كداب ءال فرعون ۙ والذين من قبلهم ۚ كذبوا بـٔايـٰت ربهم فاهلكنـٰهم بذنوبهم واغرقنا ءال فرعون ۚ وكل كانوا ظـٰلمين,Tafsir text placeholder for verse 8:54
8:55,ان شر الدواب عند الله الذين كفروا فهم لا يؤمنون,Tafsir text placeholder for verse 8:55
8:56,الذين عـٰهدت منهم ثم ينقضون عهدهم فى كل مرة وهم لا يتقون,Tafsir text placeholder for verse 8:56
8:57,فاما تثقفنهم فى الحرب فشرد بهم من خلفهم لعلهم يذكرون,Tafsir text placeholder for verse 8:57
8:58,واما تخافن من قوم خيانة فانبذ اليهم علىٰ سواء ۚ ان الله لا يحب الخائنين,Tafsir text placeholder for verse 8:58
8:59,ولا يحسبن الذين كفروا سبقوا ۚ انهم لا يعجزون,Tafsir text placeholder for verse 8:59
8:60,واعدوا لهم ما استطعتم من قوة ومن رباط الخيل ترهبون به عدو الله وعدوكم وءاخرين من دونهم لا تعلمونهم الله يعلمهم ۚ وما تنفقوا من شىء فى سبيل الله يوف اليكم وانتم لا تظلمون,Tafsir text placeholder for verse 8:60
8:61,وان جنحوا للسلم فاجنح لها وتوكل على الله ۚ انه هو السميع العليم,Tafsir text placeholder for verse 8:61
8:62,وان يريدوا ان يخدعوك فان حسبك الله ۚ هو الذى ايدك بنصره وبالمؤمنين,Tafsir text placeholder for verse 8:62
8:63,والف بين قلوبهم ۚ لو انفقت ما فى الارض جميعا ما الفت بين قلوبهم ولـٰكن الله الف بينهم ۚ انه عزيز حكيم,Tafsir text placeholder for verse 8:63
8:64,يـٰايها النبى حسبك الله ومن اتبعك من المؤمنين,Tafsir text placeholder for verse 8:64
8:65,يـٰايها النبى حرض المؤمنين على القتال ۚ ان يكن منكم عشرون صـٰبرون يغلبوا ما۟ئتين ۚ وان يكن منكم ما۟ئة يغلبوا الفا من الذين كفروا بانهم قوم لا يفقهون,Tafsir text placeholder for verse 8:65
8:66,الـٔـٰن خفف الله عنكم وعلم ان فيكم ضعفا ۚ فان يكن منكم ما۟ئة صابرة يغلبوا ما۟ئتين ۚ وان يكن منكم الف يغلبوا الفين باذن الله ۗ والله مع الصـٰبرين,Tafsir text placeholder for verse 8:66
8:67,ما كان لنبى ان يكون له اسرىٰ حتىٰ يثخن فى الارض ۚ تريدون عرض الدنيا والله يريد الـٔاخرة ۗ والله عزيز حكيم,Tafsir text placeholder for verse 8:67
8:68,لولا كتـٰب من الله سبق لمسكم فيما اخذتم عذاب عظيم,Tafsir text placeholder for verse 8:68
8:69,فكلوا مما غنمتم حلـٰلا طيبا ۚ واتقوا الله ۚ ان الله غفور رحيم,Tafsir text placeholder for verse 8:69
8:70,يـٰايها النبى قل لمن فى ايديكم من الاسرىٰ ان يعلم الله فى قلوبكم خيرا يؤتكم خيرا مما اخذ منكم ويغفر لكم ۗ والله غفور رحيم,Tafsir text placeholder for verse 8:70
8:71,وان يريدوا خيانتك فقد خانوا الله من قبل فامكن منهم ۗ والله عليم حكيم,Tafsir text placeholder for verse 8:71
8:72,ان الذين ءامنوا وهاجروا وجـٰهدوا باموٰلهم وانفسهم فى سبيل الله والذين ءاووا ونصروا اولـٰئك بعضهم اولياء بعض ۚ والذين ءامنوا ولم يهاجروا ما لكم من ولـٰيتهم من شىء حتىٰ يهاجروا ۚ وان استنصروكم فى الدين فعليكم النصر الا علىٰ قوم بينكم وبينهم ميثـٰق ۗ والله بما تعملون بصير,Tafsir text placeholder for verse 8:72
8:73,والذين كفروا بعضهم اولياء بعض ۚ الا تفعلوه تكن فتنة فى الارض وفساد كبير,Tafsir text placeholder for verse 8:73
8:74,والذين ءامنوا وهاجروا وجـٰهدوا فى سبيل الله والذين ءاووا ونصروا اولـٰئك هم المؤمنون حقا ۚ لهم مغفرة ورزق كريم,Tafsir text placeholder for verse 8:74
8:75,والذين ءامنوا من بعد وهاجروا وجـٰهدوا معكم فاولـٰئك منكم ۚ واولوا الارحام بعضهم اولىٰ ببعض فى كتـٰب الله ۗ ان الله بكل شىء عليم,Tafsir text placeholder for verse 8:75
9:1,براءة من الله ورسوله الى الذين عـٰهدتم من المشركين,Tafsir text placeholder for verse 9:1
9:2,فسيحوا فى الارض اربعة اشهر واعلموا انكم غير معجزى الله ۙ وان الله مخزى الكـٰفرين,Tafsir text placeholder for verse 9:2
9:3,واذٰن من الله ورسوله الى الناس يوم الحج الاكبر ان الله برىء من المشركين ۙ ورسوله ۚ فان تبتم فهو خير لكم ۖ وان توليتم فاعلموا انكم غير معجزى الله ۗ وبشر الذين كفروا بعذاب اليم,Tafsir text placeholder for verse 9:3
9:4,الا الذين عـٰهدتم من المشركين ثم لم ينقصوكم شيـٔا ولم يظـٰهروا عليكم احدا فاتموا اليهم عهدهم الىٰ مدتهم ۚ ان الله يحب المتقين,Tafsir text placeholder for verse 9:4
9:5,فاذا انسلخ الاشهر الحرم فاقتلوا المشركين حيث وجدتموهم وخذوهم واحصروهم واقعدوا لهم كل مرصد ۚ فان تابوا واقاموا الصلوٰة وءاتوا الزكوٰة فخلوا سبيلهم ۚ ان الله غفور رحيم,Tafsir text placeholder for verse 9:5
9:6,وان احد من المشركين استجارك فاجره حتىٰ يسمع كلـٰم الله ثم ابلغه مامنه ۚ ذٰلك بانهم قوم لا يعلمون,Tafsir text placeholder for verse 9:6
9:7,كيف يكون للمشركين عهد عند الله وعند رسوله الا الذين عـٰهدتم عند المسجد الحرام ۖ فما استقـٰموا لكم فاستقيموا لهم ۚ ان الله يحب المتقين,Tafsir text placeholder for verse 9:7
9:8,كيف وان يظهروا عليكم لا يرقبوا فيكم الا ولا ذمة ۚ يرضونكم بافوٰههم وتابىٰ قلوبهم واكثرهم فـٰسقون,Tafsir text placeholder for verse 9:8
9:9,اشتروا بـٔايـٰت الله ثمنا قليلا فصدوا عن سبيله ۚ انهم ساء ما كانوا يعملون,Tafsir text placeholder for verse 9:9
9:10,لا يرقبون فى مؤمن الا ولا ذمة ۚ واولـٰئك هم المعتدون,Tafsir text placeholder for verse 9:10
9:11,فان تابوا واقاموا الصلوٰة وءاتوا الزكوٰة فاخوٰنكم فى الدين ۗ ونفصل الـٔايـٰت لقوم يعلمون,Tafsir text placeholder for verse 9:11
9:12,وان نكثوا ايمـٰنهم من بعد عهدهم وطعنوا فى دينكم فقـٰتلوا ائمة الكفر ۙ انهم لا ايمـٰن لهم لعلهم ينتهون,Tafsir text placeholder for verse 9:12
9:13,الا تقـٰتلون قوما نكثوا ايمـٰنهم وهموا باخراج الرسول وهم بدءوكم اول مرة ۚ اتخشونهم ۚ فالله احق ان تخشوه ان كنتم مؤمنين,Tafsir text placeholder for verse 9:13
9:14,قـٰتلوهم يعذبهم الله بايديكم ويخزهم وينصركم عليهم ويشف صدور قوم مؤمنين,Tafsir text placeholder for verse 9:14
9:15,ويذهب غيظ قلوبهم ۗ ويتوب الله علىٰ من يشاء ۗ والله عليم حكيم,Tafsir text placeholder for verse 9:15
9:16,ام حسبتم ان تتركوا ولما يعلم الله الذين جـٰهدوا منكم ولم يتخذوا من دون الله ولا رسوله ولا المؤمنين وليجة ۚ والله خبير بما تعملون,Tafsir text placeholder for verse 9:16
9:17,ما كان للمشركين ان يعمروا مسـٰجد الله شـٰهدين علىٰ انفسهم بالكفر ۚ اولـٰئك حبطت اعمـٰلهم وفى النار هم خـٰلدون,Tafsir text placeholder for verse 9:17
9:18,انما يعمر مسـٰجد الله من ءامن بالله واليوم الـٔاخر واقام الصلوٰة وءاتى الزكوٰة ولم يخش الا الله ۖ فعسىٰ اولـٰئك ان يكونوا من المهتدين,Tafsir text placeholder for verse 9:18
9:19,اجعلتم سقاية الحاج وعمارة المسجد الحرام كمن ءامن بالله واليوم الـٔاخر وجـٰهد فى سبيل الله ۚ لا يستوۥن عند الله ۗ والله لا يهدى القوم الظـٰلمين,Tafsir text placeholder for verse 9:19
9:20,الذين ءامنوا وهاجروا وجـٰهدوا فى سبيل الله باموٰلهم وانفسهم اعظم درجة عند الله ۚ واولـٰئك هم الفائزون,Tafsir text placeholder for verse 9:20
9:21,يبشرهم ربهم برحمة منه ورضوٰن وجنـٰت لهم فيها نعيم مقيم,Tafsir text placeholder for verse 9:21
9:22,خـٰلدين فيها ابدا ۚ ان الله عنده اجر عظيم,Tafsir text placeholder for verse 9:22
9:23,يـٰايها الذين ءامنوا لا تتخذوا ءاباءكم واخوٰنكم اولياء ان استحبوا الكفر على الايمـٰن ۚ ومن يتولهم منكم فاولـٰئك هم الظـٰلمون,Tafsir text placeholder for verse 9:23
9:24,قل ان كان ءاباؤكم وابناؤكم واخوٰنكم وازوٰجكم وعشيرتكم واموٰل اقترفتموها وتجـٰرة تخشون كسادها ومسـٰكن ترضونها احب اليكم من الله ورسوله وجهاد فى سبيله فتربصوا حتىٰ ياتى الله بامره ۗ والله لا يهدى القوم الفـٰسقين,Tafsir text placeholder for verse 9:24
9:25,لقد نصركم الله فى مواطن كثيرة ۙ ويوم حنين ۙ اذ اعجبتكم كثرتكم فلم تغن عنكم شيـٔا وضاقت عليكم الارض بما رحبت ثم وليتم مدبرين,Tafsir text placeholder for verse 9:25
9:26,ثم انزل الله سكينته علىٰ رسوله وعلى المؤمنين وانزل جنودا لم تروها وعذب الذين كفروا ۚ وذٰلك جزاء الكـٰفرين,Tafsir text placeholder for verse 9:26
9:27,ثم يتوب الله من بعد ذٰلك علىٰ من يشاء ۗ والله غفور رحيم,Tafsir text placeholder for verse 9:27
9:28,يـٰايها الذين ءامنوا انما المشركون نجس فلا يقربوا المسجد الحرام بعد عامهم هـٰذا ۚ وان خفتم عيلة فسوف يغنيكم الله من فضله ان شاء ۚ ان الله عليم حكيم,Tafsir text placeholder for verse 9:28
9:29,قـٰتلوا الذين لا يؤمنون بالله ولا باليوم الـٔاخر ولا يحرمون ما حرم الله ورسوله ولا يدينون دين الحق من الذين اوتوا الكتـٰب حتىٰ يعطوا الجزية عن يد وهم صـٰغرون,Tafsir text placeholder for verse 9:29
9:30,وقالت اليهود عزير ابن الله وقالت النصـٰرى المسيح ابن الله ۖ ذٰلك قولهم بافوٰههم ۖ يضـٰهـٔون قول الذين كفروا من قبل ۚ قـٰتلهم الله ۚ انىٰ يؤفكون,Tafsir text placeholder for verse 9:30
9:31,اتخذوا احبارهم ورهبـٰنهم اربابا من دون الله والمسيح ابن مريم وما امروا الا ليعبدوا الـٰها وٰحدا ۖ لا الـٰه الا هو ۚ سبحـٰنه عما يشركون,Tafsir text placeholder for verse 9:31
9:32,يريدون ان يطفـٔوا نور الله بافوٰههم ويابى الله الا ان يتم نوره ولو كره الكـٰفرون,Tafsir text placeholder for verse 9:32
9:33,هو الذى ارسل رسوله بالهدىٰ ودين الحق ليظهره على الدين كله ولو كره المشركون,Tafsir text placeholder for verse 9:33
9:34,يـٰايها الذين ءامنوا ان كثيرا من الاحبار والرهبان لياكلون اموٰل الناس بالبـٰطل ويصدون عن سبيل الله ۗ والذين يكنزون الذهب والفضة ولا ينفقونها فى سبيل الله فبشرهم بعذاب اليم,Tafsir text placeholder for verse 9:34
9:35,يوم يحمىٰ عليها فى نار جهنم فتكوىٰ بها جباههم وجنوبهم وظهورهم ۖ هـٰذا ما كنزتم لانفسكم فذوقوا ما كنتم تكنزون,Tafsir text placeholder for verse 9:35
9:36,ان عدة الشهور عند الله اثنا عشر شهرا فى كتـٰب الله يوم خلق السمـٰوٰت والارض منها اربعة حرم ۚ ذٰلك الدين القيم ۚ فلا تظلموا فيهن انفسكم ۚ وقـٰتلوا المشركين كافة كما يقـٰتلونكم كافة ۚ واعلموا ان الله مع المتقين,Tafsir text placeholder for verse 9:36
9:37,انما النسىء زيادة فى الكفر ۖ يضل به الذين كفروا يحلونه عاما ويحرمونه عاما ليواطـٔوا عدة ما حرم الله فيحلوا ما حرم الله ۚ زين لهم سوء اعمـٰلهم ۗ والله لا يهدى القوم الكـٰفرين,Tafsir text placeholder for verse 9:37
9:38,يـٰايها الذين ءامنوا ما لكم اذا قيل لكم انفروا فى سبيل الله اثاقلتم الى الارض ۚ ارضيتم بالحيوٰة الدنيا من الـٔاخرة ۚ فما متـٰع الحيوٰة الدنيا فى الـٔاخرة الا قليل,Tafsir text placeholder for verse 9:38
9:39,الا تنفروا يعذبكم عذابا اليما ويستبدل قوما غيركم ولا تضروه شيـٔا ۗ والله علىٰ كل شىء قدير,Tafsir text placeholder for verse 9:39
9:40,الا تنصروه فقد نصره الله اذ اخرجه الذين كفروا ثانى اثنين اذ هما فى الغار اذ يقول لصـٰحبه لا تحزن ان الله معنا ۖ فانزل الله سكينته عليه وايده بجنود لم تروها وجعل كلمة الذين كفروا السفلىٰ ۗ وكلمة الله هى العليا ۗ والله عزيز حكيم,Tafsir text placeholder for verse 9:40
9:41,انفروا خفافا وثقالا وجـٰهدوا باموٰلكم وانفسكم فى سبيل الله ۚ ذٰلكم خير لكم ان كنتم تعلمون,Tafsir text placeholder for verse 9:41
9:42,لو كان عرضا قريبا وسفرا قاصدا لاتبعوك ولـٰكن بعدت عليهم الشقة ۚ وسيحلفون بالله لو استطعنا لخرجنا معكم يهلكون انفسهم والله يعلم انهم لكـٰذبون,Tafsir text placeholder for verse 9:42
9:43,عفا الله عنك لم اذنت لهم حتىٰ يتبين لك الذين صدقوا وتعلم الكـٰذبين,Tafsir text placeholder for verse 9:43
9:44,لا يستـٔذنك الذين يؤمنون بالله واليوم الـٔاخر ان يجـٰهدوا باموٰلهم وانفسهم ۗ والله عليم بالمتقين,Tafsir text placeholder for verse 9:44
9:45,انما يستـٔذنك الذين لا يؤمنون بالله واليوم الـٔاخر وارتابت قلوبهم فهم فى ريبهم يترددون,Tafsir text placeholder for verse 9:45
9:46,ولو ارادوا الخروج لاعدوا له عدة ولـٰكن كره الله انبعاثهم فثبطهم وقيل اقعدوا مع القـٰعدين,Tafsir text placeholder for verse 9:46
9:47,لو خرجوا فيكم ما زادوكم الا خبالا ولاوضعوا خلـٰلكم يبغونكم الفتنة وفيكم سمـٰعون لهم ۗ والله عليم بالظـٰلمين,Tafsir text placeholder for verse 9:47
9:48,لقد ابتغوا الفتنة من قبل وقلبوا لك الامور حتىٰ جاء الحق وظهر امر الله وهم كـٰرهون,Tafsir text placeholder for verse 9:48
9:49,ومنهم من يقول ائذن لى ولا تفتنى ۚ الا فى الفتنة سقطوا ۗ وان جهنم لمحيطة بالكـٰفرين,Tafsir text placeholder for verse 9:49
9:50,ان تصبك حسنة تسؤهم ۖ وان تصبك مصيبة يقولوا قد اخذنا امرنا من قبل ويتولوا وهم فرحون,Tafsir text placeholder for verse 9:50
9:51,قل لن يصيبنا الا ما كتب الله لنا هو مولىٰنا ۚ وعلى الله فليتوكل المؤمنون,Tafsir text placeholder for verse 9:51
9:52,قل هل تربصون بنا الا احدى الحسنيين ۖ ونحن نتربص بكم ان يصيبكم الله بعذاب من عنده او بايدينا ۖ فتربصوا انا معكم متربصون,Tafsir text placeholder for verse 9:52
9:53,قل انفقوا طوعا او كرها لن يتقبل منكم ۖ انكم كنتم قوما فـٰسقين,Tafsir text placeholder for verse 9:53
9:54,وما منعهم ان تقبل منهم نفقـٰتهم الا انهم كفروا بالله وبرسوله ولا ياتون الصلوٰة الا وهم كسالىٰ ولا ينفقون الا وهم كـٰرهون,Tafsir text placeholder for verse 9:54
9:55,فلا تعجبك اموٰلهم ولا اولـٰدهم ۚ انما يريد الله ليعذبهم بها فى الحيوٰة الدنيا وتزهق انفسهم وهم كـٰفرون,Tafsir text placeholder for verse 9:55
9:56,ويحلفون بالله انهم لمنكم وما هم منكم ولـٰكنهم قوم يفرقون,Tafsir text placeholder for verse 9:56
9:57,لو يجدون ملجـٔا او مغـٰرٰت او مدخلا لولوا اليه وهم يجمحون,Tafsir text placeholder for verse 9:57
9:58,ومنهم من يلمزك فى الصدقـٰت فان اعطوا منها رضوا وان لم يعطوا منها اذا هم يسخطون,Tafsir text placeholder for verse 9:58
9:59,ولو انهم رضوا ما ءاتىٰهم الله ورسوله وقالوا حسبنا الله سيؤتينا الله من فضله ورسوله انا الى الله رٰغبون,Tafsir text placeholder for verse 9:59
9:60,انما الصدقـٰت للفقراء والمسـٰكين والعـٰملين عليها والمؤلفة قلوبهم وفى الرقاب والغـٰرمين وفى سبيل الله وابن السبيل ۖ فريضة من الله ۗ والله عليم حكيم,Tafsir text placeholder for verse 9:60
9:61,ومنهم الذين يؤذون النبى ويقولون هو اذن ۚ قل اذن خير لكم يؤمن بالله ويؤمن للمؤمنين ورحمة للذين ءامنوا منكم ۚ والذين يؤذون رسول الله لهم عذاب اليم,Tafsir text placeholder for verse 9:61
9:62,يحلفون بالله لكم ليرضوكم والله ورسوله احق ان يرضوه ان كانوا مؤمنين,Tafsir text placeholder for verse 9:62
9:63,الم يعلموا انه من يحادد الله ورسوله فان له نار جهنم خـٰلدا فيها ۚ ذٰلك الخزى العظيم,Tafsir text placeholder for verse 9:63
9:64,يحذر المنـٰفقون ان تنزل عليهم سورة تنبئهم بما فى قلوبهم ۚ قل استهزءوا ان الله مخرج ما تحذرون,Tafsir text placeholder for verse 9:64
9:65,ولئن سالتهم ليقولن انما كنا نخوض ونلعب ۚ قل ابالله وءايـٰته ورسوله كنتم تستهزءون,Tafsir text placeholder for verse 9:65
9:66,لا تعتذروا قد كفرتم بعد ايمـٰنكم ۚ ان نعف عن طائفة منكم نعذب طائفة بانهم كانوا مجرمين,Tafsir text placeholder for verse 9:66
9:67,المنـٰفقون والمنـٰفقـٰت بعضهم من بعض ۚ يامرون بالمنكر وينهون عن المعروف ويقبضون ايديهم ۚ نسوا الله فنسيهم ۗ ان المنـٰفقين هم الفـٰسقون,Tafsir text placeholder for verse 9:67
9:68,وعد الله المنـٰفقين والمنـٰفقـٰت والكفار نار جهنم خـٰلدين فيها ۚ هى حسبهم ۚ ولعنهم الله ۖ ولهم عذاب مقيم,Tafsir text placeholder for verse 9:68
9:69,كالذين من قبلكم كانوا اشد منكم قوة واكثر اموٰلا واولـٰدا فاستمتعوا بخلـٰقهم فاستمتعتم بخلـٰقكم كما استمتع الذين من قبلكم بخلـٰقهم وخضتم كالذى خاضوا ۚ اولـٰئك حبطت اعمـٰلهم فى الدنيا والـٔاخرة ۖ واولـٰئك هم الخـٰسرون,Tafsir text placeholder for verse 9:69
9:70,الم ياتهم نبا الذين من قبلهم قوم نوح وعاد وثمود وقوم ابرٰهيم واصحـٰب مدين والمؤتفكـٰت ۚ اتتهم رسلهم بالبينـٰت ۖ فما كان الله ليظلمهم ولـٰكن كانوا انفسهم يظلمون,Tafsir text placeholder for verse 9:70
9:71,والمؤمنون والمؤمنـٰت بعضهم اولياء بعض ۚ يامرون بالمعروف وينهون عن المنكر ويقيمون الصلوٰة ويؤتون الزكوٰة ويطيعون الله ورسوله ۚ اولـٰئك سيرحمهم الله ۗ ان الله عزيز حكيم,Tafsir text placeholder for verse 9:71
9:72,وعد الله المؤمنين والمؤمنـٰت جنـٰت تجرى من تحتها الانهـٰر خـٰلدين فيها ومسـٰكن طيبة فى جنـٰت عدن ۚ ورضوٰن من الله اكبر ۚ ذٰلك هو الفوز العظيم,Tafsir text placeholder for verse 9:72
9:73,يـٰايها النبى جـٰهد الكفار والمنـٰفقين واغلظ عليهم ۚ وماوىٰهم جهنم ۖ وبئس المصير,Tafsir text placeholder for verse 9:73
9:74,يحلفون بالله ما قالوا ولقد قالوا كلمة الكفر وكفروا بعد اسلـٰمهم وهموا بما لم ينالوا ۚ وما نقموا الا ان اغنىٰهم الله ورسوله من فضله ۚ فان يتوبوا يك خيرا لهم ۖ وان يتولوا يعذبهم الله عذابا اليما فى الدنيا والـٔاخرة ۚ وما لهم فى الارض من ولى ولا نصير,Tafsir text placeholder for verse 9:74
9:75,ومنهم من عـٰهد الله لئن ءاتىٰنا من فضله لنصدقن ولنكونن من الصـٰلحين,Tafsir text placeholder for verse 9:75
9:76,فلما ءاتىٰهم من فضله بخلوا به وتولوا وهم معرضون,Tafsir text placeholder for verse 9:76
9:77,فاعقبهم نفاقا فى قلوبهم الىٰ يوم يلقونه بما اخلفوا الله ما وعدوه وبما كانوا يكذبون,Tafsir text placeholder for verse 9:77
9:78,الم يعلموا ان الله يعلم سرهم ونجوىٰهم وان الله علـٰم الغيوب,Tafsir text placeholder for verse 9:78
9:79,الذين يلمزون المطوعين من المؤمنين فى الصدقـٰت والذين لا يجدون الا جهدهم فيسخرون منهم ۙ سخر الله منهم ولهم عذاب اليم,Tafsir text placeholder for verse 9:79
9:80,استغفر لهم او لا تستغفر لهم ان تستغفر لهم سبعين مرة فلن يغفر الله لهم ۚ ذٰلك بانهم كفروا بالله ورسوله ۗ والله لا يهدى القوم الفـٰسقين,Tafsir text placeholder for verse 9:80
9:81,فرح المخلفون بمقعدهم خلـٰف رسول الله وكرهوا ان يجـٰهدوا باموٰلهم وانفسهم فى سبيل الله وقالوا لا تنفروا فى الحر ۗ قل نار جهنم اشد حرا ۚ لو كانوا يفقهون,Tafsir text placeholder for verse 9:81
9:82,فليضحكوا قليلا وليبكوا كثيرا جزاء بما كانوا يكسبون,Tafsir text placeholder for verse 9:82
9:83,فان رجعك الله الىٰ طائفة منهم فاستـٔذنوك للخروج فقل لن تخرجوا معى ابدا ولن تقـٰتلوا معى عدوا ۖ انكم رضيتم بالقعود اول مرة فاقعدوا مع الخـٰلفين,Tafsir text placeholder for verse 9:83
9:84,ولا تصل علىٰ احد منهم مات ابدا ولا تقم علىٰ قبره ۖ انهم كفروا بالله ورسوله وماتوا وهم فـٰسقون,Tafsir text placeholder for verse 9:84
9:85,ولا تعجبك اموٰلهم واولـٰدهم ۚ انما يريد الله ان يعذبهم بها فى الدنيا وتزهق انفسهم وهم كـٰفرون,Tafsir text placeholder for verse 9:85
9:86,واذا انزلت سورة ان ءامنوا بالله وجـٰهدوا مع رسوله استـٔذنك اولوا الطول منهم وقالوا ذرنا نكن مع القـٰعدين,Tafsir text placeholder for verse 9:86
9:87,رضوا بان يكونوا مع الخوالف وطبع علىٰ قلوبهم فهم لا يفقهون,Tafsir text placeholder for verse 9:87
9:88,لـٰكن الرسول والذين ءامنوا معه جـٰهدوا باموٰلهم وانفسهم ۚ واولـٰئك لهم الخيرٰت ۖ واولـٰئك هم المفلحون,Tafsir text placeholder for verse 9:88
9:89,اعد الله لهم جنـٰت تجرى من تحتها الانهـٰر خـٰلدين فيها ۚ ذٰلك الفوز العظيم,Tafsir text placeholder for verse 9:89
9:90,وجاء المعذرون من الاعراب ليؤذن لهم وقعد الذين كذبوا الله ورسوله ۚ سيصيب الذين كفروا منهم عذاب اليم,Tafsir text placeholder for verse 9:90
9:91,ليس على الضعفاء ولا على المرضىٰ ولا على الذين لا يجدون ما ينفقون حرج اذا نصحوا لله ورسوله ۚ ما على المحسنين من سبيل ۚ والله غفور رحيم,Tafsir text placeholder for verse 9:91
9:92,ولا على الذين اذا ما اتوك لتحملهم قلت لا اجد ما احملكم عليه تولوا واعينهم تفيض من الدمع حزنا الا يجدوا ما ينفقون,Tafsir text placeholder for verse 9:92
9:93,انما السبيل على الذين يستـٔذنونك وهم اغنياء ۚ رضوا بان يكونوا مع الخوالف وطبع الله علىٰ قلوبهم فهم لا يعلمون,Tafsir text placeholder for verse 9:93
9:94,يعتذرون اليكم اذا رجعتم اليهم ۚ قل لا تعتذروا لن نؤمن لكم قد نبانا الله من اخباركم ۚ وسيرى الله عملكم ورسوله ثم تردون الىٰ عـٰلم الغيب والشهـٰدة فينبئكم بما كنتم تعملون,Tafsir text placeholder for verse 9:94
9:95,سيحلفون بالله لكم اذا انقلبتم اليهم لتعرضوا عنهم ۖ فاعرضوا عنهم ۖ انهم رجس ۖ وماوىٰهم جهنم جزاء بما كانوا يكسبون,Tafsir text placeholder for verse 9:95
9:96,يحلفون لكم لترضوا عنهم ۖ فان ترضوا عنهم فان الله لا يرضىٰ عن القوم الفـٰسقين,Tafsir text placeholder for verse 9:96
9:97,الاعراب اشد كفرا ونفاقا واجدر الا يعلموا حدود ما انزل الله علىٰ رسوله ۗ والله عليم حكيم,Tafsir text placeholder for verse 9:97
9:98,ومن الاعراب من يتخذ ما ينفق مغرما ويتربص بكم الدوائر ۚ عليهم دائرة السوء ۗ والله سميع عليم,Tafsir text placeholder for verse 9:98
9:99,ومن الاعراب من يؤمن بالله واليوم الـٔاخر ويتخذ ما ينفق قربـٰت عند الله وصلوٰت الرسول ۚ الا انها قربة لهم ۚ سيدخلهم الله فى رحمته ۗ ان الله غفور رحيم,Tafsir text placeholder for verse 9:99
9:100,والسـٰبقون الاولون من المهـٰجرين والانصار والذين اتبعوهم باحسـٰن رضى الله عنهم ورضوا عنه واعد لهم جنـٰت تجرى تحتها الانهـٰر خـٰلدين فيها ابدا ۚ ذٰلك الفوز العظيم,Tafsir text placeholder for verse 9:100
9:101,وممن حولكم من الاعراب منـٰفقون ۖ ومن اهل المدينة ۖ مردوا على النفاق لا تعلمهم ۖ نحن نعلمهم ۚ سنعذبهم مرتين ثم يردون الىٰ عذاب عظيم,Tafsir text placeholder for verse 9:101
9:102,وءاخرون اعترفوا بذنوبهم خلطوا عملا صـٰلحا وءاخر سيئا عسى الله ان يتوب عليهم ۚ ان الله غفور رحيم,Tafsir text placeholder for verse 9:102
9:103,خذ من اموٰلهم صدقة تطهرهم وتزكيهم بها وصل عليهم ۖ ان صلوٰتك سكن لهم ۗ والله سميع عليم,Tafsir text placeholder for verse 9:103
9:104,الم يعلموا ان الله هو يقبل التوبة عن عباده وياخذ الصدقـٰت وان الله هو التواب الرحيم,Tafsir text placeholder for verse 9:104
9:105,وقل اعملوا فسيرى الله عملكم ورسوله والمؤمنون ۖ وستردون الىٰ عـٰلم الغيب والشهـٰدة فينبئكم بما كنتم تعملون,Tafsir text placeholder for verse 9:105
9:106,وءاخرون مرجون لامر الله اما يعذبهم واما يتوب عليهم ۗ والله عليم حكيم,Tafsir text placeholder for verse 9:106
9:107,والذين اتخذوا مسجدا ضرارا وكفرا وتفريقا بين المؤمنين وارصادا لمن حارب الله ورسوله من قبل ۚ وليحلفن ان اردنا الا الحسنىٰ ۖ والله يشهد انهم لكـٰذبون,Tafsir text placeholder for verse 9:107
9:108,لا تقم فيه ابدا ۚ لمسجد اسس على التقوىٰ من اول يوم احق ان تقوم فيه ۚ فيه رجال يحبون ان يتطهروا ۚ والله يحب المطهرين,Tafsir text placeholder for verse 9:108
9:109,افمن اسس بنيـٰنه علىٰ تقوىٰ من الله ورضوٰن خير ام من اسس بنيـٰنه علىٰ شفا جرف هار فانهار به فى نار جهنم ۗ والله لا يهدى القوم الظـٰلمين,Tafsir text placeholder for verse 9:109
9:110,لا يزال بنيـٰنهم الذى بنوا ريبة فى قلوبهم الا ان تقطع قلوبهم ۗ والله عليم حكيم,Tafsir text placeholder for verse 9:110
9:111,ان الله اشترىٰ من المؤمنين انفسهم واموٰلهم بان لهم الجنة ۚ يقـٰتلون فى سبيل الله فيقتلون ويقتلون ۖ وعدا عليه حقا فى التورىٰة والانجيل والقرءان ۚ ومن اوفىٰ بعهده من الله ۚ فاستبشروا ببيعكم الذى بايعتم به ۚ وذٰلك هو الفوز العظيم,Tafsir text placeholder for verse 9:111
9:112,التـٰئبون العـٰبدون الحـٰمدون السـٰئحون الرٰكعون السـٰجدون الـٔامرون بالمعروف والناهون عن المنكر والحـٰفظون لحدود الله ۗ وبشر المؤمنين,Tafsir text placeholder for verse 9:112
9:113,ما كان للنبى والذين ءامنوا ان يستغفروا للمشركين ولو كانوا اولى قربىٰ من بعد ما تبين لهم انهم اصحـٰب الجحيم,Tafsir text placeholder for verse 9:113
9:114,وما كان استغفار ابرٰهيم لابيه الا عن موعدة وعدها اياه فلما تبين له انه عدو لله تبرا منه ۚ ان ابرٰهيم لاوٰه حليم,Tafsir text placeholder for verse 9:114
9:115,وما كان الله ليضل قوما بعد اذ هدىٰهم حتىٰ يبين لهم ما يتقون ۚ ان الله بكل شىء عليم,Tafsir text placeholder for verse 9:115
9:116,ان الله له ملك السمـٰوٰت والارض ۖ يحيۦ ويميت ۚ وما لكم من دون الله من ولى ولا نصير,Tafsir text placeholder for verse 9:116
9:117,لقد تاب الله على النبى والمهـٰجرين والانصار الذين اتبعوه فى ساعة العسرة من بعد ما كاد يزيغ قلوب فريق منهم ثم تاب عليهم ۚ انه بهم رءوف رحيم,Tafsir text placeholder for verse 9:117
9:118,وعلى الثلـٰثة الذين خلفوا حتىٰ اذا ضاقت عليهم الارض بما رحبت وضاقت عليهم انفسهم وظنوا ان لا ملجا من الله الا اليه ثم تاب عليهم ليتوبوا ۚ ان الله هو التواب الرحيم,Tafsir text placeholder for verse 9:118
9:119,يـٰايها الذين ءامنوا اتقوا الله وكونوا مع الصـٰدقين,Tafsir text placeholder for verse 9:119
9:120,ما كان لاهل المدينة ومن حولهم من الاعراب ان يتخلفوا عن رسول الله ولا يرغبوا بانفسهم عن نفسه ۚ ذٰلك بانهم لا يصيبهم ظما ولا نصب ولا مخمصة فى سبيل الله ولا يطـٔون موطئا يغيظ الكفار ولا ينالون من عدو نيلا الا كتب لهم به عمل صـٰلح ۚ ان الله لا يضيع اجر المحسنين,Tafsir text placeholder for verse 9:120
9:121,ولا ينفقون نفقة صغيرة ولا كبيرة ولا يقطعون واديا الا كتب لهم ليجزيهم الله احسن ما كانوا يعملون,Tafsir text placeholder for verse 9:121
9:122,وما كان المؤمنون لينفروا كافة ۚ فلولا نفر من كل فرقة منهم طائفة ليتفقهوا فى الدين ولينذروا قومهم اذا رجعوا اليهم لعلهم يحذرون,Tafsir text placeholder for verse 9:122
9:123,يـٰايها الذين ءامنوا قـٰتلوا الذين يلونكم من الكفار وليجدوا فيكم غلظة ۚ واعلموا ان الله مع المتقين,Tafsir text placeholder for verse 9:123
9:124,واذا ما انزلت سورة فمنهم من يقول ايكم زادته هـٰذه ايمـٰنا ۚ فاما الذين ءامنوا فزادتهم ايمـٰنا وهم يستبشرون,Tafsir text placeholder for verse 9:124
9:125,واما الذين فى قلوبهم مرض فزادتهم رجسا الىٰ رجسهم وماتوا وهم كـٰفرون,Tafsir text placeholder for verse 9:125
9:126,اولا يرون انهم يفتنون فى كل عام مرة او مرتين ثم لا يتوبون ولا هم يذكرون,Tafsir text placeholder for verse 9:126
9:127,واذا ما انزلت سورة نظر بعضهم الىٰ بعض هل يرىٰكم من احد ثم انصرفوا ۚ صرف الله قلوبهم بانهم قوم لا يفقهون,Tafsir text placeholder for verse 9:127
9:128,لقد جاءكم رسول من انفسكم عزيز عليه ما عنتم حريص عليكم بالمؤمنين رءوف رحيم,Tafsir text placeholder for verse 9:128
9:129,فان تولوا فقل حسبى الله لا الـٰه الا هو ۖ عليه توكلت ۖ وهو رب العرش العظيم,Tafsir text placeholder for verse 9:129
10:1,الر ۚ تلك ءايـٰت الكتـٰب الحكيم,Tafsir text placeholder for verse 10:1
10:2,اكان للناس عجبا ان اوحينا الىٰ رجل منهم ان انذر الناس وبشر الذين ءامنوا ان لهم قدم صدق عند ربهم ۗ قال الكـٰفرون ان هـٰذا لسـٰحر مبين,Tafsir text placeholder for verse 10:2
10:3,ان ربكم الله الذى خلق السمـٰوٰت والارض فى ستة ايام ثم استوىٰ على العرش ۖ يدبر الامر ۖ ما من شفيع الا من بعد اذنه ۚ ذٰلكم الله ربكم فاعبدوه ۚ افلا تذكرون,Tafsir text placeholder for verse 10:3
10:4,اليه مرجعكم جميعا ۖ وعد الله حقا ۚ انه يبدؤا۟ الخلق ثم يعيده ليجزى الذين ءامنوا وعملوا الصـٰلحـٰت بالقسط ۚ والذين كفروا لهم شراب من حميم وعذاب اليم بما كانوا يكفرون,Tafsir text placeholder for verse 10:4
10:5,هو الذى جعل الشمس ضياء والقمر نورا وقدره منازل لتعلموا عدد السنين والحساب ۚ ما خلق الله ذٰلك الا بالحق ۚ يفصل الـٔايـٰت لقوم يعلمون,Tafsir text placeholder for verse 10:5
10:6,ان فى اختلـٰف اليل والنهار وما خلق الله فى السمـٰوٰت والارض لـٔايـٰت لقوم يتقون,Tafsir text placeholder for verse 10:6
10:7,ان الذين لا يرجون لقاءنا ورضوا بالحيوٰة الدنيا واطمانوا بها والذين هم عن ءايـٰتنا غـٰفلون,Tafsir text placeholder for verse 10:7
10:8,اولـٰئك ماوىٰهم النار بما كانوا يكسبون,Tafsir text placeholder for verse 10:8
10:9,ان الذين ءامنوا وعملوا الصـٰلحـٰت يهديهم ربهم بايمـٰنهم ۖ تجرى من تحتهم الانهـٰر فى جنـٰت النعيم,Tafsir text placeholder for verse 10:9
10:10,دعوىٰهم فيها سبحـٰنك اللهم وتحيتهم فيها سلـٰم ۚ وءاخر دعوىٰهم ان الحمد لله رب العـٰلمين,Tafsir text placeholder for verse 10:10
10:11,ولو يعجل الله للناس الشر استعجالهم بالخير لقضى اليهم اجلهم ۖ فنذر الذين لا يرجون لقاءنا فى طغيـٰنهم يعمهون,Tafsir text placeholder for verse 10:11
10:12,واذا مس الانسـٰن الضر دعانا لجنبه او قاعدا او قائما فلما كشفنا عنه ضره مر كان لم يدعنا الىٰ ضر مسه ۚ كذٰلك زين للمسرفين ما كانوا يعملون,Tafsir text placeholder for verse 10:12
10:13,ولقد اهلكنا القرون من قبلكم لما ظلموا ۙ وجاءتهم رسلهم بالبينـٰت وما كانوا ليؤمنوا ۚ كذٰلك نجزى القوم المجرمين,Tafsir text placeholder for verse 10:13
10:14,ثم جعلنـٰكم خلـٰئف فى الارض من بعدهم لننظر كيف تعملون,Tafsir text placeholder for verse 10:14
10:15,واذا تتلىٰ عليهم ءاياتنا بينـٰت ۙ قال الذين لا يرجون لقاءنا ائت بقرءان غير هـٰذا او بدله ۚ قل ما يكون لى ان ابدله من تلقائ نفسى ۖ ان اتبع الا ما يوحىٰ الى ۖ انى اخاف ان عصيت ربى عذاب يوم عظيم,Tafsir text placeholder for verse 10:15
10:16,قل لو شاء الله ما تلوته عليكم ولا ادرىٰكم به ۖ فقد لبثت فيكم عمرا من قبله ۚ افلا تعقلون,Tafsir text placeholder for verse 10:16
10:17,فمن اظلم ممن افترىٰ على الله كذبا او كذب بـٔايـٰته ۚ انه لا يفلح المجرمون,Tafsir text placeholder for verse 10:17
10:18,ويعبدون من دون الله ما لا يضرهم ولا ينفعهم ويقولون هـٰؤلاء شفعـٰؤنا عند الله ۚ قل اتنبـٔون الله بما لا يعلم فى السمـٰوٰت ولا فى الارض ۚ سبحـٰنه وتعـٰلىٰ عما يشركون,Tafsir text placeholder for verse 10:18
10:19,وما كان الناس الا امة وٰحدة فاختلفوا ۚ ولولا كلمة سبقت من ربك لقضى بينهم فيما فيه يختلفون,Tafsir text placeholder for verse 10:19
10:20,ويقولون لولا انزل عليه ءاية من ربه ۖ فقل انما الغيب لله فانتظروا انى معكم من المنتظرين,Tafsir text placeholder for verse 10:20
10:21,واذا اذقنا الناس رحمة من بعد ضراء مستهم اذا لهم مكر فى ءاياتنا ۚ قل الله اسرع مكرا ۚ ان رسلنا يكتبون ما تمكرون,Tafsir text placeholder for verse 10:21
10:22,هو الذى يسيركم فى البر والبحر ۖ حتىٰ اذا كنتم فى الفلك وجرين بهم بريح طيبة وفرحوا بها جاءتها ريح عاصف وجاءهم الموج من كل مكان وظنوا انهم احيط بهم ۙ دعوا الله مخلصين له الدين لئن انجيتنا من هـٰذه لنكونن من الشـٰكرين,Tafsir text placeholder for verse 10:22
10:23,فلما انجىٰهم اذا هم يبغون فى الارض بغير الحق ۗ يـٰايها الناس انما بغيكم علىٰ انفسكم ۖ متـٰع الحيوٰة الدنيا ۖ ثم الينا مرجعكم فننبئكم بما كنتم تعملون,Tafsir text placeholder for verse 10:23
10:24,انما مثل الحيوٰة الدنيا كماء انزلنـٰه من السماء فاختلط به نبات الارض مما ياكل الناس والانعـٰم حتىٰ اذا اخذت الارض زخرفها وازينت وظن اهلها انهم قـٰدرون عليها اتىٰها امرنا ليلا او نهارا فجعلنـٰها حصيدا كان لم تغن بالامس ۚ كذٰلك نفصل الـٔايـٰت لقوم يتفكرون,Tafsir text placeholder for verse 10:24
10:25,والله يدعوا الىٰ دار السلـٰم ويهدى من يشاء الىٰ صرٰط مستقيم,Tafsir text placeholder for verse 10:25
10:26,للذين احسنوا الحسنىٰ وزيادة ۖ ولا يرهق وجوههم قتر ولا ذلة ۚ اولـٰئك اصحـٰب الجنة ۖ هم فيها خـٰلدون,Tafsir text placeholder for verse 10:26
10:27,والذين كسبوا السيـٔات جزاء سيئة بمثلها وترهقهم ذلة ۖ ما لهم من الله من عاصم ۖ كانما اغشيت وجوههم قطعا من اليل مظلما ۚ اولـٰئك اصحـٰب النار ۖ هم فيها خـٰلدون,Tafsir text placeholder for verse 10:27
10:28,ويوم نحشرهم جميعا ثم نقول للذين اشركوا مكانكم انتم وشركاؤكم ۚ فزيلنا بينهم ۖ وقال شركاؤهم ما كنتم ايانا تعبدون,Tafsir text placeholder for verse 10:28
10:29,فكفىٰ بالله شهيدا بيننا وبينكم ان كنا عن عبادتكم لغـٰفلين,Tafsir text placeholder for verse 10:29
10:30,هنالك تبلوا كل نفس ما اسلفت ۚ وردوا الى الله مولىٰهم الحق ۖ وضل عنهم ما كانوا يفترون,Tafsir text placeholder for verse 10:30
10:31,قل من يرزقكم من السماء والارض امن يملك السمع والابصـٰر ومن يخرج الحى من الميت ويخرج الميت من الحى ومن يدبر الامر ۚ فسيقولون الله ۚ فقل افلا تتقون,Tafsir text placeholder for verse 10:31
10:32,فذٰلكم الله ربكم الحق ۖ فماذا بعد الحق الا الضلـٰل ۖ فانىٰ تصرفون,Tafsir text placeholder for verse 10:32
10:33,كذٰلك حقت كلمت ربك على الذين فسقوا انهم لا يؤمنون,Tafsir text placeholder for verse 10:33
10:34,قل هل من شركائكم من يبدؤا۟ الخلق ثم يعيده ۚ قل الله يبدؤا۟ الخلق ثم يعيده ۖ فانىٰ تؤفكون,Tafsir text placeholder for verse 10:34
10:35,قل هل من شركائكم من يهدى الى الحق ۚ قل الله يهدى للحق ۗ افمن يهدى الى الحق احق ان يتبع امن لا يهدى الا ان يهدىٰ ۖ فما لكم كيف تحكمون,Tafsir text placeholder for verse 10:35
10:36,وما يتبع اكثرهم الا ظنا ۚ ان الظن لا يغنى من الحق شيـٔا ۚ ان الله عليم بما يفعلون,Tafsir text placeholder for verse 10:36
10:37,وما كان هـٰذا القرءان ان يفترىٰ من دون الله ولـٰكن تصديق الذى بين يديه وتفصيل الكتـٰب لا ريب فيه من رب العـٰلمين,Tafsir text placeholder for verse 10:37
10:38,ام يقولون افترىٰه ۖ قل فاتوا بسورة مثله وادعوا من استطعتم من دون الله ان كنتم صـٰدقين,Tafsir text placeholder for verse 10:38
10:39,بل كذبوا بما لم يحيطوا بعلمه ولما ياتهم تاويله ۚ كذٰلك كذب الذين من قبلهم ۖ فانظر كيف كان عـٰقبة الظـٰلمين,Tafsir text placeholder for verse 10:39
10:40,ومنهم من يؤمن به ومنهم من لا يؤمن به ۚ وربك اعلم بالمفسدين,Tafsir text placeholder for verse 10:40
10:41,وان كذبوك فقل لى عملى ولكم عملكم ۖ انتم بريـٔون مما اعمل وانا۠ برىء مما تعملون,Tafsir text placeholder for verse 10:41
10:42,ومنهم من يستمعون اليك ۚ افانت تسمع الصم ولو كانوا لا يعقلون,Tafsir text placeholder for verse 10:42
10:43,ومنهم من ينظر اليك ۚ افانت تهدى العمى ولو كانوا لا يبصرون,Tafsir text placeholder for verse 10:43
10:44,ان الله لا يظلم الناس شيـٔا ولـٰكن الناس انفسهم يظلمون,Tafsir text placeholder for verse 10:44
10:45,ويوم يحشرهم كان لم يلبثوا الا ساعة من النهار يتعارفون بينهم ۚ قد خسر الذين كذبوا بلقاء الله وما كانوا مهتدين,Tafsir text placeholder for verse 10:45
10:46,واما نرينك بعض الذى نعدهم او نتوفينك فالينا مرجعهم ثم الله شهيد علىٰ ما يفعلون,Tafsir text placeholder for verse 10:46
10:47,ولكل امة رسول ۖ فاذا جاء رسولهم قضى بينهم بالقسط وهم لا يظلمون,Tafsir text placeholder for verse 10:47
10:48,ويقولون متىٰ هـٰذا الوعد ان كنتم صـٰدقين,Tafsir text placeholder for verse 10:48
10:49,قل لا املك لنفسى ضرا ولا نفعا الا ما شاء الله ۗ لكل امة اجل ۚ اذا جاء اجلهم فلا يستـٔخرون ساعة ۖ ولا يستقدمون,Tafsir text placeholder for verse 10:49
10:50,قل ارءيتم ان اتىٰكم عذابه بيـٰتا او نهارا ماذا يستعجل منه المجرمون,Tafsir text placeholder for verse 10:50
10:51,اثم اذا ما وقع ءامنتم به ۚ ءالـٔـٰن وقد كنتم به تستعجلون,Tafsir text placeholder for verse 10:51
10:52,ثم قيل للذين ظلموا ذوقوا عذاب الخلد هل تجزون الا بما كنتم تكسبون,Tafsir text placeholder for verse 10:52
10:53,ويستنبـٔونك احق هو ۖ قل اى وربى انه لحق ۖ وما انتم بمعجزين,Tafsir text placeholder for verse 10:53
10:54,ولو ان لكل نفس ظلمت ما فى الارض لافتدت به ۗ واسروا الندامة لما راوا العذاب ۖ وقضى بينهم بالقسط ۚ وهم لا يظلمون,Tafsir text placeholder for verse 10:54
10:55,الا ان لله ما فى السمـٰوٰت والارض ۗ الا ان وعد الله حق ولـٰكن اكثرهم لا يعلمون,Tafsir text placeholder for verse 10:55
10:56,هو يحيۦ ويميت واليه ترجعون,Tafsir text placeholder for verse 10:56
10:57,يـٰايها الناس قد جاءتكم موعظة من ربكم وشفاء لما فى الصدور وهدى ورحمة للمؤمنين,Tafsir text placeholder for verse 10:57
10:58,قل بفضل الله وبرحمته فبذٰلك فليفرحوا هو خير مما يجمعون,Tafsir text placeholder for verse 10:58
10:59,قل ارءيتم ما انزل الله لكم من رزق فجعلتم منه حراما وحلـٰلا قل ءالله اذن لكم ۖ ام على الله تفترون,Tafsir text placeholder for verse 10:59
10:60,وما ظن الذين يفترون على الله الكذب يوم القيـٰمة ۗ ان الله لذو فضل على الناس ولـٰكن اكثرهم لا يشكرون,Tafsir text placeholder for verse 10:60
10:61,وما تكون فى شان وما تتلوا منه من قرءان ولا تعملون من عمل الا كنا عليكم شهودا اذ تفيضون فيه ۚ وما يعزب عن ربك من مثقال ذرة فى الارض ولا فى السماء ولا اصغر من ذٰلك ولا اكبر الا فى كتـٰب مبين,Tafsir text placeholder for verse 10:61
10:62,الا ان اولياء الله لا خوف عليهم ولا هم يحزنون,Tafsir text placeholder for verse 10:62
10:63,الذين ءامنوا وكانوا يتقون,Tafsir text placeholder for verse 10:63
10:64,لهم البشرىٰ فى الحيوٰة الدنيا وفى الـٔاخرة ۚ لا تبديل لكلمـٰت الله ۚ ذٰلك هو الفوز العظيم,Tafsir text placeholder for verse 10:64
10:65,ولا يحزنك قولهم ۘ ان العزة لله جميعا ۚ هو السميع العليم,Tafsir text placeholder for verse 10:65
10:66,الا ان لله من فى السمـٰوٰت ومن فى الارض ۗ وما يتبع الذين يدعون من دون الله شركاء ۚ ان يتبعون الا الظن وان هم الا يخرصون,Tafsir text placeholder for verse 10:66
10:67,هو الذى جعل لكم اليل لتسكنوا فيه والنهار مبصرا ۚ ان فى ذٰلك لـٔايـٰت لقوم يسمعون,Tafsir text placeholder for verse 10:67
10:68,قالوا اتخذ الله ولدا ۗ سبحـٰنه ۖ هو الغنى ۖ له ما فى السمـٰوٰت وما فى الارض ۚ ان عندكم من سلطـٰن بهـٰذا ۚ اتقولون على الله ما لا تعلمون,Tafsir text placeholder for verse 10:68
10:69,قل ان الذين يفترون على الله الكذب لا يفلحون,Tafsir text placeholder for verse 10:69
10:70,متـٰع فى الدنيا ثم الينا مرجعهم ثم نذيقهم العذاب الشديد بما كانوا يكفرون,Tafsir text placeholder for verse 10:70
10:71,واتل عليهم نبا نوح اذ قال لقومه يـٰقوم ان كان كبر عليكم مقامى وتذكيرى بـٔايـٰت الله فعلى الله توكلت فاجمعوا امركم وشركاءكم ثم لا يكن امركم عليكم غمة ثم اقضوا الى ولا تنظرون,Tafsir text placeholder for verse 10:71
10:72,فان توليتم فما سالتكم من اجر ۖ ان اجرى الا على الله ۖ وامرت ان اكون من المسلمين,Tafsir text placeholder for verse 10:72
10:73,فكذبوه فنجينـٰه ومن معه فى الفلك وجعلنـٰهم خلـٰئف واغرقنا الذين كذبوا بـٔايـٰتنا ۖ فانظر كيف كان عـٰقبة المنذرين,Tafsir text placeholder for verse 10:73
10:74,ثم بعثنا من بعده رسلا الىٰ قومهم فجاءوهم بالبينـٰت فما كانوا ليؤمنوا بما كذبوا به من قبل ۚ كذٰلك نطبع علىٰ قلوب المعتدين,Tafsir text placeholder for verse 10:74
10:75,ثم بعثنا من بعدهم موسىٰ وهـٰرون الىٰ فرعون وملاي۟ه بـٔايـٰتنا فاستكبروا وكانوا قوما مجرمين,Tafsir text placeholder for verse 10:75
10:76,فلما جاءهم الحق من عندنا قالوا ان هـٰذا لسحر مبين,Tafsir text placeholder for verse 10:76
10:77,قال موسىٰ اتقولون للحق لما جاءكم ۖ اسحر هـٰذا ولا يفلح السـٰحرون,Tafsir text placeholder for verse 10:77
10:78,قالوا اجئتنا لتلفتنا عما وجدنا عليه ءاباءنا وتكون لكما الكبرياء فى الارض وما نحن لكما بمؤمنين,Tafsir text placeholder for verse 10:78
10:79,وقال فرعون ائتونى بكل سـٰحر عليم,Tafsir text placeholder for verse 10:79
10:80,فلما جاء السحرة قال لهم موسىٰ القوا ما انتم ملقون,Tafsir text placeholder for verse 10:80
10:81,فلما القوا قال موسىٰ ما جئتم به السحر ۖ ان الله سيبطله ۖ ان الله لا يصلح عمل المفسدين,Tafsir text placeholder for verse 10:81
10:82,ويحق الله الحق بكلمـٰته ولو كره المجرمون,Tafsir text placeholder for verse 10:82
10:83,فما ءامن لموسىٰ الا ذرية من قومه علىٰ خوف من فرعون وملاي۟هم ان يفتنهم ۚ وان فرعون لعال فى الارض وانه لمن المسرفين,Tafsir text placeholder for verse 10:83
10:84,وقال موسىٰ يـٰقوم ان كنتم ءامنتم بالله فعليه توكلوا ان كنتم مسلمين,Tafsir text placeholder for verse 10:84
10:85,فقالوا على الله توكلنا ربنا لا تجعلنا فتنة للقوم الظـٰلمين,Tafsir text placeholder for verse 10:85
10:86,ونجنا برحمتك من القوم الكـٰفرين,Tafsir text placeholder for verse 10:86
10:87,واوحينا الىٰ موسىٰ واخيه ان تبوءا لقومكما بمصر بيوتا واجعلوا بيوتكم قبلة واقيموا الصلوٰة ۗ وبشر المؤمنين,Tafsir text placeholder for verse 10:87
10:88,وقال موسىٰ ربنا انك ءاتيت فرعون وملاه زينة واموٰلا فى الحيوٰة الدنيا ربنا ليضلوا عن سبيلك ۖ ربنا اطمس علىٰ اموٰلهم واشدد علىٰ قلوبهم فلا يؤمنوا حتىٰ يروا العذاب الاليم,Tafsir text placeholder for verse 10:88
10:89,قال قد اجيبت دعوتكما فاستقيما ولا تتبعان سبيل الذين لا يعلمون,Tafsir text placeholder for verse 10:89
10:90,وجـٰوزنا ببنى اسرٰءيل البحر فاتبعهم فرعون وجنوده بغيا وعدوا ۖ حتىٰ اذا ادركه الغرق قال ءامنت انه لا الـٰه الا الذى ءامنت به بنوا اسرٰءيل وانا۠ من المسلمين,Tafsir text placeholder for verse 10:90
10:91,ءالـٔـٰن وقد عصيت قبل وكنت من المفسدين,Tafsir text placeholder for verse 10:91
10:92,فاليوم ننجيك ببدنك لتكون لمن خلفك ءاية ۚ وان كثيرا من الناس عن ءايـٰتنا لغـٰفلون,Tafsir text placeholder for verse 10:92
10:93,ولقد بوانا بنى اسرٰءيل مبوا صدق ورزقنـٰهم من الطيبـٰت فما اختلفوا حتىٰ جاءهم العلم ۚ ان ربك يقضى بينهم يوم القيـٰمة فيما كانوا فيه يختلفون,Tafsir text placeholder for verse 10:93
10:94,فان كنت فى شك مما انزلنا اليك فسـٔل الذين يقرءون الكتـٰب من قبلك ۚ لقد جاءك الحق من ربك فلا تكونن من الممترين,Tafsir text placeholder for verse 10:94
10:95,ولا تكونن من الذين كذبوا بـٔايـٰت الله فتكون من الخـٰسرين,Tafsir text placeholder for verse 10:95
10:96,ان الذين حقت عليهم كلمت ربك لا يؤمنون,Tafsir text placeholder for verse 10:96
10:97,ولو جاءتهم كل ءاية حتىٰ يروا العذاب الاليم,Tafsir text placeholder for verse 10:97
10:98,فلولا كانت قرية ءامنت فنفعها ايمـٰنها الا قوم يونس لما ءامنوا كشفنا عنهم عذاب الخزى فى الحيوٰة الدنيا ومتعنـٰهم الىٰ حين,Tafsir text placeholder for verse 10:98
10:99,ولو شاء ربك لـٔامن من فى الارض كلهم جميعا ۚ افانت تكره الناس حتىٰ يكونوا مؤمنين,Tafsir text placeholder for verse 10:99
10:100,وما كان لنفس ان تؤمن الا باذن الله ۚ ويجعل الرجس على الذين لا يعقلون,Tafsir text placeholder for verse 10:100
10:101,قل انظروا ماذا فى السمـٰوٰت والارض ۚ وما تغنى الـٔايـٰت والنذر عن قوم لا يؤمنون,Tafsir text placeholder for verse 10:101
10:102,فهل ينتظرون الا مثل ايام الذين خلوا من قبلهم ۚ قل فانتظروا انى معكم من المنتظرين,Tafsir text placeholder for verse 10:102
10:103,ثم ننجى رسلنا والذين ءامنوا ۚ كذٰلك حقا علينا ننج المؤمنين,Tafsir text placeholder for verse 10:103
10:104,قل يـٰايها الناس ان كنتم فى شك من دينى فلا اعبد الذين تعبدون من دون الله ولـٰكن اعبد الله الذى يتوفىٰكم ۖ وامرت ان اكون من المؤمنين,Tafsir text placeholder for verse 10:104
10:105,وان اقم وجهك للدين حنيفا ولا تكونن من المشركين,Tafsir text placeholder for verse 10:105
10:106,ولا تدع من دون الله ما لا ينفعك ولا يضرك ۖ فان فعلت فانك اذا من الظـٰلمين,Tafsir text placeholder for verse 10:106
10:107,وان يمسسك الله بضر فلا كاشف له الا هو ۖ وان يردك بخير فلا راد لفضله ۚ يصيب به من يشاء من عباده ۚ وهو الغفور الرحيم,Tafsir text placeholder for verse 10:107
10:108,قل يـٰايها الناس قد جاءكم الحق من ربكم ۖ فمن اهتدىٰ فانما يهتدى لنفسه ۖ ومن ضل فانما يضل عليها ۖ وما انا۠ عليكم بوكيل,Tafsir text placeholder for verse 10:108
10:109,واتبع ما يوحىٰ اليك واصبر حتىٰ يحكم الله ۚ وهو خير الحـٰكمين,Tafsir text placeholder for verse 10:109
11:1,الر ۚ كتـٰب احكمت ءايـٰته ثم فصلت من لدن حكيم خبير,Tafsir text placeholder for verse 11:1
11:2,الا تعبدوا الا الله ۚ اننى لكم منه نذير وبشير,Tafsir text placeholder for verse 11:2
11:3,وان استغفروا ربكم ثم توبوا اليه يمتعكم متـٰعا حسنا الىٰ اجل مسمى ويؤت كل ذى فضل فضله ۖ وان تولوا فانى اخاف عليكم عذاب يوم كبير,Tafsir text placeholder for verse 11:3
11:4,الى الله مرجعكم ۖ وهو علىٰ كل شىء قدير,Tafsir text placeholder for verse 11:4
11:5,الا انهم يثنون صدورهم ليستخفوا منه ۚ الا حين يستغشون ثيابهم يعلم ما يسرون وما يعلنون ۚ انه عليم بذات الصدور,Tafsir text placeholder for verse 11:5
11:6,وما من دابة فى الارض الا على الله رزقها ويعلم مستقرها ومستودعها ۚ كل فى كتـٰب مبين,Tafsir text placeholder for verse 11:6
11:7,وهو الذى خلق السمـٰوٰت والارض فى ستة ايام وكان عرشه على الماء ليبلوكم ايكم احسن عملا ۗ ولئن قلت انكم مبعوثون من بعد الموت ليقولن الذين كفروا ان هـٰذا الا سحر مبين,Tafsir text placeholder for verse 11:7
11:8,ولئن اخرنا عنهم العذاب الىٰ امة معدودة ليقولن ما يحبسه ۗ الا يوم ياتيهم ليس مصروفا عنهم وحاق بهم ما كانوا به يستهزءون,Tafsir text placeholder for verse 11:8
11:9,ولئن اذقنا الانسـٰن منا رحمة ثم نزعنـٰها منه انه ليـٔوس كفور,Tafsir text placeholder for verse 11:9
11:10,ولئن اذقنـٰه نعماء بعد ضراء مسته ليقولن ذهب السيـٔات عنى ۚ انه لفرح فخور,Tafsir text placeholder for verse 11:10
11:11,الا الذين صبروا وعملوا الصـٰلحـٰت اولـٰئك لهم مغفرة واجر كبير,Tafsir text placeholder for verse 11:11
11:12,فلعلك تارك بعض ما يوحىٰ اليك وضائق به صدرك ان يقولوا لولا انزل عليه كنز او جاء معه ملك ۚ انما انت نذير ۚ والله علىٰ كل شىء وكيل,Tafsir text placeholder for verse 11:12
11:13,ام يقولون افترىٰه ۖ قل فاتوا بعشر سور مثله مفتريـٰت وادعوا من استطعتم من دون الله ان كنتم صـٰدقين,Tafsir text placeholder for verse 11:13
11:14,فالم يستجيبوا لكم فاعلموا انما انزل بعلم الله وان لا الـٰه الا هو ۖ فهل انتم مسلمون,Tafsir text placeholder for verse 11:14
11:15,من كان يريد الحيوٰة الدنيا وزينتها نوف اليهم اعمـٰلهم فيها وهم فيها لا يبخسون,Tafsir text placeholder for verse 11:15
11:16,اولـٰئك الذين ليس لهم فى الـٔاخرة الا النار ۖ وحبط ما صنعوا فيها وبـٰطل ما كانوا يعملون,Tafsir text placeholder for verse 11:16
11:17,افمن كان علىٰ بينة من ربه ويتلوه شاهد منه ومن قبله كتـٰب موسىٰ اماما ورحمة ۚ اولـٰئك يؤمنون به ۚ ومن يكفر به من الاحزاب فالنار موعده ۚ فلا تك فى مرية منه ۚ انه الحق من ربك ولـٰكن اكثر الناس لا يؤمنون,Tafsir text placeholder for verse 11:17
11:18,ومن اظلم ممن افترىٰ على الله كذبا ۚ اولـٰئك يعرضون علىٰ ربهم ويقول الاشهـٰد هـٰؤلاء الذين كذبوا علىٰ ربهم ۚ الا لعنة الله على الظـٰلمين,Tafsir text placeholder for verse 11:18
11:19,الذين يصدون عن سبيل الله ويبغونها عوجا وهم بالـٔاخرة هم كـٰفرون,Tafsir text placeholder for verse 11:19
11:20,اولـٰئك لم يكونوا معجزين فى الارض وما كان لهم من دون الله من اولياء ۘ يضـٰعف لهم العذاب ۚ ما كانوا يستطيعون السمع وما كانوا يبصرون,Tafsir text placeholder for verse 11:20
11:21,اولـٰئك الذين خسروا انفسهم وضل عنهم ما كانوا يفترون,Tafsir text placeholder for verse 11:21
11:22,لا جرم انهم فى الـٔاخرة هم الاخسرون,Tafsir text placeholder for verse 11:22
11:23,ان الذين ءامنوا وعملوا الصـٰلحـٰت واخبتوا الىٰ ربهم اولـٰئك اصحـٰب الجنة ۖ هم فيها خـٰلدون,Tafsir text placeholder for verse 11:23
11:24,مثل الفريقين كالاعمىٰ والاصم والبصير والسميع ۚ هل يستويان مثلا ۚ افلا تذكرون,Tafsir text placeholder for verse 11:24
11:25,ولقد ارسلنا نوحا الىٰ قومه انى لكم نذير مبين,Tafsir text placeholder for verse 11:25
11:26,ان لا تعبدوا الا الله ۖ انى اخاف عليكم عذاب يوم اليم,Tafsir text placeholder for verse 11:26
11:27,فقال الملا الذين كفروا من قومه ما نرىٰك الا بشرا مثلنا وما نرىٰك اتبعك الا الذين هم اراذلنا بادى الراى وما نرىٰ لكم علينا من فضل بل نظنكم كـٰذبين,Tafsir text placeholder for verse 11:27
11:28,قال يـٰقوم ارءيتم ان كنت علىٰ بينة من ربى وءاتىٰنى رحمة من عنده فعميت عليكم انلزمكموها وانتم لها كـٰرهون,Tafsir text placeholder for verse 11:28
11:29,ويـٰقوم لا اسـٔلكم عليه مالا ۖ ان اجرى الا على الله ۚ وما انا۠ بطارد الذين ءامنوا ۚ انهم ملـٰقوا ربهم ولـٰكنى ارىٰكم قوما تجهلون,Tafsir text placeholder for verse 11:29
11:30,ويـٰقوم من ينصرنى من الله ان طردتهم ۚ افلا تذكرون,Tafsir text placeholder for verse 11:30
11:31,ولا اقول لكم عندى خزائن الله ولا اعلم الغيب ولا اقول انى ملك ولا اقول للذين تزدرى اعينكم لن يؤتيهم الله خيرا ۖ الله اعلم بما فى انفسهم ۖ انى اذا لمن الظـٰلمين,Tafsir text placeholder for verse 11:31
11:32,قالوا يـٰنوح قد جـٰدلتنا فاكثرت جدٰلنا فاتنا بما تعدنا ان كنت من الصـٰدقين,Tafsir text placeholder for verse 11:32
11:33,قال انما ياتيكم به الله ان شاء وما انتم بمعجزين,Tafsir text placeholder for verse 11:33
11:34,ولا ينفعكم نصحى ان اردت ان انصح لكم ان كان الله يريد ان يغويكم ۚ هو ربكم واليه ترجعون,Tafsir text placeholder for verse 11:34
11:35,ام يقولون افترىٰه ۖ قل ان افتريته فعلى اجرامى وانا۠ برىء مما تجرمون,Tafsir text placeholder for verse 11:35
11:36,واوحى الىٰ نوح انه لن يؤمن من قومك الا من قد ءامن فلا تبتئس بما كانوا يفعلون,Tafsir text placeholder for verse 11:36
11:37,واصنع الفلك باعيننا ووحينا ولا تخـٰطبنى فى الذين ظلموا ۚ انهم مغرقون,Tafsir text placeholder for verse 11:37
11:38,ويصنع الفلك وكلما مر عليه ملا من قومه سخروا منه ۚ قال ان تسخروا منا فانا نسخر منكم كما تسخرون,Tafsir text placeholder for verse 11:38
11:39,فسوف تعلمون من ياتيه عذاب يخزيه ويحل عليه عذاب مقيم,Tafsir text placeholder for verse 11:39
11:40,حتىٰ اذا جاء امرنا وفار التنور قلنا احمل فيها من كل زوجين اثنين واهلك الا من سبق عليه القول ومن ءامن ۚ وما ءامن معه الا قليل,Tafsir text placeholder for verse 11:40
11:41,وقال اركبوا فيها بسم الله مجر۪ىٰها ومرسىٰها ۚ ان ربى لغفور رحيم,Tafsir text placeholder for verse 11:41
11:42,وهى تجرى بهم فى موج كالجبال ونادىٰ نوح ابنه وكان فى معزل يـٰبنى اركب معنا ولا تكن مع الكـٰفرين,Tafsir text placeholder for verse 11:42
11:43,قال سـٔاوى الىٰ جبل يعصمنى من الماء ۚ قال لا عاصم اليوم من امر الله الا من رحم ۚ وحال بينهما الموج فكان من المغرقين,Tafsir text placeholder for verse 11:43
11:44,وقيل يـٰارض ابلعى ماءك ويـٰسماء اقلعى وغيض الماء وقضى الامر واستوت على الجودى ۖ وقيل بعدا للقوم الظـٰلمين,Tafsir text placeholder for verse 11:44
11:45,ونادىٰ نوح ربه فقال رب ان ابنى من اهلى وان وعدك الحق وانت احكم الحـٰكمين,Tafsir text placeholder for verse 11:45
11:46,قال يـٰنوح انه ليس من اهلك ۖ انه عمل غير صـٰلح ۖ فلا تسـٔلن ما ليس لك به علم ۖ انى اعظك ان تكون من الجـٰهلين,Tafsir text placeholder for verse 11:46
11:47,قال رب انى اعوذ بك ان اسـٔلك ما ليس لى به علم ۖ والا تغفر لى وترحمنى اكن من الخـٰسرين,Tafsir text placeholder for verse 11:47
11:48,قيل يـٰنوح اهبط بسلـٰم منا وبركـٰت عليك وعلىٰ امم ممن معك ۚ وامم سنمتعهم ثم يمسهم منا عذاب اليم,Tafsir text placeholder for verse 11:48
11:49,تلك من انباء الغيب نوحيها اليك ۖ ما كنت تعلمها انت ولا قومك من قبل هـٰذا ۖ فاصبر ۖ ان العـٰقبة للمتقين,Tafsir text placeholder for verse 11:49
11:50,والىٰ عاد اخاهم هودا ۚ قال يـٰقوم اعبدوا الله ما لكم من الـٰه غيره ۖ ان انتم الا مفترون,Tafsir text placeholder for verse 11:50
11:51,يـٰقوم لا اسـٔلكم عليه اجرا ۖ ان اجرى الا على الذى فطرنى ۚ افلا تعقلون,Tafsir text placeholder for verse 11:51
11:52,ويـٰقوم استغفروا ربكم ثم توبوا اليه يرسل السماء عليكم مدرارا ويزدكم قوة الىٰ قوتكم ولا تتولوا مجرمين,Tafsir text placeholder for verse 11:52
11:53,قالوا يـٰهود ما جئتنا ببينة وما نحن بتاركى ءالهتنا عن قولك وما نحن لك بمؤمنين,Tafsir text placeholder for verse 11:53
11:54,ان نقول الا اعترىٰك بعض ءالهتنا بسوء ۗ قال انى اشهد الله واشهدوا انى برىء مما تشركون,Tafsir text placeholder for verse 11:54
11:55,من دونه ۖ فكيدونى جميعا ثم لا تنظرون,Tafsir text placeholder for verse 11:55
11:56,انى توكلت على الله ربى وربكم ۚ ما من دابة الا هو ءاخذ بناصيتها ۚ ان ربى علىٰ صرٰط مستقيم,Tafsir text placeholder for verse 11:56
11:57,فان تولوا فقد ابلغتكم ما ارسلت به اليكم ۚ ويستخلف ربى قوما غيركم ولا تضرونه شيـٔا ۚ ان ربى علىٰ كل شىء حفيظ,Tafsir text placeholder for verse 11:57
11:58,ولما جاء امرنا نجينا هودا والذين ءامنوا معه برحمة منا ونجينـٰهم من عذاب غليظ,Tafsir text placeholder for verse 11:58
11:59,وتلك عاد ۖ جحدوا بـٔايـٰت ربهم وعصوا رسله واتبعوا امر كل جبار عنيد,Tafsir text placeholder for verse 11:59
11:60,واتبعوا فى هـٰذه الدنيا لعنة ويوم القيـٰمة ۗ الا ان عادا كفروا ربهم ۗ الا بعدا لعاد قوم هود,Tafsir text placeholder for verse 11:60
11:61,والىٰ ثمود اخاهم صـٰلحا ۚ قال يـٰقوم اعبدوا الله ما لكم من الـٰه غيره ۖ هو انشاكم من الارض واستعمركم فيها فاستغفروه ثم توبوا اليه ۚ ان ربى قريب مجيب,Tafsir text placeholder for verse 11:61
11:62,قالوا يـٰصـٰلح قد كنت فينا مرجوا قبل هـٰذا ۖ اتنهىٰنا ان نعبد ما يعبد ءاباؤنا واننا لفى شك مما تدعونا اليه مريب,Tafsir text placeholder for verse 11:62
11:63,قال يـٰقوم ارءيتم ان كنت علىٰ بينة من ربى وءاتىٰنى منه رحمة فمن ينصرنى من الله ان عصيته ۖ فما تزيدوننى غير تخسير,Tafsir text placeholder for verse 11:63
11:64,ويـٰقوم هـٰذه ناقة الله لكم ءاية فذروها تاكل فى ارض الله ولا تمسوها بسوء فياخذكم عذاب قريب,Tafsir text placeholder for verse 11:64
11:65,فعقروها فقال تمتعوا فى داركم ثلـٰثة ايام ۖ ذٰلك وعد غير مكذوب,Tafsir text placeholder for verse 11:65
11:66,فلما جاء امرنا نجينا صـٰلحا والذين ءامنوا معه برحمة منا ومن خزى يومئذ ۗ ان ربك هو القوى العزيز,Tafsir text placeholder for verse 11:66
11:67,واخذ الذين ظلموا الصيحة فاصبحوا فى ديـٰرهم جـٰثمين,Tafsir text placeholder for verse 11:67
11:68,كان لم يغنوا فيها ۗ الا ان ثمودا۟ كفروا ربهم ۗ الا بعدا لثمود,Tafsir text placeholder for verse 11:68
11:69,ولقد جاءت رسلنا ابرٰهيم بالبشرىٰ قالوا سلـٰما ۖ قال سلـٰم ۖ فما لبث ان جاء بعجل حنيذ,Tafsir text placeholder for verse 11:69
11:70,فلما رءا ايديهم لا تصل اليه نكرهم واوجس منهم خيفة ۚ قالوا لا تخف انا ارسلنا الىٰ قوم لوط,Tafsir text placeholder for verse 11:70
11:71,وامراته قائمة فضحكت فبشرنـٰها باسحـٰق ومن وراء اسحـٰق يعقوب,Tafsir text placeholder for verse 11:71
11:72,قالت يـٰويلتىٰ ءالد وانا۠ عجوز وهـٰذا بعلى شيخا ۖ ان هـٰذا لشىء عجيب,Tafsir text placeholder for verse 11:72
11:73,قالوا اتعجبين من امر الله ۖ رحمت الله وبركـٰته عليكم اهل البيت ۚ انه حميد مجيد,Tafsir text placeholder for verse 11:73
11:74,فلما ذهب عن ابرٰهيم الروع وجاءته البشرىٰ يجـٰدلنا فى قوم لوط,Tafsir text placeholder for verse 11:74
11:75,ان ابرٰهيم لحليم اوٰه منيب,Tafsir text placeholder for verse 11:75
11:76,يـٰابرٰهيم اعرض عن هـٰذا ۖ انه قد جاء امر ربك ۖ وانهم ءاتيهم عذاب غير مردود,Tafsir text placeholder for verse 11:76
11:77,ولما جاءت رسلنا لوطا سىء بهم وضاق بهم ذرعا وقال هـٰذا يوم عصيب,Tafsir text placeholder for verse 11:77
11:78,وجاءه قومه يهرعون اليه ومن قبل كانوا يعملون السيـٔات ۚ قال يـٰقوم هـٰؤلاء بناتى هن اطهر لكم ۖ فاتقوا الله ولا تخزون فى ضيفى ۖ اليس منكم رجل رشيد,Tafsir text placeholder for verse 11:78
11:79,قالوا لقد علمت ما لنا فى بناتك من حق وانك لتعلم ما نريد,Tafsir text placeholder for verse 11:79
11:80,قال لو ان لى بكم قوة او ءاوى الىٰ ركن شديد,Tafsir text placeholder for verse 11:80
11:81,قالوا يـٰلوط انا رسل ربك لن يصلوا اليك ۖ فاسر باهلك بقطع من اليل ولا يلتفت منكم احد الا امراتك ۖ انه مصيبها ما اصابهم ۚ ان موعدهم الصبح ۚ اليس الصبح بقريب,Tafsir text placeholder for verse 11:81
11:82,فلما جاء امرنا جعلنا عـٰليها سافلها وامطرنا عليها حجارة من سجيل منضود,Tafsir text placeholder for verse 11:82
11:83,مسومة عند ربك ۖ وما هى من الظـٰلمين ببعيد,Tafsir text placeholder for verse 11:83
11:84,والىٰ مدين اخاهم شعيبا ۚ قال يـٰقوم اعبدوا الله ما لكم من الـٰه غيره ۖ ولا تنقصوا المكيال والميزان ۚ انى ارىٰكم بخير وانى اخاف عليكم عذاب يوم محيط,Tafsir text placeholder for verse 11:84
11:85,ويـٰقوم اوفوا المكيال والميزان بالقسط ۖ ولا تبخسوا الناس اشياءهم ولا تعثوا فى الارض مفسدين,Tafsir text placeholder for verse 11:85
11:86,بقيت الله خير لكم ان كنتم مؤمنين ۚ وما انا۠ عليكم بحفيظ,Tafsir text placeholder for verse 11:86
11:87,قالوا يـٰشعيب اصلوٰتك تامرك ان نترك ما يعبد ءاباؤنا او ان نفعل فى اموٰلنا ما نشـٰؤا۟ ۖ انك لانت الحليم الرشيد,Tafsir text placeholder for verse 11:87
11:88,قال يـٰقوم ارءيتم ان كنت علىٰ بينة من ربى ورزقنى منه رزقا حسنا ۚ وما اريد ان اخالفكم الىٰ ما انهىٰكم عنه ۚ ان اريد الا الاصلـٰح ما استطعت ۚ وما توفيقى الا بالله ۚ عليه توكلت واليه انيب,Tafsir text placeholder for verse 11:88
11:89,ويـٰقوم لا يجرمنكم شقاقى ان يصيبكم مثل ما اصاب قوم نوح او قوم هود او قوم صـٰلح ۚ وما قوم لوط منكم ببعيد,Tafsir text placeholder for verse 11:89
11:90,واستغفروا ربكم ثم توبوا اليه ۚ ان ربى رحيم ودود,Tafsir text placeholder for verse 11:90
11:91,قالوا يـٰشعيب ما نفقه كثيرا مما تقول وانا لنرىٰك فينا ضعيفا ۖ ولولا رهطك لرجمنـٰك ۖ وما انت علينا بعزيز,Tafsir text placeholder for verse 11:91
11:92,قال يـٰقوم ارهطى اعز عليكم من الله واتخذتموه وراءكم ظهريا ۖ ان ربى بما تعملون محيط,Tafsir text placeholder for verse 11:92
11:93,ويـٰقوم اعملوا علىٰ مكانتكم انى عـٰمل ۖ سوف تعلمون من ياتيه عذاب يخزيه ومن هو كـٰذب ۖ وارتقبوا انى معكم رقيب,Tafsir text placeholder for verse 11:93
11:94,ولما جاء امرنا نجينا شعيبا والذين ءامنوا معه برحمة منا واخذت الذين ظلموا الصيحة فاصبحوا فى ديـٰرهم جـٰثمين,Tafsir text placeholder for verse 11:94
11:95,كان لم يغنوا فيها ۗ الا بعدا لمدين كما بعدت ثمود,Tafsir text placeholder for verse 11:95
11:96,ولقد ارسلنا موسىٰ بـٔايـٰتنا وسلطـٰن مبين,Tafsir text placeholder for verse 11:96
11:97,الىٰ فرعون وملاي۟ه فاتبعوا امر فرعون ۖ وما امر فرعون برشيد,Tafsir text placeholder for verse 11:97
11:98,يقدم قومه يوم القيـٰمة فاوردهم النار ۖ وبئس الورد المورود,Tafsir text placeholder for verse 11:98
11:99,واتبعوا فى هـٰذه لعنة ويوم القيـٰمة ۚ بئس الرفد المرفود,Tafsir text placeholder for verse 11:99
11:100,ذٰلك من انباء القرىٰ نقصه عليك ۖ منها قائم وحصيد,Tafsir text placeholder for verse 11:100
11:101,وما ظلمنـٰهم ولـٰكن ظلموا انفسهم ۖ فما اغنت عنهم ءالهتهم التى يدعون من دون الله من شىء لما جاء امر ربك ۖ وما زادوهم غير تتبيب,Tafsir text placeholder for verse 11:101
11:102,وكذٰلك اخذ ربك اذا اخذ القرىٰ وهى ظـٰلمة ۚ ان اخذه اليم شديد,Tafsir text placeholder for verse 11:102
11:103,ان فى ذٰلك لـٔاية لمن خاف عذاب الـٔاخرة ۚ ذٰلك يوم مجموع له الناس وذٰلك يوم مشهود,Tafsir text placeholder for verse 11:103
11:104,وما نؤخره الا لاجل معدود,Tafsir text placeholder for verse 11:104
11:105,يوم يات لا تكلم نفس الا باذنه ۚ فمنهم شقى وسعيد,Tafsir text placeholder for verse 11:105
11:106,فاما الذين شقوا ففى النار لهم فيها زفير وشهيق,Tafsir text placeholder for verse 11:106
11:107,خـٰلدين فيها ما دامت السمـٰوٰت والارض الا ما شاء ربك ۚ ان ربك فعال لما يريد,Tafsir text placeholder for verse 11:107
11:108,واما الذين سعدوا ففى الجنة خـٰلدين فيها ما دامت السمـٰوٰت والارض الا ما شاء ربك ۖ عطاء غير مجذوذ,Tafsir text placeholder for verse 11:108
11:109,فلا تك فى مرية مما يعبد هـٰؤلاء ۚ ما يعبدون الا كما يعبد ءاباؤهم من قبل ۚ وانا لموفوهم نصيبهم غير منقوص,Tafsir text placeholder for verse 11:109
11:110,ولقد ءاتينا موسى الكتـٰب فاختلف فيه ۚ ولولا كلمة سبقت من ربك لقضى بينهم ۚ وانهم لفى شك منه مريب,Tafsir text placeholder for verse 11:110
11:111,وان كلا لما ليوفينهم ربك اعمـٰلهم ۚ انه بما يعملون خبير,Tafsir text placeholder for verse 11:111
11:112,فاستقم كما امرت ومن تاب معك ولا تطغوا ۚ انه بما تعملون بصير,Tafsir text placeholder for verse 11:112
11:113,ولا تركنوا الى الذين ظلموا فتمسكم النار وما لكم من دون الله من اولياء ثم لا تنصرون,Tafsir text placeholder for verse 11:113
11:114,واقم الصلوٰة طرفى النهار وزلفا من اليل ۚ ان الحسنـٰت يذهبن السيـٔات ۚ ذٰلك ذكرىٰ للذٰكرين,Tafsir text placeholder for verse 11:114
11:115,واصبر فان الله لا يضيع اجر المحسنين,Tafsir text placeholder for verse 11:115
11:116,فلولا كان من القرون من قبلكم اولوا بقية ينهون عن الفساد فى الارض الا قليلا ممن انجينا منهم ۗ واتبع الذين ظلموا ما اترفوا فيه وكانوا مجرمين,Tafsir text placeholder for verse 11:116
11:117,وما كان ربك ليهلك القرىٰ بظلم واهلها مصلحون,Tafsir text placeholder for verse 11:117
11:118,ولو شاء ربك لجعل الناس امة وٰحدة ۖ ولا يزالون مختلفين,Tafsir text placeholder for verse 11:118
11:119,الا من رحم ربك ۚ ولذٰلك خلقهم ۗ وتمت كلمة ربك لاملان جهنم من الجنة والناس اجمعين,Tafsir text placeholder for verse 11:119
11:120,وكلا نقص عليك من انباء الرسل ما نثبت به فؤادك ۚ وجاءك فى هـٰذه الحق وموعظة وذكرىٰ للمؤمنين,Tafsir text placeholder for verse 11:120
11:121,وقل للذين لا يؤمنون اعملوا علىٰ مكانتكم انا عـٰملون,Tafsir text placeholder for verse 11:121
11:122,وانتظروا انا منتظرون,Tafsir text placeholder for verse 11:122
11:123,ولله غيب السمـٰوٰت والارض واليه يرجع الامر كله فاعبده وتوكل عليه ۚ وما ربك بغـٰفل عما تعملون,Tafsir text placeholder for verse 11:123
12:1,الر ۚ تلك ءايـٰت الكتـٰب المبين,Tafsir text placeholder for verse 12:1
12:2,انا انزلنـٰه قرءٰنا عربيا لعلكم تعقلون,Tafsir text placeholder for verse 12:2
12:3,نحن نقص عليك احسن القصص بما اوحينا اليك هـٰذا القرءان وان كنت من قبله لمن الغـٰفلين,Tafsir text placeholder for verse 12:3
12:4,اذ قال يوسف لابيه يـٰابت انى رايت احد عشر كوكبا والشمس والقمر رايتهم لى سـٰجدين,Tafsir text placeholder for verse 12:4
12:5,قال يـٰبنى لا تقصص رءياك علىٰ اخوتك فيكيدوا لك كيدا ۖ ان الشيطـٰن للانسـٰن عدو مبين,Tafsir text placeholder for verse 12:5
12:6,وكذٰلك يجتبيك ربك ويعلمك من تاويل الاحاديث ويتم نعمته عليك وعلىٰ ءال يعقوب كما اتمها علىٰ ابويك من قبل ابرٰهيم واسحـٰق ۚ ان ربك عليم حكيم,Tafsir text placeholder for verse 12:6
12:7,لقد كان فى يوسف واخوته ءايـٰت للسائلين,Tafsir text placeholder for verse 12:7
12:8,اذ قالوا ليوسف واخوه احب الىٰ ابينا منا ونحن عصبة ان ابانا لفى ضلـٰل مبين,Tafsir text placeholder for verse 12:8
12:9,اقتلوا يوسف او اطرحوه ارضا يخل لكم وجه ابيكم وتكونوا من بعده قوما صـٰلحين,Tafsir text placeholder for verse 12:9
12:10,قال قائل منهم لا تقتلوا يوسف والقوه فى غيـٰبت الجب يلتقطه بعض السيارة ان كنتم فـٰعلين,Tafsir text placeholder for verse 12:10
12:11,قالوا يـٰابانا ما لك لا تام۫نا علىٰ يوسف وانا له لنـٰصحون,Tafsir text placeholder for verse 12:11
12:12,ارسله معنا غدا يرتع ويلعب وانا له لحـٰفظون,Tafsir text placeholder for verse 12:12
12:13,قال انى ليحزننى ان تذهبوا به واخاف ان ياكله الذئب وانتم عنه غـٰفلون,Tafsir text placeholder for verse 12:13
12:14,قالوا لئن اكله الذئب ونحن عصبة انا اذا لخـٰسرون,Tafsir text placeholder for verse 12:14
12:15,فلما ذهبوا به واجمعوا ان يجعلوه فى غيـٰبت الجب ۚ واوحينا اليه لتنبئنهم بامرهم هـٰذا وهم لا يشعرون,Tafsir text placeholder for verse 12:15
12:16,وجاءو اباهم عشاء يبكون,Tafsir text placeholder for verse 12:16
12:17,قالوا يـٰابانا انا ذهبنا نستبق وتركنا يوسف عند متـٰعنا فاكله الذئب ۖ وما انت بمؤمن لنا ولو كنا صـٰدقين,Tafsir text placeholder for verse 12:17
12:18,وجاءو علىٰ قميصه بدم كذب ۚ قال بل سولت لكم انفسكم امرا ۖ فصبر جميل ۖ والله المستعان علىٰ ما تصفون,Tafsir text placeholder for verse 12:18
12:19,وجاءت سيارة فارسلوا واردهم فادلىٰ دلوه ۖ قال يـٰبشرىٰ هـٰذا غلـٰم ۚ واسروه بضـٰعة ۚ والله عليم بما يعملون,Tafsir text placeholder for verse 12:19
12:20,وشروه بثمن بخس درٰهم معدودة وكانوا فيه من الزٰهدين,Tafsir text placeholder for verse 12:20
12:21,وقال الذى اشترىٰه من مصر لامراته اكرمى مثوىٰه عسىٰ ان ينفعنا او نتخذه ولدا ۚ وكذٰلك مكنا ليوسف فى الارض ولنعلمه من تاويل الاحاديث ۚ والله غالب علىٰ امره ولـٰكن اكثر الناس لا يعلمون,Tafsir text placeholder for verse 12:21
12:22,ولما بلغ اشده ءاتينـٰه حكما وعلما ۚ وكذٰلك نجزى المحسنين,Tafsir text placeholder for verse 12:22
12:23,ورٰودته التى هو فى بيتها عن نفسه وغلقت الابوٰب وقالت هيت لك ۚ قال معاذ الله ۖ انه ربى احسن مثواى ۖ انه لا يفلح الظـٰلمون,Tafsir text placeholder for verse 12:23
12:24,ولقد همت به ۖ وهم بها لولا ان رءا برهـٰن ربه ۚ كذٰلك لنصرف عنه السوء والفحشاء ۚ انه من عبادنا المخلصين,Tafsir text placeholder for verse 12:24
12:25,واستبقا الباب وقدت قميصه من دبر والفيا سيدها لدا الباب ۚ قالت ما جزاء من اراد باهلك سوءا الا ان يسجن او عذاب اليم,Tafsir text placeholder for verse 12:25
12:26,قال هى رٰودتنى عن نفسى ۚ وشهد شاهد من اهلها ان كان قميصه قد من قبل فصدقت وهو من الكـٰذبين,Tafsir text placeholder for verse 12:26
12:27,وان كان قميصه قد من دبر فكذبت وهو من الصـٰدقين,Tafsir text placeholder for verse 12:27
12:28,فلما رءا قميصه قد من دبر قال انه من كيدكن ۖ ان كيدكن عظيم,Tafsir text placeholder for verse 12:28
12:29,يوسف اعرض عن هـٰذا ۚ واستغفرى لذنبك ۖ انك كنت من الخاطـٔين,Tafsir text placeholder for verse 12:29
12:30,وقال نسوة فى المدينة امرات العزيز ترٰود فتىٰها عن نفسه ۖ قد شغفها حبا ۖ انا لنرىٰها فى ضلـٰل مبين,Tafsir text placeholder for verse 12:30
12:31,فلما سمعت بمكرهن ارسلت اليهن واعتدت لهن متكـٔا وءاتت كل وٰحدة منهن سكينا وقالت اخرج عليهن ۖ فلما راينه اكبرنه وقطعن ايديهن وقلن حـٰش لله ما هـٰذا بشرا ان هـٰذا الا ملك كريم,Tafsir text placeholder for verse 12:31
12:32,قالت فذٰلكن الذى لمتننى فيه ۖ ولقد رٰودته عن نفسه فاستعصم ۖ ولئن لم يفعل ما ءامره ليسجنن وليكونا من الصـٰغرين,Tafsir text placeholder for verse 12:32
12:33,قال رب السجن احب الى مما يدعوننى اليه ۖ والا تصرف عنى كيدهن اصب اليهن واكن من الجـٰهلين,Tafsir text placeholder for verse 12:33
12:34,فاستجاب له ربه فصرف عنه كيدهن ۚ انه هو السميع العليم,Tafsir text placeholder for verse 12:34
12:35,ثم بدا لهم من بعد ما راوا الـٔايـٰت ليسجننه حتىٰ حين,Tafsir text placeholder for verse 12:35
12:36,ودخل معه السجن فتيان ۖ قال احدهما انى ارىٰنى اعصر خمرا ۖ وقال الـٔاخر انى ارىٰنى احمل فوق راسى خبزا تاكل الطير منه ۖ نبئنا بتاويله ۖ انا نرىٰك من المحسنين,Tafsir text placeholder for verse 12:36
12:37,قال لا ياتيكما طعام ترزقانه الا نباتكما بتاويله قبل ان ياتيكما ۚ ذٰلكما مما علمنى ربى ۚ انى تركت ملة قوم لا يؤمنون بالله وهم بالـٔاخرة هم كـٰفرون,Tafsir text placeholder for verse 12:37
12:38,واتبعت ملة ءاباءى ابرٰهيم واسحـٰق ويعقوب ۚ ما كان لنا ان نشرك بالله من شىء ۚ ذٰلك من فضل الله علينا وعلى الناس ولـٰكن اكثر الناس لا يشكرون,Tafsir text placeholder for verse 12:38
12:39,يـٰصـٰحبى السجن ءارباب متفرقون خير ام الله الوٰحد القهار,Tafsir text placeholder for verse 12:39
12:40,ما تعبدون من دونه الا اسماء سميتموها انتم وءاباؤكم ما انزل الله بها من سلطـٰن ۚ ان الحكم الا لله ۚ امر الا تعبدوا الا اياه ۚ ذٰلك الدين القيم ولـٰكن اكثر الناس لا يعلمون,Tafsir text placeholder for verse 12:40
12:41,يـٰصـٰحبى السجن اما احدكما فيسقى ربه خمرا ۖ واما الـٔاخر فيصلب فتاكل الطير من راسه ۚ قضى الامر الذى فيه تستفتيان,Tafsir text placeholder for verse 12:41
12:42,وقال للذى ظن انه ناج منهما اذكرنى عند ربك فانسىٰه الشيطـٰن ذكر ربه فلبث فى السجن بضع سنين,Tafsir text placeholder for verse 12:42
12:43,وقال الملك انى ارىٰ سبع بقرٰت سمان ياكلهن سبع عجاف وسبع سنبلـٰت خضر واخر يابسـٰت ۖ يـٰايها الملا افتونى فى رءيـٰى ان كنتم للرءيا تعبرون,Tafsir text placeholder for verse 12:43
12:44,قالوا اضغـٰث احلـٰم ۖ وما نحن بتاويل الاحلـٰم بعـٰلمين,Tafsir text placeholder for verse 12:44
12:45,وقال الذى نجا منهما وادكر بعد امة انا۠ انبئكم بتاويله فارسلون,Tafsir text placeholder for verse 12:45
12:46,يوسف ايها الصديق افتنا فى سبع بقرٰت سمان ياكلهن سبع عجاف وسبع سنبلـٰت خضر واخر يابسـٰت لعلى ارجع الى الناس لعلهم يعلمون,Tafsir text placeholder for verse 12:46
12:47,قال تزرعون سبع سنين دابا فما حصدتم فذروه فى سنبله الا قليلا مما تاكلون,Tafsir text placeholder for verse 12:47
12:48,ثم ياتى من بعد ذٰلك سبع شداد ياكلن ما قدمتم لهن الا قليلا مما تحصنون,Tafsir text placeholder for verse 12:48
12:49,ثم ياتى من بعد ذٰلك عام فيه يغاث الناس وفيه يعصرون,Tafsir text placeholder for verse 12:49
12:50,وقال الملك ائتونى به ۖ فلما جاءه الرسول قال ارجع الىٰ ربك فسـٔله ما بال النسوة الـٰتى قطعن ايديهن ۚ ان ربى بكيدهن عليم,Tafsir text placeholder for verse 12:50
12:51,قال ما خطبكن اذ رٰودتن يوسف عن نفسه ۚ قلن حـٰش لله ما علمنا عليه من سوء ۚ قالت امرات العزيز الـٔـٰن حصحص الحق انا۠ رٰودته عن نفسه وانه لمن الصـٰدقين,Tafsir text placeholder for verse 12:51
12:52,ذٰلك ليعلم انى لم اخنه بالغيب وان الله لا يهدى كيد الخائنين,Tafsir text placeholder for verse 12:52
12:53,وما ابرئ نفسى ۚ ان النفس لامارة بالسوء الا ما رحم ربى ۚ ان ربى غفور رحيم,Tafsir text placeholder for verse 12:53
12:54,وقال الملك ائتونى به استخلصه لنفسى ۖ فلما كلمه قال انك اليوم لدينا مكين امين,Tafsir text placeholder for verse 12:54
12:55,قال اجعلنى علىٰ خزائن الارض ۖ انى حفيظ عليم,Tafsir text placeholder for verse 12:55
12:56,وكذٰلك مكنا ليوسف فى الارض يتبوا منها حيث يشاء ۚ نصيب برحمتنا من نشاء ۖ ولا نضيع اجر المحسنين,Tafsir text placeholder for verse 12:56
12:57,ولاجر الـٔاخرة خير للذين ءامنوا وكانوا يتقون,Tafsir text placeholder for verse 12:57
12:58,وجاء اخوة يوسف فدخلوا عليه فعرفهم وهم له منكرون,Tafsir text placeholder for verse 12:58
12:59,ولما جهزهم بجهازهم قال ائتونى باخ لكم من ابيكم ۚ الا ترون انى اوفى الكيل وانا۠ خير المنزلين,Tafsir text placeholder for verse 12:59
12:60,فان لم تاتونى به فلا كيل لكم عندى ولا تقربون,Tafsir text placeholder for verse 12:60
12:61,قالوا سنرٰود عنه اباه وانا لفـٰعلون,Tafsir text placeholder for verse 12:61
12:62,وقال لفتيـٰنه اجعلوا بضـٰعتهم فى رحالهم لعلهم يعرفونها اذا انقلبوا الىٰ اهلهم لعلهم يرجعون,Tafsir text placeholder for verse 12:62
12:63,فلما رجعوا الىٰ ابيهم قالوا يـٰابانا منع منا الكيل فارسل معنا اخانا نكتل وانا له لحـٰفظون,Tafsir text placeholder for verse 12:63
12:64,قال هل ءامنكم عليه الا كما امنتكم علىٰ اخيه من قبل ۖ فالله خير حـٰفظا ۖ وهو ارحم الرٰحمين,Tafsir text placeholder for verse 12:64
12:65,ولما فتحوا متـٰعهم وجدوا بضـٰعتهم ردت اليهم ۖ قالوا يـٰابانا ما نبغى ۖ هـٰذه بضـٰعتنا ردت الينا ۖ ونمير اهلنا ونحفظ اخانا ونزداد كيل بعير ۖ ذٰلك كيل يسير,Tafsir text placeholder for verse 12:65
12:66,قال لن ارسله معكم حتىٰ تؤتون موثقا من الله لتاتننى به الا ان يحاط بكم ۖ فلما ءاتوه موثقهم قال الله علىٰ ما نقول وكيل,Tafsir text placeholder for verse 12:66
12:67,وقال يـٰبنى لا تدخلوا من باب وٰحد وادخلوا من ابوٰب متفرقة ۖ وما اغنى عنكم من الله من شىء ۖ ان الحكم الا لله ۖ عليه توكلت ۖ وعليه فليتوكل المتوكلون,Tafsir text placeholder for verse 12:67
12:68,ولما دخلوا من حيث امرهم ابوهم ما كان يغنى عنهم من الله من شىء الا حاجة فى نفس يعقوب قضىٰها ۚ وانه لذو علم لما علمنـٰه ولـٰكن اكثر الناس لا يعلمون,Tafsir text placeholder for verse 12:68
12:69,ولما دخلوا علىٰ يوسف ءاوىٰ اليه اخاه ۖ قال انى انا۠ اخوك فلا تبتئس بما كانوا يعملون,Tafsir text placeholder for verse 12:69
12:70,فلما جهزهم بجهازهم جعل السقاية فى رحل اخيه ثم اذن مؤذن ايتها العير انكم لسـٰرقون,Tafsir text placeholder for verse 12:70
12:71,قالوا واقبلوا عليهم ماذا تفقدون,Tafsir text placeholder for verse 12:71
12:72,قالوا نفقد صواع الملك ولمن جاء به حمل بعير وانا۠ به زعيم,Tafsir text placeholder for verse 12:72
12:73,قالوا تالله لقد علمتم ما جئنا لنفسد فى الارض وما كنا سـٰرقين,Tafsir text placeholder for verse 12:73
12:74,قالوا فما جزٰؤه ان كنتم كـٰذبين,Tafsir text placeholder for verse 12:74
12:75,قالوا جزٰؤه من وجد فى رحله فهو جزٰؤه ۚ كذٰلك نجزى الظـٰلمين,Tafsir text placeholder for verse 12:75
12:76,فبدا باوعيتهم قبل وعاء اخيه ثم استخرجها من وعاء اخيه ۚ كذٰلك كدنا ليوسف ۖ ما كان لياخذ اخاه فى دين الملك الا ان يشاء الله ۚ نرفع درجـٰت من نشاء ۗ وفوق كل ذى علم عليم,Tafsir text placeholder for verse 12:76
12:77,قالوا ان يسرق فقد سرق اخ له من قبل ۚ فاسرها يوسف فى نفسه ولم يبدها لهم ۚ قال انتم شر مكانا ۖ والله اعلم بما تصفون,Tafsir text placeholder for verse 12:77
12:78,قالوا يـٰايها العزيز ان له ابا شيخا كبيرا فخذ احدنا مكانه ۖ انا نرىٰك من المحسنين,Tafsir text placeholder for verse 12:78
12:79,قال معاذ الله ان ناخذ الا من وجدنا متـٰعنا عنده انا اذا لظـٰلمون,Tafsir text placeholder for verse 12:79
12:80,فلما استيـٔسوا منه خلصوا نجيا ۖ قال كبيرهم الم تعلموا ان اباكم قد اخذ عليكم موثقا من الله ومن قبل ما فرطتم فى يوسف ۖ فلن ابرح الارض حتىٰ ياذن لى ابى او يحكم الله لى ۖ وهو خير الحـٰكمين,Tafsir text placeholder for verse 12:80
12:81,ارجعوا الىٰ ابيكم فقولوا يـٰابانا ان ابنك سرق وما شهدنا الا بما علمنا وما كنا للغيب حـٰفظين,Tafsir text placeholder for verse 12:81
12:82,وسـٔل القرية التى كنا فيها والعير التى اقبلنا فيها ۖ وانا لصـٰدقون,Tafsir text placeholder for verse 12:82
12:83,قال بل سولت لكم انفسكم امرا ۖ فصبر جميل ۖ عسى الله ان ياتينى بهم جميعا ۚ انه هو العليم الحكيم,Tafsir text placeholder for verse 12:83
12:84,وتولىٰ عنهم وقال يـٰاسفىٰ علىٰ يوسف وابيضت عيناه من الحزن فهو كظيم,Tafsir text placeholder for verse 12:84
12:85,قالوا تالله تفتؤا۟ تذكر يوسف حتىٰ تكون حرضا او تكون من الهـٰلكين,Tafsir text placeholder for verse 12:85
12:86,قال انما اشكوا بثى وحزنى الى الله واعلم من الله ما لا تعلمون,Tafsir text placeholder for verse 12:86
12:87,يـٰبنى اذهبوا فتحسسوا من يوسف واخيه ولا تا۟يـٔسوا من روح الله ۖ انه لا يا۟يـٔس من روح الله الا القوم الكـٰفرون,Tafsir text placeholder for verse 12:87
12:88,فلما دخلوا عليه قالوا يـٰايها العزيز مسنا واهلنا الضر وجئنا ببضـٰعة مزجىٰة فاوف لنا الكيل وتصدق علينا ۖ ان الله يجزى المتصدقين,Tafsir text placeholder for verse 12:88
12:89,قال هل علمتم ما فعلتم بيوسف واخيه اذ انتم جـٰهلون,Tafsir text placeholder for verse 12:89
12:90,قالوا اءنك لانت يوسف ۖ قال انا۠ يوسف وهـٰذا اخى ۖ قد من الله علينا ۖ انه من يتق ويصبر فان الله لا يضيع اجر المحسنين,Tafsir text placeholder for verse 12:90
12:91,قالوا تالله لقد ءاثرك الله علينا وان كنا لخـٰطـٔين,Tafsir text placeholder for verse 12:91
12:92,قال لا تثريب عليكم اليوم ۖ يغفر الله لكم ۖ وهو ارحم الرٰحمين,Tafsir text placeholder for verse 12:92
12:93,اذهبوا بقميصى هـٰذا فالقوه علىٰ وجه ابى يات بصيرا واتونى باهلكم اجمعين,Tafsir text placeholder for verse 12:93
12:94,ولما فصلت العير قال ابوهم انى لاجد ريح يوسف ۖ لولا ان تفندون,Tafsir text placeholder for verse 12:94
12:95,قالوا تالله انك لفى ضلـٰلك القديم,Tafsir text placeholder for verse 12:95
12:96,فلما ان جاء البشير القىٰه علىٰ وجهه فارتد بصيرا ۖ قال الم اقل لكم انى اعلم من الله ما لا تعلمون,Tafsir text placeholder for verse 12:96
12:97,قالوا يـٰابانا استغفر لنا ذنوبنا انا كنا خـٰطـٔين,Tafsir text placeholder for verse 12:97
12:98,قال سوف استغفر لكم ربى ۖ انه هو الغفور الرحيم,Tafsir text placeholder for verse 12:98
12:99,فلما دخلوا علىٰ يوسف ءاوىٰ اليه ابويه وقال ادخلوا مصر ان شاء الله ءامنين,Tafsir text placeholder for verse 12:99
12:100,ورفع ابويه على العرش وخروا له سجدا ۖ وقال يـٰابت هـٰذا تاويل رءيـٰى من قبل قد جعلها ربى حقا ۖ وقد احسن بى اذ اخرجنى من السجن وجاء بكم من البدو من بعد ان نزغ الشيطـٰن بينى وبين اخوتى ۚ ان ربى لطيف لما يشاء ۚ انه هو العليم الحكيم,Tafsir text placeholder for verse 12:100
12:101,رب قد ءاتيتنى من الملك وعلمتنى من تاويل الاحاديث ۚ فاطر السمـٰوٰت والارض انت وليۦ فى الدنيا والـٔاخرة ۖ توفنى مسلما والحقنى بالصـٰلحين,Tafsir text placeholder for verse 12:101
12:102,ذٰلك من انباء الغيب نوحيه اليك ۖ وما كنت لديهم اذ اجمعوا امرهم وهم يمكرون,Tafsir text placeholder for verse 12:102
12:103,وما اكثر الناس ولو حرصت بمؤمنين,Tafsir text placeholder for verse 12:103
12:104,وما تسـٔلهم عليه من اجر ۚ ان هو الا ذكر للعـٰلمين,Tafsir text placeholder for verse 12:104
12:105,وكاين من ءاية فى السمـٰوٰت والارض يمرون عليها وهم عنها معرضون,Tafsir text placeholder for verse 12:105
12:106,وما يؤمن اكثرهم بالله الا وهم مشركون,Tafsir text placeholder for verse 12:106
12:107,افامنوا ان تاتيهم غـٰشية من عذاب الله او تاتيهم الساعة بغتة وهم لا يشعرون,Tafsir text placeholder for verse 12:107
12:108,قل هـٰذه سبيلى ادعوا الى الله ۚ علىٰ بصيرة انا۠ ومن اتبعنى ۖ وسبحـٰن الله وما انا۠ من المشركين,Tafsir text placeholder for verse 12:108
12:109,وما ارسلنا من قبلك الا رجالا نوحى اليهم من اهل القرىٰ ۗ افلم يسيروا فى الارض فينظروا كيف كان عـٰقبة الذين من قبلهم ۗ ولدار الـٔاخرة خير للذين اتقوا ۗ افلا تعقلون,Tafsir text placeholder for verse 12:109
12:110,حتىٰ اذا استيـٔس الرسل وظنوا انهم قد كذبوا جاءهم نصرنا فنجى من نشاء ۖ ولا يرد باسنا عن القوم المجرمين,Tafsir text placeholder for verse 12:110
12:111,لقد كان فى قصصهم عبرة لاولى الالبـٰب ۗ ما كان حديثا يفترىٰ ولـٰكن تصديق الذى بين يديه وتفصيل كل شىء وهدى ورحمة لقوم يؤمنون,Tafsir text placeholder for verse 12:111
13:1,المر ۚ تلك ءايـٰت الكتـٰب ۗ والذى انزل اليك من ربك الحق ولـٰكن اكثر الناس لا يؤمنون,Tafsir text placeholder for verse 13:1
13:2,الله الذى رفع السمـٰوٰت بغير عمد ترونها ۖ ثم استوىٰ على العرش ۖ وسخر الشمس والقمر ۖ كل يجرى لاجل مسمى ۚ يدبر الامر يفصل الـٔايـٰت لعلكم بلقاء ربكم توقنون,Tafsir text placeholder for verse 13:2
13:3,وهو الذى مد الارض وجعل فيها روٰسى وانهـٰرا ۖ ومن كل الثمرٰت جعل فيها زوجين اثنين ۖ يغشى اليل النهار ۚ ان فى ذٰلك لـٔايـٰت لقوم يتفكرون,Tafsir text placeholder for verse 13:3
13:4,وفى الارض قطع متجـٰورٰت وجنـٰت من اعنـٰب وزرع ونخيل صنوان وغير صنوان يسقىٰ بماء وٰحد ونفضل بعضها علىٰ بعض فى الاكل ۚ ان فى ذٰلك لـٔايـٰت لقوم يعقلون,Tafsir text placeholder for verse 13:4
13:5,وان تعجب فعجب قولهم اءذا كنا ترٰبا اءنا لفى خلق جديد ۗ اولـٰئك الذين كفروا بربهم ۖ واولـٰئك الاغلـٰل فى اعناقهم ۖ واولـٰئك اصحـٰب النار ۖ هم فيها خـٰلدون,Tafsir text placeholder for verse 13:5
13:6,ويستعجلونك بالسيئة قبل الحسنة وقد خلت من قبلهم المثلـٰت ۗ وان ربك لذو مغفرة للناس علىٰ ظلمهم ۖ وان ربك لشديد العقاب,Tafsir text placeholder for verse 13:6
13:7,ويقول الذين كفروا لولا انزل عليه ءاية من ربه ۗ انما انت منذر ۖ ولكل قوم هاد,Tafsir text placeholder for verse 13:7
13:8,الله يعلم ما تحمل كل انثىٰ وما تغيض الارحام وما تزداد ۖ وكل شىء عنده بمقدار,Tafsir text placeholder for verse 13:8
13:9,عـٰلم الغيب والشهـٰدة الكبير المتعال,Tafsir text placeholder for verse 13:9
13:10,سواء منكم من اسر القول ومن جهر به ومن هو مستخف باليل وسارب بالنهار,Tafsir text placeholder for verse 13:10
13:11,له معقبـٰت من بين يديه ومن خلفه يحفظونه من امر الله ۗ ان الله لا يغير ما بقوم حتىٰ يغيروا ما بانفسهم ۗ واذا اراد الله بقوم سوءا فلا مرد له ۚ وما لهم من دونه من وال,Tafsir text placeholder for verse 13:11
13:12,هو الذى يريكم البرق خوفا وطمعا وينشئ السحاب الثقال,Tafsir text placeholder for verse 13:12
13:13,ويسبح الرعد بحمده والملـٰئكة من خيفته ويرسل الصوٰعق فيصيب بها من يشاء وهم يجـٰدلون فى الله وهو شديد المحال,Tafsir text placeholder for verse 13:13
13:14,له دعوة الحق ۖ والذين يدعون من دونه لا يستجيبون لهم بشىء الا كبـٰسط كفيه الى الماء ليبلغ فاه وما هو ببـٰلغه ۚ وما دعاء الكـٰفرين الا فى ضلـٰل,Tafsir text placeholder for verse 13:14
13:15,ولله يسجد من فى السمـٰوٰت والارض طوعا وكرها وظلـٰلهم بالغدو والـٔاصال ۩,Tafsir text placeholder for verse 13:15
13:16,قل من رب السمـٰوٰت والارض قل الله ۚ قل افاتخذتم من دونه اولياء لا يملكون لانفسهم نفعا ولا ضرا ۚ قل هل يستوى الاعمىٰ والبصير ام هل تستوى الظلمـٰت والنور ۗ ام جعلوا لله شركاء خلقوا كخلقه فتشـٰبه الخلق عليهم ۚ قل الله خـٰلق كل شىء وهو الوٰحد القهـٰر,Tafsir text placeholder for verse 13:16
13:17,انزل من السماء ماء فسالت اودية بقدرها فاحتمل السيل زبدا رابيا ۚ ومما يوقدون عليه فى النار ابتغاء حلية او متـٰع زبد مثله ۚ كذٰلك يضرب الله الحق والبـٰطل ۚ فاما الزبد فيذهب جفاء ۖ واما ما ينفع الناس فيمكث فى الارض ۚ كذٰلك يضرب الله الامثال,Tafsir text placeholder for verse 13:17
13:18,للذين استجابوا لربهم الحسنىٰ ۚ والذين لم يستجيبوا له لو ان لهم ما فى الارض جميعا ومثله معه لافتدوا به ۚ اولـٰئك لهم سوء الحساب وماوىٰهم جهنم ۖ وبئس المهاد,Tafsir text placeholder for verse 13:18
13:19,افمن يعلم انما انزل اليك من ربك الحق كمن هو اعمىٰ ۚ انما يتذكر اولوا الالبـٰب,Tafsir text placeholder for verse 13:19
13:20,الذين يوفون بعهد الله ولا ينقضون الميثـٰق,Tafsir text placeholder for verse 13:20
13:21,والذين يصلون ما امر الله به ان يوصل ويخشون ربهم ويخافون سوء الحساب,Tafsir text placeholder for verse 13:21
13:22,والذين صبروا ابتغاء وجه ربهم واقاموا الصلوٰة وانفقوا مما رزقنـٰهم سرا وعلانية ويدرءون بالحسنة السيئة اولـٰئك لهم عقبى الدار,Tafsir text placeholder for verse 13:22
13:23,جنـٰت عدن يدخلونها ومن صلح من ءابائهم وازوٰجهم وذريـٰتهم ۖ والملـٰئكة يدخلون عليهم من كل باب,Tafsir text placeholder for verse 13:23
13:24,سلـٰم عليكم بما صبرتم ۚ فنعم عقبى الدار,Tafsir text placeholder for verse 13:24
13:25,والذين ينقضون عهد الله من بعد ميثـٰقه ويقطعون ما امر الله به ان يوصل ويفسدون فى الارض ۙ اولـٰئك لهم اللعنة ولهم سوء الدار,Tafsir text placeholder for verse 13:25
13:26,الله يبسط الرزق لمن يشاء ويقدر ۚ وفرحوا بالحيوٰة الدنيا وما الحيوٰة الدنيا فى الـٔاخرة الا متـٰع,Tafsir text placeholder for verse 13:26
13:27,ويقول الذين كفروا لولا انزل عليه ءاية من ربه ۗ قل ان الله يضل من يشاء ويهدى اليه من اناب,Tafsir text placeholder for verse 13:27
13:28,الذين ءامنوا وتطمئن قلوبهم بذكر الله ۗ الا بذكر الله تطمئن القلوب,Tafsir text placeholder for verse 13:28
13:29,الذين ءامنوا وعملوا الصـٰلحـٰت طوبىٰ لهم وحسن مـٔاب,Tafsir text placeholder for verse 13:29
13:30,كذٰلك ارسلنـٰك فى امة قد خلت من قبلها امم لتتلوا۟ عليهم الذى اوحينا اليك وهم يكفرون بالرحمـٰن ۚ قل هو ربى لا الـٰه الا هو عليه توكلت واليه متاب,Tafsir text placeholder for verse 13:30
13:31,ولو ان قرءانا سيرت به الجبال او قطعت به الارض او كلم به الموتىٰ ۗ بل لله الامر جميعا ۗ افلم يا۟يـٔس الذين ءامنوا ان لو يشاء الله لهدى الناس جميعا ۗ ولا يزال الذين كفروا تصيبهم بما صنعوا قارعة او تحل قريبا من دارهم حتىٰ ياتى وعد الله ۚ ان الله لا يخلف الميعاد,Tafsir text placeholder for verse 13:31
13:32,ولقد استهزئ برسل من قبلك فامليت للذين كفروا ثم اخذتهم ۖ فكيف كان عقاب,Tafsir text placeholder for verse 13:32
13:33,افمن هو قائم علىٰ كل نفس بما كسبت ۗ وجعلوا لله شركاء قل سموهم ۚ ام تنبـٔونه بما لا يعلم فى الارض ام بظـٰهر من القول ۗ بل زين للذين كفروا مكرهم وصدوا عن السبيل ۗ ومن يضلل الله فما له من هاد,Tafsir text placeholder for verse 13:33
13:34,لهم عذاب فى الحيوٰة الدنيا ۖ ولعذاب الـٔاخرة اشق ۖ وما لهم من الله من واق,Tafsir text placeholder for verse 13:34
13:35,مثل الجنة التى وعد المتقون ۖ تجرى من تحتها الانهـٰر ۖ اكلها دائم وظلها ۚ تلك عقبى الذين اتقوا ۖ وعقبى الكـٰفرين النار,Tafsir text placeholder for verse 13:35
13:36,والذين ءاتينـٰهم الكتـٰب يفرحون بما انزل اليك ۖ ومن الاحزاب من ينكر بعضه ۚ قل انما امرت ان اعبد الله ولا اشرك به ۚ اليه ادعوا واليه مـٔاب,Tafsir text placeholder for verse 13:36
13:37,وكذٰلك انزلنـٰه حكما عربيا ۚ ولئن اتبعت اهواءهم بعد ما جاءك من العلم ما لك من الله من ولى ولا واق,Tafsir text placeholder for verse 13:37
13:38,ولقد ارسلنا رسلا من قبلك وجعلنا لهم ازوٰجا وذرية ۚ وما كان لرسول ان ياتى بـٔاية الا باذن الله ۗ لكل اجل كتاب,Tafsir text placeholder for verse 13:38
13:39,يمحوا الله ما يشاء ويثبت ۖ وعنده ام الكتـٰب,Tafsir text placeholder for verse 13:39
13:40,وان ما نرينك بعض الذى نعدهم او نتوفينك فانما عليك البلـٰغ وعلينا الحساب,Tafsir text placeholder for verse 13:40
13:41,اولم يروا انا ناتى الارض ننقصها من اطرافها ۚ والله يحكم لا معقب لحكمه ۚ وهو سريع الحساب,Tafsir text placeholder for verse 13:41
13:42,وقد مكر الذين من قبلهم فلله المكر جميعا ۖ يعلم ما تكسب كل نفس ۗ وسيعلم الكفـٰر لمن عقبى الدار,Tafsir text placeholder for verse 13:42
13:43,ويقول الذين كفروا لست مرسلا ۚ قل كفىٰ بالله شهيدا بينى وبينكم ومن عنده علم الكتـٰب,Tafsir text placeholder for verse 13:43
14:1,الر ۚ كتـٰب انزلنـٰه اليك لتخرج الناس من الظلمـٰت الى النور باذن ربهم الىٰ صرٰط العزيز الحميد,Tafsir text placeholder for verse 14:1
14:2,الله الذى له ما فى السمـٰوٰت وما فى الارض ۗ وويل للكـٰفرين من عذاب شديد,Tafsir text placeholder for verse 14:2
14:3,الذين يستحبون الحيوٰة الدنيا على الـٔاخرة ويصدون عن سبيل الله ويبغونها عوجا ۚ اولـٰئك فى ضلـٰل بعيد,Tafsir text placeholder for verse 14:3
14:4,وما ارسلنا من رسول الا بلسان قومه ليبين لهم ۖ فيضل الله من يشاء ويهدى من يشاء ۚ وهو العزيز الحكيم,Tafsir text placeholder for verse 14:4
14:5,ولقد ارسلنا موسىٰ بـٔايـٰتنا ان اخرج قومك من الظلمـٰت الى النور وذكرهم بايىٰم الله ۚ ان فى ذٰلك لـٔايـٰت لكل صبار شكور,Tafsir text placeholder for verse 14:5
14:6,واذ قال موسىٰ لقومه اذكروا نعمة الله عليكم اذ انجىٰكم من ءال فرعون يسومونكم سوء العذاب ويذبحون ابناءكم ويستحيون نساءكم ۚ وفى ذٰلكم بلاء من ربكم عظيم,Tafsir text placeholder for verse 14:6
14:7,واذ تاذن ربكم لئن شكرتم لازيدنكم ۖ ولئن كفرتم ان عذابى لشديد,Tafsir text placeholder for verse 14:7
14:8,وقال موسىٰ ان تكفروا انتم ومن فى الارض جميعا فان الله لغنى حميد,Tafsir text placeholder for verse 14:8
14:9,الم ياتكم نبؤا۟ الذين من قبلكم قوم نوح وعاد وثمود ۛ والذين من بعدهم ۛ لا يعلمهم الا الله ۚ جاءتهم رسلهم بالبينـٰت فردوا ايديهم فى افوٰههم وقالوا انا كفرنا بما ارسلتم به وانا لفى شك مما تدعوننا اليه مريب,Tafsir text placeholder for verse 14:9
14:10,قالت رسلهم افى الله شك فاطر السمـٰوٰت والارض ۖ يدعوكم ليغفر لكم من ذنوبكم ويؤخركم الىٰ اجل مسمى ۚ قالوا ان انتم الا بشر مثلنا تريدون ان تصدونا عما كان يعبد ءاباؤنا فاتونا بسلطـٰن مبين,Tafsir text placeholder for verse 14:10
14:11,قالت لهم رسلهم ان نحن الا بشر مثلكم ولـٰكن الله يمن علىٰ من يشاء من عباده ۖ وما كان لنا ان ناتيكم بسلطـٰن الا باذن الله ۚ وعلى الله فليتوكل المؤمنون,Tafsir text placeholder for verse 14:11
14:12,وما لنا الا نتوكل على الله وقد هدىٰنا سبلنا ۚ ولنصبرن علىٰ ما ءاذيتمونا ۚ وعلى الله فليتوكل المتوكلون,Tafsir text placeholder for verse 14:12
14:13,وقال الذين كفروا لرسلهم لنخرجنكم من ارضنا او لتعودن فى ملتنا ۖ فاوحىٰ اليهم ربهم لنهلكن الظـٰلمين,Tafsir text placeholder for verse 14:13
14:14,ولنسكننكم الارض من بعدهم ۚ ذٰلك لمن خاف مقامى وخاف وعيد,Tafsir text placeholder for verse 14:14
14:15,واستفتحوا وخاب كل جبار عنيد,Tafsir text placeholder for verse 14:15
14:16,من ورائه جهنم ويسقىٰ من ماء صديد,Tafsir text placeholder for verse 14:16
14:17,يتجرعه ولا يكاد يسيغه وياتيه الموت من كل مكان وما هو بميت ۖ ومن ورائه عذاب غليظ,Tafsir text placeholder for verse 14:17
14:18,مثل الذين كفروا بربهم ۖ اعمـٰلهم كرماد اشتدت به الريح فى يوم عاصف ۖ لا يقدرون مما كسبوا علىٰ شىء ۚ ذٰلك هو الضلـٰل البعيد,Tafsir text placeholder for verse 14:18
14:19,الم تر ان الله خلق السمـٰوٰت والارض بالحق ۚ ان يشا يذهبكم ويات بخلق جديد,Tafsir text placeholder for verse 14:19
14:20,وما ذٰلك على الله بعزيز,Tafsir text placeholder for verse 14:20
14:21,وبرزوا لله جميعا فقال الضعفـٰؤا۟ للذين استكبروا انا كنا لكم تبعا فهل انتم مغنون عنا من عذاب الله من شىء ۚ قالوا لو هدىٰنا الله لهدينـٰكم ۖ سواء علينا اجزعنا ام صبرنا ما لنا من محيص,Tafsir text placeholder for verse 14:21
14:22,وقال الشيطـٰن لما قضى الامر ان الله وعدكم وعد الحق ووعدتكم فاخلفتكم ۖ وما كان لى عليكم من سلطـٰن الا ان دعوتكم فاستجبتم لى ۖ فلا تلومونى ولوموا انفسكم ۖ ما انا۠ بمصرخكم وما انتم بمصرخى ۖ انى كفرت بما اشركتمون من قبل ۗ ان الظـٰلمين لهم عذاب اليم,Tafsir text placeholder for verse 14:22
14:23,وادخل الذين ءامنوا وعملوا الصـٰلحـٰت جنـٰت تجرى من تحتها الانهـٰر خـٰلدين فيها باذن ربهم ۖ تحيتهم فيها سلـٰم,Tafsir text placeholder for verse 14:23
14:24,الم تر كيف ضرب الله مثلا كلمة طيبة كشجرة طيبة اصلها ثابت وفرعها فى السماء,Tafsir text placeholder for verse 14:24
14:25,تؤتى اكلها كل حين باذن ربها ۗ ويضرب الله الامثال للناس لعلهم يتذكرون,Tafsir text placeholder for verse 14:25
14:26,ومثل كلمة خبيثة كشجرة خبيثة اجتثت من فوق الارض ما لها من قرار,Tafsir text placeholder for verse 14:26
14:27,يثبت الله الذين ءامنوا بالقول الثابت فى الحيوٰة الدنيا وفى الـٔاخرة ۖ ويضل الله الظـٰلمين ۚ ويفعل الله ما يشاء,Tafsir text placeholder for verse 14:27
14:28,الم تر الى الذين بدلوا نعمت الله كفرا واحلوا قومهم دار البوار,Tafsir text placeholder for verse 14:28
14:29,جهنم يصلونها ۖ وبئس القرار,Tafsir text placeholder for verse 14:29
14:30,وجعلوا لله اندادا ليضلوا عن سبيله ۗ قل تمتعوا فان مصيركم الى النار,Tafsir text placeholder for verse 14:30
14:31,قل لعبادى الذين ءامنوا يقيموا الصلوٰة وينفقوا مما رزقنـٰهم سرا وعلانية من قبل ان ياتى يوم لا بيع فيه ولا خلـٰل,Tafsir text placeholder for verse 14:31
14:32,الله الذى خلق السمـٰوٰت والارض وانزل من السماء ماء فاخرج به من الثمرٰت رزقا لكم ۖ وسخر لكم الفلك لتجرى فى البحر بامره ۖ وسخر لكم الانهـٰر,Tafsir text placeholder for verse 14:32
14:33,وسخر لكم الشمس والقمر دائبين ۖ وسخر لكم اليل والنهار,Tafsir text placeholder for verse 14:33
14:34,وءاتىٰكم من كل ما سالتموه ۚ وان تعدوا نعمت الله لا تحصوها ۗ ان الانسـٰن لظلوم كفار,Tafsir text placeholder for verse 14:34
14:35,واذ قال ابرٰهيم رب اجعل هـٰذا البلد ءامنا واجنبنى وبنى ان نعبد الاصنام,Tafsir text placeholder for verse 14:35
14:36,رب انهن اضللن كثيرا من الناس ۖ فمن تبعنى فانه منى ۖ ومن عصانى فانك غفور رحيم,Tafsir text placeholder for verse 14:36
14:37,ربنا انى اسكنت من ذريتى بواد غير ذى زرع عند بيتك المحرم ربنا ليقيموا الصلوٰة فاجعل افـٔدة من الناس تهوى اليهم وارزقهم من الثمرٰت لعلهم يشكرون,Tafsir text placeholder for verse 14:37
14:38,ربنا انك تعلم ما نخفى وما نعلن ۗ وما يخفىٰ على الله من شىء فى الارض ولا فى السماء,Tafsir text placeholder for verse 14:38
14:39,الحمد لله الذى وهب لى على الكبر اسمـٰعيل واسحـٰق ۚ ان ربى لسميع الدعاء,Tafsir text placeholder for verse 14:39
14:40,رب اجعلنى مقيم الصلوٰة ومن ذريتى ۚ ربنا وتقبل دعاء,Tafsir text placeholder for verse 14:40
14:41,ربنا اغفر لى ولوٰلدى وللمؤمنين يوم يقوم الحساب,Tafsir text placeholder for verse 14:41
14:42,ولا تحسبن الله غـٰفلا عما يعمل الظـٰلمون ۚ انما يؤخرهم ليوم تشخص فيه الابصـٰر,Tafsir text placeholder for verse 14:42
14:43,مهطعين مقنعى رءوسهم لا يرتد اليهم طرفهم ۖ وافـٔدتهم هواء,Tafsir text placeholder for verse 14:43
14:44,وانذر الناس يوم ياتيهم العذاب فيقول الذين ظلموا ربنا اخرنا الىٰ اجل قريب نجب دعوتك ونتبع الرسل ۗ اولم تكونوا اقسمتم من قبل ما لكم من زوال,Tafsir text placeholder for verse 14:44
14:45,وسكنتم فى مسـٰكن الذين ظلموا انفسهم وتبين لكم كيف فعلنا بهم وضربنا لكم الامثال,Tafsir text placeholder for verse 14:45
14:46,وقد مكروا مكرهم وعند الله مكرهم وان كان مكرهم لتزول منه الجبال,Tafsir text placeholder for verse 14:46
14:47,فلا تحسبن الله مخلف وعده رسله ۗ ان الله عزيز ذو انتقام,Tafsir text placeholder for verse 14:47
14:48,يوم تبدل الارض غير الارض والسمـٰوٰت ۖ وبرزوا لله الوٰحد القهار,Tafsir text placeholder for verse 14:48
14:49,وترى المجرمين يومئذ مقرنين فى الاصفاد,Tafsir text placeholder for verse 14:49
14:50,سرابيلهم من قطران وتغشىٰ وجوههم النار,Tafsir text placeholder for verse 14:50
14:51,ليجزى الله كل نفس ما كسبت ۚ ان الله سريع الحساب,Tafsir text placeholder for verse 14:51
14:52,هـٰذا بلـٰغ للناس ولينذروا به وليعلموا انما هو الـٰه وٰحد وليذكر اولوا الالبـٰب,Tafsir text placeholder for verse 14:52
15:1,الر ۚ تلك ءايـٰت الكتـٰب وقرءان مبين,Tafsir text placeholder for verse 15:1
15:2,ربما يود الذين كفروا لو كانوا مسلمين,Tafsir text placeholder for verse 15:2
15:3,ذرهم ياكلوا ويتمتعوا ويلههم الامل ۖ فسوف يعلمون,Tafsir text placeholder for verse 15:3
15:4,وما اهلكنا من قرية الا ولها كتاب معلوم,Tafsir text placeholder for verse 15:4
15:5,ما تسبق من امة اجلها وما يستـٔخرون,Tafsir text placeholder for verse 15:5
15:6,وقالوا يـٰايها الذى نزل عليه الذكر انك لمجنون,Tafsir text placeholder for verse 15:6
15:7,لو ما تاتينا بالملـٰئكة ان كنت من الصـٰدقين,Tafsir text placeholder for verse 15:7
15:8,ما ننزل الملـٰئكة الا بالحق وما كانوا اذا منظرين,Tafsir text placeholder for verse 15:8
15:9,انا نحن نزلنا الذكر وانا له لحـٰفظون,Tafsir text placeholder for verse 15:9
15:10,ولقد ارسلنا من قبلك فى شيع الاولين,Tafsir text placeholder for verse 15:10
15:11,وما ياتيهم من رسول الا كانوا به يستهزءون,Tafsir text placeholder for verse 15:11
15:12,كذٰلك نسلكه فى قلوب المجرمين,Tafsir text placeholder for verse 15:12
15:13,لا يؤمنون به ۖ وقد خلت سنة الاولين,Tafsir text placeholder for verse 15:13
15:14,ولو فتحنا عليهم بابا من السماء فظلوا فيه يعرجون,Tafsir text placeholder for verse 15:14
15:15,لقالوا انما سكرت ابصـٰرنا بل نحن قوم مسحورون,Tafsir text placeholder for verse 15:15
15:16,ولقد جعلنا فى السماء بروجا وزينـٰها للنـٰظرين,Tafsir text placeholder for verse 15:16
15:17,وحفظنـٰها من كل شيطـٰن رجيم,Tafsir text placeholder for verse 15:17
15:18,الا من استرق السمع فاتبعه شهاب مبين,Tafsir text placeholder for verse 15:18
15:19,والارض مددنـٰها والقينا فيها روٰسى وانبتنا فيها من كل شىء موزون,Tafsir text placeholder for verse 15:19
15:20,وجعلنا لكم فيها معـٰيش ومن لستم له برٰزقين,Tafsir text placeholder for verse 15:20
15:21,وان من شىء الا عندنا خزائنه وما ننزله الا بقدر معلوم,Tafsir text placeholder for verse 15:21
15:22,وارسلنا الريـٰح لوٰقح فانزلنا من السماء ماء فاسقينـٰكموه وما انتم له بخـٰزنين,Tafsir text placeholder for verse 15:22
15:23,وانا لنحن نحيۦ ونميت ونحن الوٰرثون,Tafsir text placeholder for verse 15:23
15:24,ولقد علمنا المستقدمين منكم ولقد علمنا المستـٔخرين,Tafsir text placeholder for verse 15:24
15:25,وان ربك هو يحشرهم ۚ انه حكيم عليم,Tafsir text placeholder for verse 15:25
15:26,ولقد خلقنا الانسـٰن من صلصـٰل من حما مسنون,Tafsir text placeholder for verse 15:26
15:27,والجان خلقنـٰه من قبل من نار السموم,Tafsir text placeholder for verse 15:27
15:28,واذ قال ربك للملـٰئكة انى خـٰلق بشرا من صلصـٰل من حما مسنون,Tafsir text placeholder for verse 15:28
15:29,فاذا سويته ونفخت فيه من روحى فقعوا له سـٰجدين,Tafsir text placeholder for verse 15:29
15:30,فسجد الملـٰئكة كلهم اجمعون,Tafsir text placeholder for verse 15:30
15:31,الا ابليس ابىٰ ان يكون مع السـٰجدين,Tafsir text placeholder for verse 15:31
15:32,قال يـٰابليس ما لك الا تكون مع السـٰجدين,Tafsir text placeholder for verse 15:32
15:33,قال لم اكن لاسجد لبشر خلقته من صلصـٰل من حما مسنون,Tafsir text placeholder for verse 15:33
15:34,قال فاخرج منها فانك رجيم,Tafsir text placeholder for verse 15:34
15:35,وان عليك اللعنة الىٰ يوم الدين,Tafsir text placeholder for verse 15:35
15:36,قال رب فانظرنى الىٰ يوم يبعثون,Tafsir text placeholder for verse 15:36
15:37,قال فانك من المنظرين,Tafsir text placeholder for verse 15:37
15:38,الىٰ يوم الوقت المعلوم,Tafsir text placeholder for verse 15:38
15:39,قال رب بما اغويتنى لازينن لهم فى الارض ولاغوينهم اجمعين,Tafsir text placeholder for verse 15:39
15:40,الا عبادك منهم المخلصين,Tafsir text placeholder for verse 15:40
15:41,قال هـٰذا صرٰط على مستقيم,Tafsir text placeholder for verse 15:41
15:42,ان عبادى ليس لك عليهم سلطـٰن الا من اتبعك من الغاوين,Tafsir text placeholder for verse 15:42
15:43,وان جهنم لموعدهم اجمعين,Tafsir text placeholder for verse 15:43
15:44,لها سبعة ابوٰب لكل باب منهم جزء مقسوم,Tafsir text placeholder for verse 15:44
15:45,ان المتقين فى جنـٰت وعيون,Tafsir text placeholder for verse 15:45
15:46,ادخلوها بسلـٰم ءامنين,Tafsir text placeholder for verse 15:46
15:47,ونزعنا ما فى صدورهم من غل اخوٰنا علىٰ سرر متقـٰبلين,Tafsir text placeholder for verse 15:47
15:48,لا يمسهم فيها نصب وما هم منها بمخرجين,Tafsir text placeholder for verse 15:48
15:49,نبئ عبادى انى انا الغفور الرحيم,Tafsir text placeholder for verse 15:49
15:50,وان عذابى هو العذاب الاليم,Tafsir text placeholder for verse 15:50
15:51,ونبئهم عن ضيف ابرٰهيم,Tafsir text placeholder for verse 15:51
15:52,اذ دخلوا عليه فقالوا سلـٰما قال انا منكم وجلون,Tafsir text placeholder for verse 15:52
15:53,قالوا لا توجل انا نبشرك بغلـٰم عليم,Tafsir text placeholder for verse 15:53
15:54,قال ابشرتمونى علىٰ ان مسنى الكبر فبم تبشرون,Tafsir text placeholder for verse 15:54
15:55,قالوا بشرنـٰك بالحق فلا تكن من القـٰنطين,Tafsir text placeholder for verse 15:55
15:56,قال ومن يقنط من رحمة ربه الا الضالون,Tafsir text placeholder for verse 15:56
15:57,قال فما خطبكم ايها المرسلون,Tafsir text placeholder for verse 15:57
15:58,قالوا انا ارسلنا الىٰ قوم مجرمين,Tafsir text placeholder for verse 15:58
15:59,الا ءال لوط انا لمنجوهم اجمعين,Tafsir text placeholder for verse 15:59
15:60,الا امراته قدرنا ۙ انها لمن الغـٰبرين,Tafsir text placeholder for verse 15:60
15:61,فلما جاء ءال لوط المرسلون,Tafsir text placeholder for verse 15:61
15:62,قال انكم قوم منكرون,Tafsir text placeholder for verse 15:62
15:63,قالوا بل جئنـٰك بما كانوا فيه يمترون,Tafsir text placeholder for verse 15:63
15:64,واتينـٰك بالحق وانا لصـٰدقون,Tafsir text placeholder for verse 15:64
15:65,فاسر باهلك بقطع من اليل واتبع ادبـٰرهم ولا يلتفت منكم احد وامضوا حيث تؤمرون,Tafsir text placeholder for verse 15:65
15:66,وقضينا اليه ذٰلك الامر ان دابر هـٰؤلاء مقطوع مصبحين,Tafsir text placeholder for verse 15:66
15:67,وجاء اهل المدينة يستبشرون,Tafsir text placeholder for verse 15:67
15:68,قال ان هـٰؤلاء ضيفى فلا تفضحون,Tafsir text placeholder for verse 15:68
15:69,واتقوا الله ولا تخزون,Tafsir text placeholder for verse 15:69
15:70,قالوا اولم ننهك عن العـٰلمين,Tafsir text placeholder for verse 15:70
15:71,قال هـٰؤلاء بناتى ان كنتم فـٰعلين,Tafsir text placeholder for verse 15:71
15:72,لعمرك انهم لفى سكرتهم يعمهون,Tafsir text placeholder for verse 15:72
15:73,فاخذتهم الصيحة مشرقين,Tafsir text placeholder for verse 15:73
15:74,فجعلنا عـٰليها سافلها وامطرنا عليهم حجارة من سجيل,Tafsir text placeholder for verse 15:74
15:75,ان فى ذٰلك لـٔايـٰت للمتوسمين,Tafsir text placeholder for verse 15:75
15:76,وانها لبسبيل مقيم,Tafsir text placeholder for verse 15:76
15:77,ان فى ذٰلك لـٔاية للمؤمنين,Tafsir text placeholder for verse 15:77
15:78,وان كان اصحـٰب الايكة لظـٰلمين,Tafsir text placeholder for verse 15:78
15:79,فانتقمنا منهم وانهما لبامام مبين,Tafsir text placeholder for verse 15:79
15:80,ولقد كذب اصحـٰب الحجر المرسلين,Tafsir text placeholder for verse 15:80
15:81,وءاتينـٰهم ءايـٰتنا فكانوا عنها معرضين,Tafsir text placeholder for verse 15:81
15:82,وكانوا ينحتون من الجبال بيوتا ءامنين,Tafsir text placeholder for verse 15:82
15:83,فاخذتهم الصيحة مصبحين,Tafsir text placeholder for verse 15:83
15:84,فما اغنىٰ عنهم ما كانوا يكسبون,Tafsir text placeholder for verse 15:84
15:85,وما خلقنا السمـٰوٰت والارض وما بينهما الا بالحق ۗ وان الساعة لـٔاتية ۖ فاصفح الصفح الجميل,Tafsir text placeholder for verse 15:85
15:86,ان ربك هو الخلـٰق العليم,Tafsir text placeholder for verse 15:86
15:87,ولقد ءاتينـٰك سبعا من المثانى والقرءان العظيم,Tafsir text placeholder for verse 15:87
15:88,لا تمدن عينيك الىٰ ما متعنا به ازوٰجا منهم ولا تحزن عليهم واخفض جناحك للمؤمنين,Tafsir text placeholder for verse 15:88
15:89,وقل انى انا النذير المبين,Tafsir text placeholder for verse 15:89
15:90,كما انزلنا على المقتسمين,Tafsir text placeholder for verse 15:90
15:91,الذين جعلوا القرءان عضين,Tafsir text placeholder for verse 15:91
15:92,فوربك لنسـٔلنهم اجمعين,Tafsir text placeholder for verse 15:92
15:93,عما كانوا يعملون,Tafsir text placeholder for verse 15:93
15:94,فاصدع بما تؤمر واعرض عن المشركين,Tafsir text placeholder for verse 15:94
15:95,انا كفينـٰك المستهزءين,Tafsir text placeholder for verse 15:95
15:96,الذين يجعلون مع الله الـٰها ءاخر ۚ فسوف يعلمون,Tafsir text placeholder for verse 15:96
15:97,ولقد نعلم انك يضيق صدرك بما يقولون,Tafsir text placeholder for verse 15:97
15:98,فسبح بحمد ربك وكن من السـٰجدين,Tafsir text placeholder for verse 15:98
15:99,واعبد ربك حتىٰ ياتيك اليقين,Tafsir text placeholder for verse 15:99
16:1,اتىٰ امر الله فلا تستعجلوه ۚ سبحـٰنه وتعـٰلىٰ عما يشركون,Tafsir text placeholder for verse 16:1
16:2,ينزل الملـٰئكة بالروح من امره علىٰ من يشاء من عباده ان انذروا انه لا الـٰه الا انا۠ فاتقون,Tafsir text placeholder for verse 16:2
16:3,خلق السمـٰوٰت والارض بالحق ۚ تعـٰلىٰ عما يشركون,Tafsir text placeholder for verse 16:3
16:4,خلق الانسـٰن من نطفة فاذا هو خصيم مبين,Tafsir text placeholder for verse 16:4
16:5,والانعـٰم خلقها ۗ لكم فيها دفء ومنـٰفع ومنها تاكلون,Tafsir text placeholder for verse 16:5
16:6,ولكم فيها جمال حين تريحون وحين تسرحون,Tafsir text placeholder for verse 16:6
16:7,وتحمل اثقالكم الىٰ بلد لم تكونوا بـٰلغيه الا بشق الانفس ۚ ان ربكم لرءوف رحيم,Tafsir text placeholder for verse 16:7
16:8,والخيل والبغال والحمير لتركبوها وزينة ۚ ويخلق ما لا تعلمون,Tafsir text placeholder for verse 16:8
16:9,وعلى الله قصد السبيل ومنها جائر ۚ ولو شاء لهدىٰكم اجمعين,Tafsir text placeholder for verse 16:9
16:10,هو الذى انزل من السماء ماء ۖ لكم منه شراب ومنه شجر فيه تسيمون,Tafsir text placeholder for verse 16:10
16:11,ينبت لكم به الزرع والزيتون والنخيل والاعنـٰب ومن كل الثمرٰت ۗ ان فى ذٰلك لـٔاية لقوم يتفكرون,Tafsir text placeholder for verse 16:11
16:12,وسخر لكم اليل والنهار والشمس والقمر ۖ والنجوم مسخرٰت بامره ۗ ان فى ذٰلك لـٔايـٰت لقوم يعقلون,Tafsir text placeholder for verse 16:12
16:13,وما ذرا لكم فى الارض مختلفا الوٰنه ۗ ان فى ذٰلك لـٔاية لقوم يذكرون,Tafsir text placeholder for verse 16:13
16:14,وهو الذى سخر البحر لتاكلوا منه لحما طريا وتستخرجوا منه حلية تلبسونها وترى الفلك مواخر فيه ولتبتغوا من فضله ولعلكم تشكرون,Tafsir text placeholder for verse 16:14
16:15,والقىٰ فى الارض روٰسى ان تميد بكم وانهـٰرا وسبلا لعلكم تهتدون,Tafsir text placeholder for verse 16:15
16:16,وعلـٰمـٰت ۚ وبالنجم هم يهتدون,Tafsir text placeholder for verse 16:16
16:17,افمن يخلق كمن لا يخلق ۗ افلا تذكرون,Tafsir text placeholder for verse 16:17
16:18,وان تعدوا نعمة الله لا تحصوها ۗ ان الله لغفور رحيم,Tafsir text placeholder for verse 16:18
16:19,والله يعلم ما تسرون وما تعلنون,Tafsir text placeholder for verse 16:19
16:20,والذين يدعون من دون الله لا يخلقون شيـٔا وهم يخلقون,Tafsir text placeholder for verse 16:20
16:21,اموٰت غير احياء ۖ وما يشعرون ايان يبعثون,Tafsir text placeholder for verse 16:21
16:22,الـٰهكم الـٰه وٰحد ۚ فالذين لا يؤمنون بالـٔاخرة قلوبهم منكرة وهم مستكبرون,Tafsir text placeholder for verse 16:22
16:23,لا جرم ان الله يعلم ما يسرون وما يعلنون ۚ انه لا يحب المستكبرين,Tafsir text placeholder for verse 16:23
16:24,واذا قيل لهم ماذا انزل ربكم ۙ قالوا اسـٰطير الاولين,Tafsir text placeholder for verse 16:24
16:25,ليحملوا اوزارهم كاملة يوم القيـٰمة ۙ ومن اوزار الذين يضلونهم بغير علم ۗ الا ساء ما يزرون,Tafsir text placeholder for verse 16:25
16:26,قد مكر الذين من قبلهم فاتى الله بنيـٰنهم من القواعد فخر عليهم السقف من فوقهم واتىٰهم العذاب من حيث لا يشعرون,Tafsir text placeholder for verse 16:26
16:27,ثم يوم القيـٰمة يخزيهم ويقول اين شركاءى الذين كنتم تشـٰقون فيهم ۚ قال الذين اوتوا العلم ان الخزى اليوم والسوء على الكـٰفرين,Tafsir text placeholder for verse 16:27
16:28,الذين تتوفىٰهم الملـٰئكة ظالمى انفسهم ۖ فالقوا السلم ما كنا نعمل من سوء ۚ بلىٰ ان الله عليم بما كنتم تعملون,Tafsir text placeholder for verse 16:28
16:29,فادخلوا ابوٰب جهنم خـٰلدين فيها ۖ فلبئس مثوى المتكبرين,Tafsir text placeholder for verse 16:29
16:30,وقيل للذين اتقوا ماذا انزل ربكم ۚ قالوا خيرا ۗ للذين احسنوا فى هـٰذه الدنيا حسنة ۚ ولدار الـٔاخرة خير ۚ ولنعم دار المتقين,Tafsir text placeholder for verse 16:30
16:31,جنـٰت عدن يدخلونها تجرى من تحتها الانهـٰر ۖ لهم فيها ما يشاءون ۚ كذٰلك يجزى الله المتقين,Tafsir text placeholder for verse 16:31
16:32,الذين تتوفىٰهم الملـٰئكة طيبين ۙ يقولون سلـٰم عليكم ادخلوا الجنة بما كنتم تعملون,Tafsir text placeholder for verse 16:32
16:33,هل ينظرون الا ان تاتيهم الملـٰئكة او ياتى امر ربك ۚ كذٰلك فعل الذين من قبلهم ۚ وما ظلمهم الله ولـٰكن كانوا انفسهم يظلمون,Tafsir text placeholder for verse 16:33
16:34,فاصابهم سيـٔات ما عملوا وحاق بهم ما كانوا به يستهزءون,Tafsir text placeholder for verse 16:34
16:35,وقال الذين اشركوا لو شاء الله ما عبدنا من دونه من شىء نحن ولا ءاباؤنا ولا حرمنا من دونه من شىء ۚ كذٰلك فعل الذين من قبلهم ۚ فهل على الرسل الا البلـٰغ المبين,Tafsir text placeholder for verse 16:35
16:36,ولقد بعثنا فى كل امة رسولا ان اعبدوا الله واجتنبوا الطـٰغوت ۖ فمنهم من هدى الله ومنهم من حقت عليه الضلـٰلة ۚ فسيروا فى الارض فانظروا كيف كان عـٰقبة المكذبين,Tafsir text placeholder for verse 16:36
16:37,ان تحرص علىٰ هدىٰهم فان الله لا يهدى من يضل ۖ وما لهم من نـٰصرين,Tafsir text placeholder for verse 16:37
16:38,واقسموا بالله جهد ايمـٰنهم ۙ لا يبعث الله من يموت ۚ بلىٰ وعدا عليه حقا ولـٰكن اكثر الناس لا يعلمون,Tafsir text placeholder for verse 16:38
16:39,ليبين لهم الذى يختلفون فيه وليعلم الذين كفروا انهم كانوا كـٰذبين,Tafsir text placeholder for verse 16:39
16:40,انما قولنا لشىء اذا اردنـٰه ان نقول له كن فيكون,Tafsir text placeholder for verse 16:40
16:41,والذين هاجروا فى الله من بعد ما ظلموا لنبوئنهم فى الدنيا حسنة ۖ ولاجر الـٔاخرة اكبر ۚ لو كانوا يعلمون,Tafsir text placeholder for verse 16:41
16:42,الذين صبروا وعلىٰ ربهم يتوكلون,Tafsir text placeholder for verse 16:42
16:43,وما ارسلنا من قبلك الا رجالا نوحى اليهم ۚ فسـٔلوا اهل الذكر ان كنتم لا تعلمون,Tafsir text placeholder for verse 16:43
16:44,بالبينـٰت والزبر ۗ وانزلنا اليك الذكر لتبين للناس ما نزل اليهم ولعلهم يتفكرون,Tafsir text placeholder for verse 16:44
16:45,افامن الذين مكروا السيـٔات ان يخسف الله بهم الارض او ياتيهم العذاب من حيث لا يشعرون,Tafsir text placeholder for verse 16:45
16:46,او ياخذهم فى تقلبهم فما هم بمعجزين,Tafsir text placeholder for verse 16:46
16:47,او ياخذهم علىٰ تخوف فان ربكم لرءوف رحيم,Tafsir text placeholder for verse 16:47
16:48,اولم يروا الىٰ ما خلق الله من شىء يتفيؤا۟ ظلـٰله عن اليمين والشمائل سجدا لله وهم دٰخرون,Tafsir text placeholder for verse 16:48
16:49,ولله يسجد ما فى السمـٰوٰت وما فى الارض من دابة والملـٰئكة وهم لا يستكبرون,Tafsir text placeholder for verse 16:49
16:50,يخافون ربهم من فوقهم ويفعلون ما يؤمرون ۩,Tafsir text placeholder for verse 16:50
16:51,وقال الله لا تتخذوا الـٰهين اثنين ۖ انما هو الـٰه وٰحد ۖ فايـٰى فارهبون,Tafsir text placeholder for verse 16:51
16:52,وله ما فى السمـٰوٰت والارض وله الدين واصبا ۚ افغير الله تتقون,Tafsir text placeholder for verse 16:52
16:53,وما بكم من نعمة فمن الله ۖ ثم اذا مسكم الضر فاليه تجـٔرون,Tafsir text placeholder for verse 16:53
16:54,ثم اذا كشف الضر عنكم اذا فريق منكم بربهم يشركون,Tafsir text placeholder for verse 16:54
16:55,ليكفروا بما ءاتينـٰهم ۚ فتمتعوا ۖ فسوف تعلمون,Tafsir text placeholder for verse 16:55
16:56,ويجعلون لما لا يعلمون نصيبا مما رزقنـٰهم ۗ تالله لتسـٔلن عما كنتم تفترون,Tafsir text placeholder for verse 16:56
16:57,ويجعلون لله البنـٰت سبحـٰنه ۙ ولهم ما يشتهون,Tafsir text placeholder for verse 16:57
16:58,واذا بشر احدهم بالانثىٰ ظل وجهه مسودا وهو كظيم,Tafsir text placeholder for verse 16:58
16:59,يتوٰرىٰ من القوم من سوء ما بشر به ۚ ايمسكه علىٰ هون ام يدسه فى التراب ۗ الا ساء ما يحكمون,Tafsir text placeholder for verse 16:59
16:60,للذين لا يؤمنون بالـٔاخرة مثل السوء ۖ ولله المثل الاعلىٰ ۚ وهو العزيز الحكيم,Tafsir text placeholder for verse 16:60
16:61,ولو يؤاخذ الله الناس بظلمهم ما ترك عليها من دابة ولـٰكن يؤخرهم الىٰ اجل مسمى ۖ فاذا جاء اجلهم لا يستـٔخرون ساعة ۖ ولا يستقدمون,Tafsir text placeholder for verse 16:61
16:62,ويجعلون لله ما يكرهون وتصف السنتهم الكذب ان لهم الحسنىٰ ۖ لا جرم ان لهم النار وانهم مفرطون,Tafsir text placeholder for verse 16:62
16:63,تالله لقد ارسلنا الىٰ امم من قبلك فزين لهم الشيطـٰن اعمـٰلهم فهو وليهم اليوم ولهم عذاب اليم,Tafsir text placeholder for verse 16:63
16:64,وما انزلنا عليك الكتـٰب الا لتبين لهم الذى اختلفوا فيه ۙ وهدى ورحمة لقوم يؤمنون,Tafsir text placeholder for verse 16:64
16:65,والله انزل من السماء ماء فاحيا به الارض بعد موتها ۚ ان فى ذٰلك لـٔاية لقوم يسمعون,Tafsir text placeholder for verse 16:65
16:66,وان لكم فى الانعـٰم لعبرة ۖ نسقيكم مما فى بطونه من بين فرث ودم لبنا خالصا سائغا للشـٰربين,Tafsir text placeholder for verse 16:66
16:67,ومن ثمرٰت النخيل والاعنـٰب تتخذون منه سكرا ورزقا حسنا ۗ ان فى ذٰلك لـٔاية لقوم يعقلون,Tafsir text placeholder for verse 16:67
16:68,واوحىٰ ربك الى النحل ان اتخذى من الجبال بيوتا ومن الشجر ومما يعرشون,Tafsir text placeholder for verse 16:68
16:69,ثم كلى من كل الثمرٰت فاسلكى سبل ربك ذللا ۚ يخرج من بطونها شراب مختلف الوٰنه فيه شفاء للناس ۗ ان فى ذٰلك لـٔاية لقوم يتفكرون,Tafsir text placeholder for verse 16:69
16:70,والله خلقكم ثم يتوفىٰكم ۚ ومنكم من يرد الىٰ ارذل العمر لكى لا يعلم بعد علم شيـٔا ۚ ان الله عليم قدير,Tafsir text placeholder for verse 16:70
16:71,والله فضل بعضكم علىٰ بعض فى الرزق ۚ فما الذين فضلوا برادى رزقهم علىٰ ما ملكت ايمـٰنهم فهم فيه سواء ۚ افبنعمة الله يجحدون,Tafsir text placeholder for verse 16:71
16:72,والله جعل لكم من انفسكم ازوٰجا وجعل لكم من ازوٰجكم بنين وحفدة ورزقكم من الطيبـٰت ۚ افبالبـٰطل يؤمنون وبنعمت الله هم يكفرون,Tafsir text placeholder for verse 16:72
16:73,ويعبدون من دون الله ما لا يملك لهم رزقا من السمـٰوٰت والارض شيـٔا ولا يستطيعون,Tafsir text placeholder for verse 16:73
16:74,فلا تضربوا لله الامثال ۚ ان الله يعلم وانتم لا تعلمون,Tafsir text placeholder for verse 16:74
16:75,ضرب الله مثلا عبدا مملوكا لا يقدر علىٰ شىء ومن رزقنـٰه منا رزقا حسنا فهو ينفق منه سرا وجهرا ۖ هل يستوۥن ۚ الحمد لله ۚ بل اكثرهم لا يعلمون,Tafsir text placeholder for verse 16:75
16:76,وضرب الله مثلا رجلين احدهما ابكم لا يقدر علىٰ شىء وهو كل علىٰ مولىٰه اينما يوجهه لا يات بخير ۖ هل يستوى هو ومن يامر بالعدل ۙ وهو علىٰ صرٰط مستقيم,Tafsir text placeholder for verse 16:76
16:77,ولله غيب السمـٰوٰت والارض ۚ وما امر الساعة الا كلمح البصر او هو اقرب ۚ ان الله علىٰ كل شىء قدير,Tafsir text placeholder for verse 16:77
16:78,والله اخرجكم من بطون امهـٰتكم لا تعلمون شيـٔا وجعل لكم السمع والابصـٰر والافـٔدة ۙ لعلكم تشكرون,Tafsir text placeholder for verse 16:78
16:79,الم يروا الى الطير مسخرٰت فى جو السماء ما يمسكهن الا الله ۗ ان فى ذٰلك لـٔايـٰت لقوم يؤمنون,Tafsir text placeholder for verse 16:79
16:80,والله جعل لكم من بيوتكم سكنا وجعل لكم من جلود الانعـٰم بيوتا تستخفونها يوم ظعنكم ويوم اقامتكم ۙ ومن اصوافها واوبارها واشعارها اثـٰثا ومتـٰعا الىٰ حين,Tafsir text placeholder for verse 16:80
16:81,والله جعل لكم مما خلق ظلـٰلا وجعل لكم من الجبال اكنـٰنا وجعل لكم سرٰبيل تقيكم الحر وسرٰبيل تقيكم باسكم ۚ كذٰلك يتم نعمته عليكم لعلكم تسلمون,Tafsir text placeholder for verse 16:81
16:82,فان تولوا فانما عليك البلـٰغ المبين,Tafsir text placeholder for verse 16:82
16:83,يعرفون نعمت الله ثم ينكرونها واكثرهم الكـٰفرون,Tafsir text placeholder for verse 16:83
16:84,ويوم نبعث من كل امة شهيدا ثم لا يؤذن للذين كفروا ولا هم يستعتبون,Tafsir text placeholder for verse 16:84
16:85,واذا رءا الذين ظلموا العذاب فلا يخفف عنهم ولا هم ينظرون,Tafsir text placeholder for verse 16:85
16:86,واذا رءا الذين اشركوا شركاءهم قالوا ربنا هـٰؤلاء شركاؤنا الذين كنا ندعوا من دونك ۖ فالقوا اليهم القول انكم لكـٰذبون,Tafsir text placeholder for verse 16:86
16:87,والقوا الى الله يومئذ السلم ۖ وضل عنهم ما كانوا يفترون,Tafsir text placeholder for verse 16:87
16:88,الذين كفروا وصدوا عن سبيل الله زدنـٰهم عذابا فوق العذاب بما كانوا يفسدون,Tafsir text placeholder for verse 16:88
16:89,ويوم نبعث فى كل امة شهيدا عليهم من انفسهم ۖ وجئنا بك شهيدا علىٰ هـٰؤلاء ۚ ونزلنا عليك الكتـٰب تبيـٰنا لكل شىء وهدى ورحمة وبشرىٰ للمسلمين,Tafsir text placeholder for verse 16:89
16:90,ان الله يامر بالعدل والاحسـٰن وايتائ ذى القربىٰ وينهىٰ عن الفحشاء والمنكر والبغى ۚ يعظكم لعلكم تذكرون,Tafsir text placeholder for verse 16:90
16:91,واوفوا بعهد الله اذا عـٰهدتم ولا تنقضوا الايمـٰن بعد توكيدها وقد جعلتم الله عليكم كفيلا ۚ ان الله يعلم ما تفعلون,Tafsir text placeholder for verse 16:91
16:92,ولا تكونوا كالتى نقضت غزلها من بعد قوة انكـٰثا تتخذون ايمـٰنكم دخلا بينكم ان تكون امة هى اربىٰ من امة ۚ انما يبلوكم الله به ۚ وليبينن لكم يوم القيـٰمة ما كنتم فيه تختلفون,Tafsir text placeholder for verse 16:92
16:93,ولو شاء الله لجعلكم امة وٰحدة ولـٰكن يضل من يشاء ويهدى من يشاء ۚ ولتسـٔلن عما كنتم تعملون,Tafsir text placeholder for verse 16:93
16:94,ولا تتخذوا ايمـٰنكم دخلا بينكم فتزل قدم بعد ثبوتها وتذوقوا السوء بما صددتم عن سبيل الله ۖ ولكم عذاب عظيم,Tafsir text placeholder for verse 16:94
16:95,ولا تشتروا بعهد الله ثمنا قليلا ۚ انما عند الله هو خير لكم ان كنتم تعلمون,Tafsir text placeholder for verse 16:95
16:96,ما عندكم ينفد ۖ وما عند الله باق ۗ ولنجزين الذين صبروا اجرهم باحسن ما كانوا يعملون,Tafsir text placeholder for verse 16:96
16:97,من عمل صـٰلحا من ذكر او انثىٰ وهو مؤمن فلنحيينه حيوٰة طيبة ۖ ولنجزينهم اجرهم باحسن ما كانوا يعملون,Tafsir text placeholder for verse 16:97
16:98,فاذا قرات القرءان فاستعذ بالله من الشيطـٰن الرجيم,Tafsir text placeholder for verse 16:98
16:99,انه ليس له سلطـٰن على الذين ءامنوا وعلىٰ ربهم يتوكلون,Tafsir text placeholder for verse 16:99
16:100,انما سلطـٰنه على الذين يتولونه والذين هم به مشركون,Tafsir text placeholder for verse 16:100
16:101,واذا بدلنا ءاية مكان ءاية ۙ والله اعلم بما ينزل قالوا انما انت مفتر ۚ بل اكثرهم لا يعلمون,Tafsir text placeholder for verse 16:101
16:102,قل نزله روح القدس من ربك بالحق ليثبت الذين ءامنوا وهدى وبشرىٰ للمسلمين,Tafsir text placeholder for verse 16:102
16:103,ولقد نعلم انهم يقولون انما يعلمه بشر ۗ لسان الذى يلحدون اليه اعجمى وهـٰذا لسان عربى مبين,Tafsir text placeholder for verse 16:103
16:104,ان الذين لا يؤمنون بـٔايـٰت الله لا يهديهم الله ولهم عذاب اليم,Tafsir text placeholder for verse 16:104
16:105,انما يفترى الكذب الذين لا يؤمنون بـٔايـٰت الله ۖ واولـٰئك هم الكـٰذبون,Tafsir text placeholder for verse 16:105
16:106,من كفر بالله من بعد ايمـٰنه الا من اكره وقلبه مطمئن بالايمـٰن ولـٰكن من شرح بالكفر صدرا فعليهم غضب من الله ولهم عذاب عظيم,Tafsir text placeholder for verse 16:106
16:107,ذٰلك بانهم استحبوا الحيوٰة الدنيا على الـٔاخرة وان الله لا يهدى القوم الكـٰفرين,Tafsir text placeholder for verse 16:107
16:108,اولـٰئك الذين طبع الله علىٰ قلوبهم وسمعهم وابصـٰرهم ۖ واولـٰئك هم الغـٰفلون,Tafsir text placeholder for verse 16:108
16:109,لا جرم انهم فى الـٔاخرة هم الخـٰسرون,Tafsir text placeholder for verse 16:109
16:110,ثم ان ربك للذين هاجروا من بعد ما فتنوا ثم جـٰهدوا وصبروا ان ربك من بعدها لغفور رحيم,Tafsir text placeholder for verse 16:110
16:111,يوم تاتى كل نفس تجـٰدل عن نفسها وتوفىٰ كل نفس ما عملت وهم لا يظلمون,Tafsir text placeholder for verse 16:111
16:112,وضرب الله مثلا قرية كانت ءامنة مطمئنة ياتيها رزقها رغدا من كل مكان فكفرت بانعم الله فاذٰقها الله لباس الجوع والخوف بما كانوا يصنعون,Tafsir text placeholder for verse 16:112
16:113,ولقد جاءهم رسول منهم فكذبوه فاخذهم العذاب وهم ظـٰلمون,Tafsir text placeholder for verse 16:113
16:114,فكلوا مما رزقكم الله حلـٰلا طيبا واشكروا نعمت الله ان كنتم اياه تعبدون,Tafsir text placeholder for verse 16:114
16:115,انما حرم عليكم الميتة والدم ولحم الخنزير وما اهل لغير الله به ۖ فمن اضطر غير باغ ولا عاد فان الله غفور رحيم,Tafsir text placeholder for verse 16:115
16:116,ولا تقولوا لما تصف السنتكم الكذب هـٰذا حلـٰل وهـٰذا حرام لتفتروا على الله الكذب ۚ ان الذين يفترون على الله الكذب لا يفلحون,Tafsir text placeholder for verse 16:116
16:117,متـٰع قليل ولهم عذاب اليم,Tafsir text placeholder for verse 16:117
16:118,وعلى الذين هادوا حرمنا ما قصصنا عليك من قبل ۖ وما ظلمنـٰهم ولـٰكن كانوا انفسهم يظلمون,Tafsir text placeholder for verse 16:118
16:119,ثم ان ربك للذين عملوا السوء بجهـٰلة ثم تابوا من بعد ذٰلك واصلحوا ان ربك من بعدها لغفور رحيم,Tafsir text placeholder for verse 16:119
16:120,ان ابرٰهيم كان امة قانتا لله حنيفا ولم يك من المشركين,Tafsir text placeholder for verse 16:120
16:121,شاكرا لانعمه ۚ اجتبىٰه وهدىٰه الىٰ صرٰط مستقيم,Tafsir text placeholder for verse 16:121
16:122,وءاتينـٰه فى الدنيا حسنة ۖ وانه فى الـٔاخرة لمن الصـٰلحين,Tafsir text placeholder for verse 16:122
16:123,ثم اوحينا اليك ان اتبع ملة ابرٰهيم حنيفا ۖ وما كان من المشركين,Tafsir text placeholder for verse 16:123
16:124,انما جعل السبت على الذين اختلفوا فيه ۚ وان ربك ليحكم بينهم يوم القيـٰمة فيما كانوا فيه يختلفون,Tafsir text placeholder for verse 16:124
16:125,ادع الىٰ سبيل ربك بالحكمة والموعظة الحسنة ۖ وجـٰدلهم بالتى هى احسن ۚ ان ربك هو اعلم بمن ضل عن سبيله ۖ وهو اعلم بالمهتدين,Tafsir text placeholder for verse 16:125
16:126,وان عاقبتم فعاقبوا بمثل ما عوقبتم به ۖ ولئن صبرتم لهو خير للصـٰبرين,Tafsir text placeholder for verse 16:126
16:127,واصبر وما صبرك الا بالله ۚ ولا تحزن عليهم ولا تك فى ضيق مما يمكرون,Tafsir text placeholder for verse 16:127
16:128,ان الله مع الذين اتقوا والذين هم محسنون,Tafsir text placeholder for verse 16:128
17:1,سبحـٰن الذى اسرىٰ بعبده ليلا من المسجد الحرام الى المسجد الاقصا الذى بـٰركنا حوله لنريه من ءايـٰتنا ۚ انه هو السميع البصير,Tafsir text placeholder for verse 17:1
17:2,وءاتينا موسى الكتـٰب وجعلنـٰه هدى لبنى اسرٰءيل الا تتخذوا من دونى وكيلا,Tafsir text placeholder for verse 17:2
17:3,ذرية من حملنا مع نوح ۚ انه كان عبدا شكورا,Tafsir text placeholder for verse 17:3
17:4,وقضينا الىٰ بنى اسرٰءيل فى الكتـٰب لتفسدن فى الارض مرتين ولتعلن علوا كبيرا,Tafsir text placeholder for verse 17:4
17:5,فاذا جاء وعد اولىٰهما بعثنا عليكم عبادا لنا اولى باس شديد فجاسوا خلـٰل الديار ۚ وكان وعدا مفعولا,Tafsir text placeholder for verse 17:5
17:6,ثم رددنا لكم الكرة عليهم وامددنـٰكم باموٰل وبنين وجعلنـٰكم اكثر نفيرا,Tafsir text placeholder for verse 17:6
17:7,ان احسنتم احسنتم لانفسكم ۖ وان اساتم فلها ۚ فاذا جاء وعد الـٔاخرة ليسـۥـٔوا وجوهكم وليدخلوا المسجد كما دخلوه اول مرة وليتبروا ما علوا تتبيرا,Tafsir text placeholder for verse 17:7
17:8,عسىٰ ربكم ان يرحمكم ۚ وان عدتم عدنا ۘ وجعلنا جهنم للكـٰفرين حصيرا,Tafsir text placeholder for verse 17:8
17:9,ان هـٰذا القرءان يهدى للتى هى اقوم ويبشر المؤمنين الذين يعملون الصـٰلحـٰت ان لهم اجرا كبيرا,Tafsir text placeholder for verse 17:9
17:10,وان الذين لا يؤمنون بالـٔاخرة اعتدنا لهم عذابا اليما,Tafsir text placeholder for verse 17:10
17:11,ويدع الانسـٰن بالشر دعاءه بالخير ۖ وكان الانسـٰن عجولا,Tafsir text placeholder for verse 17:11
17:12,وجعلنا اليل والنهار ءايتين ۖ فمحونا ءاية اليل وجعلنا ءاية النهار مبصرة لتبتغوا فضلا من ربكم ولتعلموا عدد السنين والحساب ۚ وكل شىء فصلنـٰه تفصيلا,Tafsir text placeholder for verse 17:12
17:13,وكل انسـٰن الزمنـٰه طـٰئره فى عنقه ۖ ونخرج له يوم القيـٰمة كتـٰبا يلقىٰه منشورا,Tafsir text placeholder for verse 17:13
17:14,اقرا كتـٰبك كفىٰ بنفسك اليوم عليك حسيبا,Tafsir text placeholder for verse 17:14
17:15,من اهتدىٰ فانما يهتدى لنفسه ۖ ومن ضل فانما يضل عليها ۚ ولا تزر وازرة وزر اخرىٰ ۗ وما كنا معذبين حتىٰ نبعث رسولا,Tafsir text placeholder for verse 17:15
17:16,واذا اردنا ان نهلك قرية امرنا مترفيها ففسقوا فيها فحق عليها القول فدمرنـٰها تدميرا,Tafsir text placeholder for verse 17:16
17:17,وكم اهلكنا من القرون من بعد نوح ۗ وكفىٰ بربك بذنوب عباده خبيرا بصيرا,Tafsir text placeholder for verse 17:17
17:18,من كان يريد العاجلة عجلنا له فيها ما نشاء لمن نريد ثم جعلنا له جهنم يصلىٰها مذموما مدحورا,Tafsir text placeholder for verse 17:18
17:19,ومن اراد الـٔاخرة وسعىٰ لها سعيها وهو مؤمن فاولـٰئك كان سعيهم مشكورا,Tafsir text placeholder for verse 17:19
17:20,كلا نمد هـٰؤلاء وهـٰؤلاء من عطاء ربك ۚ وما كان عطاء ربك محظورا,Tafsir text placeholder for verse 17:20
17:21,انظر كيف فضلنا بعضهم علىٰ بعض ۚ وللـٔاخرة اكبر درجـٰت واكبر تفضيلا,Tafsir text placeholder for verse 17:21
17:22,لا تجعل مع الله الـٰها ءاخر فتقعد مذموما مخذولا,Tafsir text placeholder for verse 17:22
17:23,وقضىٰ ربك الا تعبدوا الا اياه وبالوٰلدين احسـٰنا ۚ اما يبلغن عندك الكبر احدهما او كلاهما فلا تقل لهما اف ولا تنهرهما وقل لهما قولا كريما,Tafsir text placeholder for verse 17:23
17:24,واخفض لهما جناح الذل من الرحمة وقل رب ارحمهما كما ربيانى صغيرا,Tafsir text placeholder for verse 17:24
17:25,ربكم اعلم بما فى نفوسكم ۚ ان تكونوا صـٰلحين فانه كان للاوٰبين غفورا,Tafsir text placeholder for verse 17:25
17:26,وءات ذا القربىٰ حقه والمسكين وابن السبيل ولا تبذر تبذيرا,Tafsir text placeholder for verse 17:26
17:27,ان المبذرين كانوا اخوٰن الشيـٰطين ۖ وكان الشيطـٰن لربه كفورا,Tafsir text placeholder for verse 17:27
17:28,واما تعرضن عنهم ابتغاء رحمة من ربك ترجوها فقل لهم قولا ميسورا,Tafsir text placeholder for verse 17:28
17:29,ولا تجعل يدك مغلولة الىٰ عنقك ولا تبسطها كل البسط فتقعد ملوما محسورا,Tafsir text placeholder for verse 17:29
17:30,ان ربك يبسط الرزق لمن يشاء ويقدر ۚ انه كان بعباده خبيرا بصيرا,Tafsir text placeholder for verse 17:30
17:31,ولا تقتلوا اولـٰدكم خشية املـٰق ۖ نحن نرزقهم واياكم ۚ ان قتلهم كان خطـٔا كبيرا,Tafsir text placeholder for verse 17:31
17:32,ولا تقربوا الزنىٰ ۖ انه كان فـٰحشة وساء سبيلا,Tafsir text placeholder for verse 17:32
17:33,ولا تقتلوا النفس التى حرم الله الا بالحق ۗ ومن قتل مظلوما فقد جعلنا لوليه سلطـٰنا فلا يسرف فى القتل ۖ انه كان منصورا,Tafsir text placeholder for verse 17:33
17:34,ولا تقربوا مال اليتيم الا بالتى هى احسن حتىٰ يبلغ اشده ۚ واوفوا بالعهد ۖ ان العهد كان مسـٔولا,Tafsir text placeholder for verse 17:34
17:35,واوفوا الكيل اذا كلتم وزنوا بالقسطاس المستقيم ۚ ذٰلك خير واحسن تاويلا,Tafsir text placeholder for verse 17:35
17:36,ولا تقف ما ليس لك به علم ۚ ان السمع والبصر والفؤاد كل اولـٰئك كان عنه مسـٔولا,Tafsir text placeholder for verse 17:36
17:37,ولا تمش فى الارض مرحا ۖ انك لن تخرق الارض ولن تبلغ الجبال طولا,Tafsir text placeholder for verse 17:37
17:38,كل ذٰلك كان سيئه عند ربك مكروها,Tafsir text placeholder for verse 17:38
17:39,ذٰلك مما اوحىٰ اليك ربك من الحكمة ۗ ولا تجعل مع الله الـٰها ءاخر فتلقىٰ فى جهنم ملوما مدحورا,Tafsir text placeholder for verse 17:39
17:40,افاصفىٰكم ربكم بالبنين واتخذ من الملـٰئكة انـٰثا ۚ انكم لتقولون قولا عظيما,Tafsir text placeholder for verse 17:40
17:41,ولقد صرفنا فى هـٰذا القرءان ليذكروا وما يزيدهم الا نفورا,Tafsir text placeholder for verse 17:41
17:42,قل لو كان معه ءالهة كما يقولون اذا لابتغوا الىٰ ذى العرش سبيلا,Tafsir text placeholder for verse 17:42
17:43,سبحـٰنه وتعـٰلىٰ عما يقولون علوا كبيرا,Tafsir text placeholder for verse 17:43
17:44,تسبح له السمـٰوٰت السبع والارض ومن فيهن ۚ وان من شىء الا يسبح بحمده ولـٰكن لا تفقهون تسبيحهم ۗ انه كان حليما غفورا,Tafsir text placeholder for verse 17:44
17:45,واذا قرات القرءان جعلنا بينك وبين الذين لا يؤمنون بالـٔاخرة حجابا مستورا,Tafsir text placeholder for verse 17:45
17:46,وجعلنا علىٰ قلوبهم اكنة ان يفقهوه وفى ءاذانهم وقرا ۚ واذا ذكرت ربك فى القرءان وحده ولوا علىٰ ادبـٰرهم نفورا,Tafsir text placeholder for verse 17:46
17:47,نحن اعلم بما يستمعون به اذ يستمعون اليك واذ هم نجوىٰ اذ يقول الظـٰلمون ان تتبعون الا رجلا مسحورا,Tafsir text placeholder for verse 17:47
17:48,انظر كيف ضربوا لك الامثال فضلوا فلا يستطيعون سبيلا,Tafsir text placeholder for verse 17:48
17:49,وقالوا اءذا كنا عظـٰما ورفـٰتا اءنا لمبعوثون خلقا جديدا,Tafsir text placeholder for verse 17:49
17:50,قل كونوا حجارة او حديدا,Tafsir text placeholder for verse 17:50
17:51,او خلقا مما يكبر فى صدوركم ۚ فسيقولون من يعيدنا ۖ قل الذى فطركم اول مرة ۚ فسينغضون اليك رءوسهم ويقولون متىٰ هو ۖ قل عسىٰ ان يكون قريبا,Tafsir text placeholder for verse 17:51
17:52,يوم يدعوكم فتستجيبون بحمده وتظنون ان لبثتم الا قليلا,Tafsir text placeholder for verse 17:52
17:53,وقل لعبادى يقولوا التى هى احسن ۚ ان الشيطـٰن ينزغ بينهم ۚ ان الشيطـٰن كان للانسـٰن عدوا مبينا,Tafsir text placeholder for verse 17:53
17:54,ربكم اعلم بكم ۖ ان يشا يرحمكم او ان يشا يعذبكم ۚ وما ارسلنـٰك عليهم وكيلا,Tafsir text placeholder for verse 17:54
17:55,وربك اعلم بمن فى السمـٰوٰت والارض ۗ ولقد فضلنا بعض النبيـۧن علىٰ بعض ۖ وءاتينا داوۥد زبورا,Tafsir text placeholder for verse 17:55
17:56,قل ادعوا الذين زعمتم من دونه فلا يملكون كشف الضر عنكم ولا تحويلا,Tafsir text placeholder for verse 17:56
17:57,اولـٰئك الذين يدعون يبتغون الىٰ ربهم الوسيلة ايهم اقرب ويرجون رحمته ويخافون عذابه ۚ ان عذاب ربك كان محذورا,Tafsir text placeholder for verse 17:57
17:58,وان من قرية الا نحن مهلكوها قبل يوم القيـٰمة او معذبوها عذابا شديدا ۚ كان ذٰلك فى الكتـٰب مسطورا,Tafsir text placeholder for verse 17:58
17:59,وما منعنا ان نرسل بالـٔايـٰت الا ان كذب بها الاولون ۚ وءاتينا ثمود الناقة مبصرة فظلموا بها ۚ وما نرسل بالـٔايـٰت الا تخويفا,Tafsir text placeholder for verse 17:59
17:60,واذ قلنا لك ان ربك احاط بالناس ۚ وما جعلنا الرءيا التى ارينـٰك الا فتنة للناس والشجرة الملعونة فى القرءان ۚ ونخوفهم فما يزيدهم الا طغيـٰنا كبيرا,Tafsir text placeholder for verse 17:60
17:61,واذ قلنا للملـٰئكة اسجدوا لـٔادم فسجدوا الا ابليس قال ءاسجد لمن خلقت طينا,Tafsir text placeholder for verse 17:61
17:62,قال ارءيتك هـٰذا الذى كرمت على لئن اخرتن الىٰ يوم القيـٰمة لاحتنكن ذريته الا قليلا,Tafsir text placeholder for verse 17:62
17:63,قال اذهب فمن تبعك منهم فان جهنم جزاؤكم جزاء موفورا,Tafsir text placeholder for verse 17:63
17:64,واستفزز من استطعت منهم بصوتك واجلب عليهم بخيلك ورجلك وشاركهم فى الاموٰل والاولـٰد وعدهم ۚ وما يعدهم الشيطـٰن الا غرورا,Tafsir text placeholder for verse 17:64
17:65,ان عبادى ليس لك عليهم سلطـٰن ۚ وكفىٰ بربك وكيلا,Tafsir text placeholder for verse 17:65
17:66,ربكم الذى يزجى لكم الفلك فى البحر لتبتغوا من فضله ۚ انه كان بكم رحيما,Tafsir text placeholder for verse 17:66
17:67,واذا مسكم الضر فى البحر ضل من تدعون الا اياه ۖ فلما نجىٰكم الى البر اعرضتم ۚ وكان الانسـٰن كفورا,Tafsir text placeholder for verse 17:67
17:68,افامنتم ان يخسف بكم جانب البر او يرسل عليكم حاصبا ثم لا تجدوا لكم وكيلا,Tafsir text placeholder for verse 17:68
17:69,ام امنتم ان يعيدكم فيه تارة اخرىٰ فيرسل عليكم قاصفا من الريح فيغرقكم بما كفرتم ۙ ثم لا تجدوا لكم علينا به تبيعا,Tafsir text placeholder for verse 17:69
17:70,ولقد كرمنا بنى ءادم وحملنـٰهم فى البر والبحر ورزقنـٰهم من الطيبـٰت وفضلنـٰهم علىٰ كثير ممن خلقنا تفضيلا,Tafsir text placeholder for verse 17:70
17:71,يوم ندعوا كل اناس بامـٰمهم ۖ فمن اوتى كتـٰبه بيمينه فاولـٰئك يقرءون كتـٰبهم ولا يظلمون فتيلا,Tafsir text placeholder for verse 17:71
17:72,ومن كان فى هـٰذه اعمىٰ فهو فى الـٔاخرة اعمىٰ واضل سبيلا,Tafsir text placeholder for verse 17:72
17:73,وان كادوا ليفتنونك عن الذى اوحينا اليك لتفترى علينا غيره ۖ واذا لاتخذوك خليلا,Tafsir text placeholder for verse 17:73
17:74,ولولا ان ثبتنـٰك لقد كدت تركن اليهم شيـٔا قليلا,Tafsir text placeholder for verse 17:74
17:75,اذا لاذقنـٰك ضعف الحيوٰة وضعف الممات ثم لا تجد لك علينا نصيرا,Tafsir text placeholder for verse 17:75
17:76,وان كادوا ليستفزونك من الارض ليخرجوك منها ۖ واذا لا يلبثون خلـٰفك الا قليلا,Tafsir text placeholder for verse 17:76
17:77,سنة من قد ارسلنا قبلك من رسلنا ۖ ولا تجد لسنتنا تحويلا,Tafsir text placeholder for verse 17:77
17:78,اقم الصلوٰة لدلوك الشمس الىٰ غسق اليل وقرءان الفجر ۖ ان قرءان الفجر كان مشهودا,Tafsir text placeholder for verse 17:78
17:79,ومن اليل فتهجد به نافلة لك عسىٰ ان يبعثك ربك مقاما محمودا,Tafsir text placeholder for verse 17:79
17:80,وقل رب ادخلنى مدخل صدق واخرجنى مخرج صدق واجعل لى من لدنك سلطـٰنا نصيرا,Tafsir text placeholder for verse 17:80
17:81,وقل جاء الحق وزهق البـٰطل ۚ ان البـٰطل كان زهوقا,Tafsir text placeholder for verse 17:81
17:82,وننزل من القرءان ما هو شفاء ورحمة للمؤمنين ۙ ولا يزيد الظـٰلمين الا خسارا,Tafsir text placeholder for verse 17:82
17:83,واذا انعمنا على الانسـٰن اعرض ونـٔا بجانبه ۖ واذا مسه الشر كان يـٔوسا,Tafsir text placeholder for verse 17:83
17:84,قل كل يعمل علىٰ شاكلته فربكم اعلم بمن هو اهدىٰ سبيلا,Tafsir text placeholder for verse 17:84
17:85,ويسـٔلونك عن الروح ۖ قل الروح من امر ربى وما اوتيتم من العلم الا قليلا,Tafsir text placeholder for verse 17:85
17:86,ولئن شئنا لنذهبن بالذى اوحينا اليك ثم لا تجد لك به علينا وكيلا,Tafsir text placeholder for verse 17:86
17:87,الا رحمة من ربك ۚ ان فضله كان عليك كبيرا,Tafsir text placeholder for verse 17:87
17:88,قل لئن اجتمعت الانس والجن علىٰ ان ياتوا بمثل هـٰذا القرءان لا ياتون بمثله ولو كان بعضهم لبعض ظهيرا,Tafsir text placeholder for verse 17:88
17:89,ولقد صرفنا للناس فى هـٰذا القرءان من كل مثل فابىٰ اكثر الناس الا كفورا,Tafsir text placeholder for verse 17:89
17:90,وقالوا لن نؤمن لك حتىٰ تفجر لنا من الارض ينبوعا,Tafsir text placeholder for verse 17:90
17:91,او تكون لك جنة من نخيل وعنب فتفجر الانهـٰر خلـٰلها تفجيرا,Tafsir text placeholder for verse 17:91
17:92,او تسقط السماء كما زعمت علينا كسفا او تاتى بالله والملـٰئكة قبيلا,Tafsir text placeholder for verse 17:92
17:93,او يكون لك بيت من زخرف او ترقىٰ فى السماء ولن نؤمن لرقيك حتىٰ تنزل علينا كتـٰبا نقرؤه ۗ قل سبحان ربى هل كنت الا بشرا رسولا,Tafsir text placeholder for verse 17:93
17:94,وما منع الناس ان يؤمنوا اذ جاءهم الهدىٰ الا ان قالوا ابعث الله بشرا رسولا,Tafsir text placeholder for verse 17:94
17:95,قل لو كان فى الارض ملـٰئكة يمشون مطمئنين لنزلنا عليهم من السماء ملكا رسولا,Tafsir text placeholder for verse 17:95
17:96,قل كفىٰ بالله شهيدا بينى وبينكم ۚ انه كان بعباده خبيرا بصيرا,Tafsir text placeholder for verse 17:96
17:97,ومن يهد الله فهو المهتد ۖ ومن يضلل فلن تجد لهم اولياء من دونه ۖ ونحشرهم يوم القيـٰمة علىٰ وجوههم عميا وبكما وصما ۖ ماوىٰهم جهنم ۖ كلما خبت زدنـٰهم سعيرا,Tafsir text placeholder for verse 17:97
17:98,ذٰلك جزاؤهم بانهم كفروا بـٔايـٰتنا وقالوا اءذا كنا عظـٰما ورفـٰتا اءنا لمبعوثون خلقا جديدا,Tafsir text placeholder for verse 17:98
17:99,اولم يروا ان الله الذى خلق السمـٰوٰت والارض قادر علىٰ ان يخلق مثلهم وجعل لهم اجلا لا ريب فيه فابى الظـٰلمون الا كفورا,Tafsir text placeholder for verse 17:99
17:100,قل لو انتم تملكون خزائن رحمة ربى اذا لامسكتم خشية الانفاق ۚ وكان الانسـٰن قتورا,Tafsir text placeholder for verse 17:100
17:101,ولقد ءاتينا موسىٰ تسع ءايـٰت بينـٰت ۖ فسـٔل بنى اسرٰءيل اذ جاءهم فقال له فرعون انى لاظنك يـٰموسىٰ مسحورا,Tafsir text placeholder for verse 17:101
17:102,قال لقد علمت ما انزل هـٰؤلاء الا رب السمـٰوٰت والارض بصائر وانى لاظنك يـٰفرعون مثبورا,Tafsir text placeholder for verse 17:102
17:103,فاراد ان يستفزهم من الارض فاغرقنـٰه ومن معه جميعا,Tafsir text placeholder for verse 17:103
17:104,وقلنا من بعده لبنى اسرٰءيل اسكنوا الارض فاذا جاء وعد الـٔاخرة جئنا بكم لفيفا,Tafsir text placeholder for verse 17:104
17:105,وبالحق انزلنـٰه وبالحق نزل ۗ وما ارسلنـٰك الا مبشرا ونذيرا,Tafsir text placeholder for verse 17:105
17:106,وقرءانا فرقنـٰه لتقراه على الناس علىٰ مكث ونزلنـٰه تنزيلا,Tafsir text placeholder for verse 17:106
17:107,قل ءامنوا به او لا تؤمنوا ۚ ان الذين اوتوا العلم من قبله اذا يتلىٰ عليهم يخرون للاذقان سجدا,Tafsir text placeholder for verse 17:107
17:108,ويقولون سبحـٰن ربنا ان كان وعد ربنا لمفعولا,Tafsir text placeholder for verse 17:108
17:109,ويخرون للاذقان يبكون ويزيدهم خشوعا ۩,Tafsir text placeholder for verse 17:109
17:110,قل ادعوا الله او ادعوا الرحمـٰن ۖ ايا ما تدعوا فله الاسماء الحسنىٰ ۚ ولا تجهر بصلاتك ولا تخافت بها وابتغ بين ذٰلك سبيلا,Tafsir text placeholder for verse 17:110
17:111,وقل الحمد لله الذى لم يتخذ ولدا ولم يكن له شريك فى الملك ولم يكن له ولى من الذل ۖ وكبره تكبيرا,Tafsir text placeholder for verse 17:111
18:1,الحمد لله الذى انزل علىٰ عبده الكتـٰب ولم يجعل له عوجا ۜ,Tafsir text placeholder for verse 18:1
18:2,قيما لينذر باسا شديدا من لدنه ويبشر المؤمنين الذين يعملون الصـٰلحـٰت ان لهم اجرا حسنا,Tafsir text placeholder for verse 18:2
18:3,مـٰكثين فيه ابدا,Tafsir text placeholder for verse 18:3
18:4,وينذر الذين قالوا اتخذ الله ولدا,Tafsir text placeholder for verse 18:4
18:5,ما لهم به من علم ولا لـٔابائهم ۚ كبرت كلمة تخرج من افوٰههم ۚ ان يقولون الا كذبا,Tafsir text placeholder for verse 18:5
18:6,فلعلك بـٰخع نفسك علىٰ ءاثـٰرهم ان لم يؤمنوا بهـٰذا الحديث اسفا,Tafsir text placeholder for verse 18:6
18:7,انا جعلنا ما على الارض زينة لها لنبلوهم ايهم احسن عملا,Tafsir text placeholder for verse 18:7
18:8,وانا لجـٰعلون ما عليها صعيدا جرزا,Tafsir text placeholder for verse 18:8
18:9,ام حسبت ان اصحـٰب الكهف والرقيم كانوا من ءايـٰتنا عجبا,Tafsir text placeholder for verse 18:9
18:10,اذ اوى الفتية الى الكهف فقالوا ربنا ءاتنا من لدنك رحمة وهيئ لنا من امرنا رشدا,Tafsir text placeholder for verse 18:10
18:11,فضربنا علىٰ ءاذانهم فى الكهف سنين عددا,Tafsir text placeholder for verse 18:11
18:12,ثم بعثنـٰهم لنعلم اى الحزبين احصىٰ لما لبثوا امدا,Tafsir text placeholder for verse 18:12
18:13,نحن نقص عليك نباهم بالحق ۚ انهم فتية ءامنوا بربهم وزدنـٰهم هدى,Tafsir text placeholder for verse 18:13
18:14,وربطنا علىٰ قلوبهم اذ قاموا فقالوا ربنا رب السمـٰوٰت والارض لن ندعوا۟ من دونه الـٰها ۖ لقد قلنا اذا شططا,Tafsir text placeholder for verse 18:14
18:15,هـٰؤلاء قومنا اتخذوا من دونه ءالهة ۖ لولا ياتون عليهم بسلطـٰن بين ۖ فمن اظلم ممن افترىٰ على الله كذبا,Tafsir text placeholder for verse 18:15
18:16,واذ اعتزلتموهم وما يعبدون الا الله فاوۥا الى الكهف ينشر لكم ربكم من رحمته ويهيئ لكم من امركم مرفقا,Tafsir text placeholder for verse 18:16
18:17,وترى الشمس اذا طلعت تزٰور عن كهفهم ذات اليمين واذا غربت تقرضهم ذات الشمال وهم فى فجوة منه ۚ ذٰلك من ءايـٰت الله ۗ من يهد الله فهو المهتد ۖ ومن يضلل فلن تجد له وليا مرشدا,Tafsir text placeholder for verse 18:17
18:18,وتحسبهم ايقاظا وهم رقود ۚ ونقلبهم ذات اليمين وذات الشمال ۖ وكلبهم بـٰسط ذراعيه بالوصيد ۚ لو اطلعت عليهم لوليت منهم فرارا ولملئت منهم رعبا,Tafsir text placeholder for verse 18:18
18:19,وكذٰلك بعثنـٰهم ليتساءلوا بينهم ۚ قال قائل منهم كم لبثتم ۖ قالوا لبثنا يوما او بعض يوم ۚ قالوا ربكم اعلم بما لبثتم فابعثوا احدكم بورقكم هـٰذه الى المدينة فلينظر ايها ازكىٰ طعاما فلياتكم برزق منه وليتلطف ولا يشعرن بكم احدا,Tafsir text placeholder for verse 18:19
18:20,انهم ان يظهروا عليكم يرجموكم او يعيدوكم فى ملتهم ولن تفلحوا اذا ابدا,Tafsir text placeholder for verse 18:20
18:21,وكذٰلك اعثرنا عليهم ليعلموا ان وعد الله حق وان الساعة لا ريب فيها اذ يتنـٰزعون بينهم امرهم ۖ فقالوا ابنوا عليهم بنيـٰنا ۖ ربهم اعلم بهم ۚ قال الذين غلبوا علىٰ امرهم لنتخذن عليهم مسجدا,Tafsir text placeholder for verse 18:21
18:22,سيقولون ثلـٰثة رابعهم كلبهم ويقولون خمسة سادسهم كلبهم رجما بالغيب ۖ ويقولون سبعة وثامنهم كلبهم ۚ قل ربى اعلم بعدتهم ما يعلمهم الا قليل ۗ فلا تمار فيهم الا مراء ظـٰهرا ولا تستفت فيهم منهم احدا,Tafsir text placeholder for verse 18:22
18:23,ولا تقولن لشا۟ىء انى فاعل ذٰلك غدا,Tafsir text placeholder for verse 18:23
18:24,الا ان يشاء الله ۚ واذكر ربك اذا نسيت وقل عسىٰ ان يهدين ربى لاقرب من هـٰذا رشدا,Tafsir text placeholder for verse 18:24
18:25,ولبثوا فى كهفهم ثلـٰث ما۟ئة سنين وازدادوا تسعا,Tafsir text placeholder for verse 18:25
18:26,قل الله اعلم بما لبثوا ۖ له غيب السمـٰوٰت والارض ۖ ابصر به واسمع ۚ ما لهم من دونه من ولى ولا يشرك فى حكمه احدا,Tafsir text placeholder for verse 18:26
18:27,واتل ما اوحى اليك من كتاب ربك ۖ لا مبدل لكلمـٰته ولن تجد من دونه ملتحدا,Tafsir text placeholder for verse 18:27
18:28,واصبر نفسك مع الذين يدعون ربهم بالغدوٰة والعشى يريدون وجهه ۖ ولا تعد عيناك عنهم تريد زينة الحيوٰة الدنيا ۖ ولا تطع من اغفلنا قلبه عن ذكرنا واتبع هوىٰه وكان امره فرطا,Tafsir text placeholder for verse 18:28
18:29,وقل الحق من ربكم ۖ فمن شاء فليؤمن ومن شاء فليكفر ۚ انا اعتدنا للظـٰلمين نارا احاط بهم سرادقها ۚ وان يستغيثوا يغاثوا بماء كالمهل يشوى الوجوه ۚ بئس الشراب وساءت مرتفقا,Tafsir text placeholder for verse 18:29
18:30,ان الذين ءامنوا وعملوا الصـٰلحـٰت انا لا نضيع اجر من احسن عملا,Tafsir text placeholder for verse 18:30
18:31,اولـٰئك لهم جنـٰت عدن تجرى من تحتهم الانهـٰر يحلون فيها من اساور من ذهب ويلبسون ثيابا خضرا من سندس واستبرق متكـٔين فيها على الارائك ۚ نعم الثواب وحسنت مرتفقا,Tafsir text placeholder for verse 18:31
18:32,واضرب لهم مثلا رجلين جعلنا لاحدهما جنتين من اعنـٰب وحففنـٰهما بنخل وجعلنا بينهما زرعا,Tafsir text placeholder for verse 18:32
18:33,كلتا الجنتين ءاتت اكلها ولم تظلم منه شيـٔا ۚ وفجرنا خلـٰلهما نهرا,Tafsir text placeholder for verse 18:33
18:34,وكان له ثمر فقال لصـٰحبه وهو يحاوره انا۠ اكثر منك مالا واعز نفرا,Tafsir text placeholder for verse 18:34
18:35,ودخل جنته وهو ظالم لنفسه قال ما اظن ان تبيد هـٰذه ابدا,Tafsir text placeholder for verse 18:35
18:36,وما اظن الساعة قائمة ولئن رددت الىٰ ربى لاجدن خيرا منها منقلبا,Tafsir text placeholder for verse 18:36
18:37,قال له صاحبه وهو يحاوره اكفرت بالذى خلقك من تراب ثم من نطفة ثم سوىٰك رجلا,Tafsir text placeholder for verse 18:37
18:38,لـٰكنا۠ هو الله ربى ولا اشرك بربى احدا,Tafsir text placeholder for verse 18:38
18:39,ولولا اذ دخلت جنتك قلت ما شاء الله لا قوة الا بالله ۚ ان ترن انا۠ اقل منك مالا وولدا,Tafsir text placeholder for verse 18:39
18:40,فعسىٰ ربى ان يؤتين خيرا من جنتك ويرسل عليها حسبانا من السماء فتصبح صعيدا زلقا,Tafsir text placeholder for verse 18:40
18:41,او يصبح ماؤها غورا فلن تستطيع له طلبا,Tafsir text placeholder for verse 18:41
18:42,واحيط بثمره فاصبح يقلب كفيه علىٰ ما انفق فيها وهى خاوية علىٰ عروشها ويقول يـٰليتنى لم اشرك بربى احدا,Tafsir text placeholder for verse 18:42
18:43,ولم تكن له فئة ينصرونه من دون الله وما كان منتصرا,Tafsir text placeholder for verse 18:43
18:44,هنالك الولـٰية لله الحق ۚ هو خير ثوابا وخير عقبا,Tafsir text placeholder for verse 18:44
18:45,واضرب لهم مثل الحيوٰة الدنيا كماء انزلنـٰه من السماء فاختلط به نبات الارض فاصبح هشيما تذروه الريـٰح ۗ وكان الله علىٰ كل شىء مقتدرا,Tafsir text placeholder for verse 18:45
18:46,المال والبنون زينة الحيوٰة الدنيا ۖ والبـٰقيـٰت الصـٰلحـٰت خير عند ربك ثوابا وخير املا,Tafsir text placeholder for verse 18:46
18:47,ويوم نسير الجبال وترى الارض بارزة وحشرنـٰهم فلم نغادر منهم احدا,Tafsir text placeholder for verse 18:47
18:48,وعرضوا علىٰ ربك صفا لقد جئتمونا كما خلقنـٰكم اول مرة ۚ بل زعمتم الن نجعل لكم موعدا,Tafsir text placeholder for verse 18:48
18:49,ووضع الكتـٰب فترى المجرمين مشفقين مما فيه ويقولون يـٰويلتنا مال هـٰذا الكتـٰب لا يغادر صغيرة ولا كبيرة الا احصىٰها ۚ ووجدوا ما عملوا حاضرا ۗ ولا يظلم ربك احدا,Tafsir text placeholder for verse 18:49
18:50,واذ قلنا للملـٰئكة اسجدوا لـٔادم فسجدوا الا ابليس كان من الجن ففسق عن امر ربه ۗ افتتخذونه وذريته اولياء من دونى وهم لكم عدو ۚ بئس للظـٰلمين بدلا,Tafsir text placeholder for verse 18:50
18:51,ما اشهدتهم خلق السمـٰوٰت والارض ولا خلق انفسهم وما كنت متخذ المضلين عضدا,Tafsir text placeholder for verse 18:51
18:52,ويوم يقول نادوا شركاءى الذين زعمتم فدعوهم فلم يستجيبوا لهم وجعلنا بينهم موبقا,Tafsir text placeholder for verse 18:52
18:53,ورءا المجرمون النار فظنوا انهم مواقعوها ولم يجدوا عنها مصرفا,Tafsir text placeholder for verse 18:53
18:54,ولقد صرفنا فى هـٰذا القرءان للناس من كل مثل ۚ وكان الانسـٰن اكثر شىء جدلا,Tafsir text placeholder for verse 18:54
18:55,وما منع الناس ان يؤمنوا اذ جاءهم الهدىٰ ويستغفروا ربهم الا ان تاتيهم سنة الاولين او ياتيهم العذاب قبلا,Tafsir text placeholder for verse 18:55
18:56,وما نرسل المرسلين الا مبشرين ومنذرين ۚ ويجـٰدل الذين كفروا بالبـٰطل ليدحضوا به الحق ۖ واتخذوا ءايـٰتى وما انذروا هزوا,Tafsir text placeholder for verse 18:56
18:57,ومن اظلم ممن ذكر بـٔايـٰت ربه فاعرض عنها ونسى ما قدمت يداه ۚ انا جعلنا علىٰ قلوبهم اكنة ان يفقهوه وفى ءاذانهم وقرا ۖ وان تدعهم الى الهدىٰ فلن يهتدوا اذا ابدا,Tafsir text placeholder for verse 18:57
18:58,وربك الغفور ذو الرحمة ۖ لو يؤاخذهم بما كسبوا لعجل لهم العذاب ۚ بل لهم موعد لن يجدوا من دونه موئلا,Tafsir text placeholder for verse 18:58
18:59,وتلك القرىٰ اهلكنـٰهم لما ظلموا وجعلنا لمهلكهم موعدا,Tafsir text placeholder for verse 18:59
18:60,واذ قال موسىٰ لفتىٰه لا ابرح حتىٰ ابلغ مجمع البحرين او امضى حقبا,Tafsir text placeholder for verse 18:60
18:61,فلما بلغا مجمع بينهما نسيا حوتهما فاتخذ سبيله فى البحر سربا,Tafsir text placeholder for verse 18:61
18:62,فلما جاوزا قال لفتىٰه ءاتنا غداءنا لقد لقينا من سفرنا هـٰذا نصبا,Tafsir text placeholder for verse 18:62
18:63,قال ارءيت اذ اوينا الى الصخرة فانى نسيت الحوت وما انسىٰنيه الا الشيطـٰن ان اذكره ۚ واتخذ سبيله فى البحر عجبا,Tafsir text placeholder for verse 18:63
18:64,قال ذٰلك ما كنا نبغ ۚ فارتدا علىٰ ءاثارهما قصصا,Tafsir text placeholder for verse 18:64
18:65,فوجدا عبدا من عبادنا ءاتينـٰه رحمة من عندنا وعلمنـٰه من لدنا علما,Tafsir text placeholder for verse 18:65
18:66,قال له موسىٰ هل اتبعك علىٰ ان تعلمن مما علمت رشدا,Tafsir text placeholder for verse 18:66
18:67,قال انك لن تستطيع معى صبرا,Tafsir text placeholder for verse 18:67
18:68,وكيف تصبر علىٰ ما لم تحط به خبرا,Tafsir text placeholder for verse 18:68
18:69,قال ستجدنى ان شاء الله صابرا ولا اعصى لك امرا,Tafsir text placeholder for verse 18:69
18:70,قال فان اتبعتنى فلا تسـٔلنى عن شىء حتىٰ احدث لك منه ذكرا,Tafsir text placeholder for verse 18:70
18:71,فانطلقا حتىٰ اذا ركبا فى السفينة خرقها ۖ قال اخرقتها لتغرق اهلها لقد جئت شيـٔا امرا,Tafsir text placeholder for verse 18:71
18:72,قال الم اقل انك لن تستطيع معى صبرا,Tafsir text placeholder for verse 18:72
18:73,قال لا تؤاخذنى بما نسيت ولا ترهقنى من امرى عسرا,Tafsir text placeholder for verse 18:73
18:74,فانطلقا حتىٰ اذا لقيا غلـٰما فقتله قال اقتلت نفسا زكية بغير نفس لقد جئت شيـٔا نكرا,Tafsir text placeholder for verse 18:74
18:75,قال الم اقل لك انك لن تستطيع معى صبرا,Tafsir text placeholder for verse 18:75
18:76,قال ان سالتك عن شىء بعدها فلا تصـٰحبنى ۖ قد بلغت من لدنى عذرا,Tafsir text placeholder for verse 18:76
18:77,فانطلقا حتىٰ اذا اتيا اهل قرية استطعما اهلها فابوا ان يضيفوهما فوجدا فيها جدارا يريد ان ينقض فاقامه ۖ قال لو شئت لتخذت عليه اجرا,Tafsir text placeholder for verse 18:77
18:78,قال هـٰذا فراق بينى وبينك ۚ سانبئك بتاويل ما لم تستطع عليه صبرا,Tafsir text placeholder for verse 18:78
18:79,اما السفينة فكانت لمسـٰكين يعملون فى البحر فاردت ان اعيبها وكان وراءهم ملك ياخذ كل سفينة غصبا,Tafsir text placeholder for verse 18:79
18:80,واما الغلـٰم فكان ابواه مؤمنين فخشينا ان يرهقهما طغيـٰنا وكفرا,Tafsir text placeholder for verse 18:80
18:81,فاردنا ان يبدلهما ربهما خيرا منه زكوٰة واقرب رحما,Tafsir text placeholder for verse 18:81
18:82,واما الجدار فكان لغلـٰمين يتيمين فى المدينة وكان تحته كنز لهما وكان ابوهما صـٰلحا فاراد ربك ان يبلغا اشدهما ويستخرجا كنزهما رحمة من ربك ۚ وما فعلته عن امرى ۚ ذٰلك تاويل ما لم تسطع عليه صبرا,Tafsir text placeholder for verse 18:82
18:83,ويسـٔلونك عن ذى القرنين ۖ قل ساتلوا عليكم منه ذكرا,Tafsir text placeholder for verse 18:83
18:84,انا مكنا له فى الارض وءاتينـٰه من كل شىء سببا,Tafsir text placeholder for verse 18:84
18:85,فاتبع سببا,Tafsir text placeholder for verse 18:85
18:86,حتىٰ اذا بلغ مغرب الشمس وجدها تغرب فى عين حمئة ووجد عندها قوما ۗ قلنا يـٰذا القرنين اما ان تعذب واما ان تتخذ فيهم حسنا,Tafsir text placeholder for verse 18:86
18:87,قال اما من ظلم فسوف نعذبه ثم يرد الىٰ ربه فيعذبه عذابا نكرا,Tafsir text placeholder for verse 18:87
18:88,واما من ءامن وعمل صـٰلحا فله جزاء الحسنىٰ ۖ وسنقول له من امرنا يسرا,Tafsir text placeholder for verse 18:88
18:89,ثم اتبع سببا,Tafsir text placeholder for verse 18:89
18:90,حتىٰ اذا بلغ مطلع الشمس وجدها تطلع علىٰ قوم لم نجعل لهم من دونها سترا,Tafsir text placeholder for verse 18:90
18:91,كذٰلك وقد احطنا بما لديه خبرا,Tafsir text placeholder for verse 18:91
18:92,ثم اتبع سببا,Tafsir text placeholder for verse 18:92
18:93,حتىٰ اذا بلغ بين السدين وجد من دونهما قوما لا يكادون يفقهون قولا,Tafsir text placeholder for verse 18:93
18:94,قالوا يـٰذا القرنين ان ياجوج وماجوج مفسدون فى الارض فهل نجعل لك خرجا علىٰ ان تجعل بيننا وبينهم سدا,Tafsir text placeholder for verse 18:94
18:95,قال ما مكنى فيه ربى خير فاعينونى بقوة اجعل بينكم وبينهم ردما,Tafsir text placeholder for verse 18:95
18:96,ءاتونى زبر الحديد ۖ حتىٰ اذا ساوىٰ بين الصدفين قال انفخوا ۖ حتىٰ اذا جعله نارا قال ءاتونى افرغ عليه قطرا,Tafsir text placeholder for verse 18:96
18:97,فما اسطـٰعوا ان يظهروه وما استطـٰعوا له نقبا,Tafsir text placeholder for verse 18:97
18:98,قال هـٰذا رحمة من ربى ۖ فاذا جاء وعد ربى جعله دكاء ۖ وكان وعد ربى حقا,Tafsir text placeholder for verse 18:98
18:99,وتركنا بعضهم يومئذ يموج فى بعض ۖ ونفخ فى الصور فجمعنـٰهم جمعا,Tafsir text placeholder for verse 18:99
18:100,وعرضنا جهنم يومئذ للكـٰفرين عرضا,Tafsir text placeholder for verse 18:100
18:101,الذين كانت اعينهم فى غطاء عن ذكرى وكانوا لا يستطيعون سمعا,Tafsir text placeholder for verse 18:101
18:102,افحسب الذين كفروا ان يتخذوا عبادى من دونى اولياء ۚ انا اعتدنا جهنم للكـٰفرين نزلا,Tafsir text placeholder for verse 18:102
18:103,قل هل ننبئكم بالاخسرين اعمـٰلا,Tafsir text placeholder for verse 18:103
18:104,الذين ضل سعيهم فى الحيوٰة الدنيا وهم يحسبون انهم يحسنون صنعا,Tafsir text placeholder for verse 18:104
18:105,اولـٰئك الذين كفروا بـٔايـٰت ربهم ولقائه فحبطت اعمـٰلهم فلا نقيم لهم يوم القيـٰمة وزنا,Tafsir text placeholder for verse 18:105
18:106,ذٰلك جزاؤهم جهنم بما كفروا واتخذوا ءايـٰتى ورسلى هزوا,Tafsir text placeholder for verse 18:106
18:107,ان الذين ءامنوا وعملوا الصـٰلحـٰت كانت لهم جنـٰت الفردوس نزلا,Tafsir text placeholder for verse 18:107
18:108,خـٰلدين فيها لا يبغون عنها حولا,Tafsir text placeholder for verse 18:108
18:109,قل لو كان البحر مدادا لكلمـٰت ربى لنفد البحر قبل ان تنفد كلمـٰت ربى ولو جئنا بمثله مددا,Tafsir text placeholder for verse 18:109
18:110,قل انما انا۠ بشر مثلكم يوحىٰ الى انما الـٰهكم الـٰه وٰحد ۖ فمن كان يرجوا لقاء ربه فليعمل عملا صـٰلحا ولا يشرك بعبادة ربه احدا,Tafsir text placeholder for verse 18:110
19:1,كهيعص,Tafsir text placeholder for verse 19:1
19:2,ذكر رحمت ربك عبده زكريا,Tafsir text placeholder for verse 19:2
19:3,اذ نادىٰ ربه نداء خفيا,Tafsir text placeholder for verse 19:3
19:4,قال رب انى وهن العظم منى واشتعل الراس شيبا ولم اكن بدعائك رب شقيا,Tafsir text placeholder for verse 19:4
19:5,وانى خفت الموٰلى من وراءى وكانت امراتى عاقرا فهب لى من لدنك وليا,Tafsir text placeholder for verse 19:5
19:6,يرثنى ويرث من ءال يعقوب ۖ واجعله رب رضيا,Tafsir text placeholder for verse 19:6
19:7,يـٰزكريا انا نبشرك بغلـٰم اسمه يحيىٰ لم نجعل له من قبل سميا,Tafsir text placeholder for verse 19:7
19:8,قال رب انىٰ يكون لى غلـٰم وكانت امراتى عاقرا وقد بلغت من الكبر عتيا,Tafsir text placeholder for verse 19:8
19:9,قال كذٰلك قال ربك هو على هين وقد خلقتك من قبل ولم تك شيـٔا,Tafsir text placeholder for verse 19:9
19:10,قال رب اجعل لى ءاية ۚ قال ءايتك الا تكلم الناس ثلـٰث ليال سويا,Tafsir text placeholder for verse 19:10
19:11,فخرج علىٰ قومه من المحراب فاوحىٰ اليهم ان سبحوا بكرة وعشيا,Tafsir text placeholder for verse 19:11
19:12,يـٰيحيىٰ خذ الكتـٰب بقوة ۖ وءاتينـٰه الحكم صبيا,Tafsir text placeholder for verse 19:12
19:13,وحنانا من لدنا وزكوٰة ۖ وكان تقيا,Tafsir text placeholder for verse 19:13
19:14,وبرا بوٰلديه ولم يكن جبارا عصيا,Tafsir text placeholder for verse 19:14
19:15,وسلـٰم عليه يوم ولد ويوم يموت ويوم يبعث حيا,Tafsir text placeholder for verse 19:15
19:16,واذكر فى الكتـٰب مريم اذ انتبذت من اهلها مكانا شرقيا,Tafsir text placeholder for verse 19:16
19:17,فاتخذت من دونهم حجابا فارسلنا اليها روحنا فتمثل لها بشرا سويا,Tafsir text placeholder for verse 19:17
19:18,قالت انى اعوذ بالرحمـٰن منك ان كنت تقيا,Tafsir text placeholder for verse 19:18
19:19,قال انما انا۠ رسول ربك لاهب لك غلـٰما زكيا,Tafsir text placeholder for verse 19:19
19:20,قالت انىٰ يكون لى غلـٰم ولم يمسسنى بشر ولم اك بغيا,Tafsir text placeholder for verse 19:20
19:21,قال كذٰلك قال ربك هو على هين ۖ ولنجعله ءاية للناس ورحمة منا ۚ وكان امرا مقضيا,Tafsir text placeholder for verse 19:21
19:22,فحملته فانتبذت به مكانا قصيا,Tafsir text placeholder for verse 19:22
19:23,فاجاءها المخاض الىٰ جذع النخلة قالت يـٰليتنى مت قبل هـٰذا وكنت نسيا منسيا,Tafsir text placeholder for verse 19:23
19:24,فنادىٰها من تحتها الا تحزنى قد جعل ربك تحتك سريا,Tafsir text placeholder for verse 19:24
19:25,وهزى اليك بجذع النخلة تسـٰقط عليك رطبا جنيا,Tafsir text placeholder for verse 19:25
19:26,فكلى واشربى وقرى عينا ۖ فاما ترين من البشر احدا فقولى انى نذرت للرحمـٰن صوما فلن اكلم اليوم انسيا,Tafsir text placeholder for verse 19:26
19:27,فاتت به قومها تحمله ۖ قالوا يـٰمريم لقد جئت شيـٔا فريا,Tafsir text placeholder for verse 19:27
19:28,يـٰاخت هـٰرون ما كان ابوك امرا سوء وما كانت امك بغيا,Tafsir text placeholder for verse 19:28
19:29,فاشارت اليه ۖ قالوا كيف نكلم من كان فى المهد صبيا,Tafsir text placeholder for verse 19:29
19:30,قال انى عبد الله ءاتىٰنى الكتـٰب وجعلنى نبيا,Tafsir text placeholder for verse 19:30
19:31,وجعلنى مباركا اين ما كنت واوصـٰنى بالصلوٰة والزكوٰة ما دمت حيا,Tafsir text placeholder for verse 19:31
19:32,وبرا بوٰلدتى ولم يجعلنى جبارا شقيا,Tafsir text placeholder for verse 19:32
19:33,والسلـٰم على يوم ولدت ويوم اموت ويوم ابعث حيا,Tafsir text placeholder for verse 19:33
19:34,ذٰلك عيسى ابن مريم ۚ قول الحق الذى فيه يمترون,Tafsir text placeholder for verse 19:34
19:35,ما كان لله ان يتخذ من ولد ۖ سبحـٰنه ۚ اذا قضىٰ امرا فانما يقول له كن فيكون,Tafsir text placeholder for verse 19:35
19:36,وان الله ربى وربكم فاعبدوه ۚ هـٰذا صرٰط مستقيم,Tafsir text placeholder for verse 19:36
19:37,فاختلف الاحزاب من بينهم ۖ فويل للذين كفروا من مشهد يوم عظيم,Tafsir text placeholder for verse 19:37
19:38,اسمع بهم وابصر يوم ياتوننا ۖ لـٰكن الظـٰلمون اليوم فى ضلـٰل مبين,Tafsir text placeholder for verse 19:38
19:39,وانذرهم يوم الحسرة اذ قضى الامر وهم فى غفلة وهم لا يؤمنون,Tafsir text placeholder for verse 19:39
19:40,انا نحن نرث الارض ومن عليها والينا يرجعون,Tafsir text placeholder for verse 19:40
19:41,واذكر فى الكتـٰب ابرٰهيم ۚ انه كان صديقا نبيا,Tafsir text placeholder for verse 19:41
19:42,اذ قال لابيه يـٰابت لم تعبد ما لا يسمع ولا يبصر ولا يغنى عنك شيـٔا,Tafsir text placeholder for verse 19:42
19:43,يـٰابت انى قد جاءنى من العلم ما لم ياتك فاتبعنى اهدك صرٰطا سويا,Tafsir text placeholder for verse 19:43
19:44,يـٰابت لا تعبد الشيطـٰن ۖ ان الشيطـٰن كان للرحمـٰن عصيا,Tafsir text placeholder for verse 19:44
19:45,يـٰابت انى اخاف ان يمسك عذاب من الرحمـٰن فتكون للشيطـٰن وليا,Tafsir text placeholder for verse 19:45
19:46,قال اراغب انت عن ءالهتى يـٰابرٰهيم ۖ لئن لم تنته لارجمنك ۖ واهجرنى مليا,Tafsir text placeholder for verse 19:46
19:47,قال سلـٰم عليك ۖ ساستغفر لك ربى ۖ انه كان بى حفيا,Tafsir text placeholder for verse 19:47
19:48,واعتزلكم وما تدعون من دون الله وادعوا ربى عسىٰ الا اكون بدعاء ربى شقيا,Tafsir text placeholder for verse 19:48
19:49,فلما اعتزلهم وما يعبدون من دون الله وهبنا له اسحـٰق ويعقوب ۖ وكلا جعلنا نبيا,Tafsir text placeholder for verse 19:49
19:50,ووهبنا لهم من رحمتنا وجعلنا لهم لسان صدق عليا,Tafsir text placeholder for verse 19:50
19:51,واذكر فى الكتـٰب موسىٰ ۚ انه كان مخلصا وكان رسولا نبيا,Tafsir text placeholder for verse 19:51
19:52,ونـٰدينـٰه من جانب الطور الايمن وقربنـٰه نجيا,Tafsir text placeholder for verse 19:52
19:53,ووهبنا له من رحمتنا اخاه هـٰرون نبيا,Tafsir text placeholder for verse 19:53
19:54,واذكر فى الكتـٰب اسمـٰعيل ۚ انه كان صادق الوعد وكان رسولا نبيا,Tafsir text placeholder for verse 19:54
19:55,وكان يامر اهله بالصلوٰة والزكوٰة وكان عند ربه مرضيا,Tafsir text placeholder for verse 19:55
19:56,واذكر فى الكتـٰب ادريس ۚ انه كان صديقا نبيا,Tafsir text placeholder for verse 19:56
19:57,ورفعنـٰه مكانا عليا,Tafsir text placeholder for verse 19:57
19:58,اولـٰئك الذين انعم الله عليهم من النبيـۧن من ذرية ءادم وممن حملنا مع نوح ومن ذرية ابرٰهيم واسرٰءيل وممن هدينا واجتبينا ۚ اذا تتلىٰ عليهم ءايـٰت الرحمـٰن خروا سجدا وبكيا ۩,Tafsir text placeholder for verse 19:58
19:59,فخلف من بعدهم خلف اضاعوا الصلوٰة واتبعوا الشهوٰت ۖ فسوف يلقون غيا,Tafsir text placeholder for verse 19:59
19:60,الا من تاب وءامن وعمل صـٰلحا فاولـٰئك يدخلون الجنة ولا يظلمون شيـٔا,Tafsir text placeholder for verse 19:60
19:61,جنـٰت عدن التى وعد الرحمـٰن عباده بالغيب ۚ انه كان وعده ماتيا,Tafsir text placeholder for verse 19:61
19:62,لا يسمعون فيها لغوا الا سلـٰما ۖ ولهم رزقهم فيها بكرة وعشيا,Tafsir text placeholder for verse 19:62
19:63,تلك الجنة التى نورث من عبادنا من كان تقيا,Tafsir text placeholder for verse 19:63
19:64,وما نتنزل الا بامر ربك ۖ له ما بين ايدينا وما خلفنا وما بين ذٰلك ۚ وما كان ربك نسيا,Tafsir text placeholder for verse 19:64
19:65,رب السمـٰوٰت والارض وما بينهما فاعبده واصطبر لعبـٰدته ۚ هل تعلم له سميا,Tafsir text placeholder for verse 19:65
19:66,ويقول الانسـٰن اءذا ما مت لسوف اخرج حيا,Tafsir text placeholder for verse 19:66
19:67,اولا يذكر الانسـٰن انا خلقنـٰه من قبل ولم يك شيـٔا,Tafsir text placeholder for verse 19:67
19:68,فوربك لنحشرنهم والشيـٰطين ثم لنحضرنهم حول جهنم جثيا,Tafsir text placeholder for verse 19:68
19:69,ثم لننزعن من كل شيعة ايهم اشد على الرحمـٰن عتيا,Tafsir text placeholder for verse 19:69
19:70,ثم لنحن اعلم بالذين هم اولىٰ بها صليا,Tafsir text placeholder for verse 19:70
19:71,وان منكم الا واردها ۚ كان علىٰ ربك حتما مقضيا,Tafsir text placeholder for verse 19:71
19:72,ثم ننجى الذين اتقوا ونذر الظـٰلمين فيها جثيا,Tafsir text placeholder for verse 19:72
19:73,واذا تتلىٰ عليهم ءايـٰتنا بينـٰت قال الذين كفروا للذين ءامنوا اى الفريقين خير مقاما واحسن نديا,Tafsir text placeholder for verse 19:73
19:74,وكم اهلكنا قبلهم من قرن هم احسن اثـٰثا ورءيا,Tafsir text placeholder for verse 19:74
19:75,قل من كان فى الضلـٰلة فليمدد له الرحمـٰن مدا ۚ حتىٰ اذا راوا ما يوعدون اما العذاب واما الساعة فسيعلمون من هو شر مكانا واضعف جندا,Tafsir text placeholder for verse 19:75
19:76,ويزيد الله الذين اهتدوا هدى ۗ والبـٰقيـٰت الصـٰلحـٰت خير عند ربك ثوابا وخير مردا,Tafsir text placeholder for verse 19:76
19:77,افرءيت الذى كفر بـٔايـٰتنا وقال لاوتين مالا وولدا,Tafsir text placeholder for verse 19:77
19:78,اطلع الغيب ام اتخذ عند الرحمـٰن عهدا,Tafsir text placeholder for verse 19:78
19:79,كلا ۚ سنكتب ما يقول ونمد له من العذاب مدا,Tafsir text placeholder for verse 19:79
19:80,ونرثه ما يقول وياتينا فردا,Tafsir text placeholder for verse 19:80
19:81,واتخذوا من دون الله ءالهة ليكونوا لهم عزا,Tafsir text placeholder for verse 19:81
19:82,كلا ۚ سيكفرون بعبادتهم ويكونون عليهم ضدا,Tafsir text placeholder for verse 19:82
19:83,الم تر انا ارسلنا الشيـٰطين على الكـٰفرين تؤزهم ازا,Tafsir text placeholder for verse 19:83
19:84,فلا تعجل عليهم ۖ انما نعد لهم عدا,Tafsir text placeholder for verse 19:84
19:85,يوم نحشر المتقين الى الرحمـٰن وفدا,Tafsir text placeholder for verse 19:85
19:86,ونسوق المجرمين الىٰ جهنم وردا,Tafsir text placeholder for verse 19:86
19:87,لا يملكون الشفـٰعة الا من اتخذ عند الرحمـٰن عهدا,Tafsir text placeholder for verse 19:87
19:88,وقالوا اتخذ الرحمـٰن ولدا,Tafsir text placeholder for verse 19:88
19:89,لقد جئتم شيـٔا ادا,Tafsir text placeholder for verse 19:89
19:90,تكاد السمـٰوٰت يتفطرن منه وتنشق الارض وتخر الجبال هدا,Tafsir text placeholder for verse 19:90
19:91,ان دعوا للرحمـٰن ولدا,Tafsir text placeholder for verse 19:91
19:92,وما ينبغى للرحمـٰن ان يتخذ ولدا,Tafsir text placeholder for verse 19:92
19:93,ان كل من فى السمـٰوٰت والارض الا ءاتى الرحمـٰن عبدا,Tafsir text placeholder for verse 19:93
19:94,لقد احصىٰهم وعدهم عدا,Tafsir text placeholder for verse 19:94
19:95,وكلهم ءاتيه يوم القيـٰمة فردا,Tafsir text placeholder for verse 19:95
19:96,ان الذين ءامنوا وعملوا الصـٰلحـٰت سيجعل لهم الرحمـٰن ودا,Tafsir text placeholder for verse 19:96
19:97,فانما يسرنـٰه بلسانك لتبشر به المتقين وتنذر به قوما لدا,Tafsir text placeholder for verse 19:97
19:98,وكم اهلكنا قبلهم من قرن هل تحس منهم من احد او تسمع لهم ركزا,Tafsir text placeholder for verse 19:98
20:1,طه,Tafsir text placeholder for verse 20:1
20:2,ما انزلنا عليك القرءان لتشقىٰ,Tafsir text placeholder for verse 20:2
20:3,الا تذكرة لمن يخشىٰ,Tafsir text placeholder for verse 20:3
20:4,تنزيلا ممن خلق الارض والسمـٰوٰت العلى,Tafsir text placeholder for verse 20:4
20:5,الرحمـٰن على العرش استوىٰ,Tafsir text placeholder for verse 20:5
20:6,له ما فى السمـٰوٰت وما فى الارض وما بينهما وما تحت الثرىٰ,Tafsir text placeholder for verse 20:6
20:7,وان تجهر بالقول فانه يعلم السر واخفى,Tafsir text placeholder for verse 20:7
20:8,الله لا الـٰه الا هو ۖ له الاسماء الحسنىٰ,Tafsir text placeholder for verse 20:8
20:9,وهل اتىٰك حديث موسىٰ,Tafsir text placeholder for verse 20:9
20:10,اذ رءا نارا فقال لاهله امكثوا انى ءانست نارا لعلى ءاتيكم منها بقبس او اجد على النار هدى,Tafsir text placeholder for verse 20:10
20:11,فلما اتىٰها نودى يـٰموسىٰ,Tafsir text placeholder for verse 20:11
20:12,انى انا۠ ربك فاخلع نعليك ۖ انك بالواد المقدس طوى,Tafsir text placeholder for verse 20:12
20:13,وانا اخترتك فاستمع لما يوحىٰ,Tafsir text placeholder for verse 20:13
20:14,اننى انا الله لا الـٰه الا انا۠ فاعبدنى واقم الصلوٰة لذكرى,Tafsir text placeholder for verse 20:14
20:15,ان الساعة ءاتية اكاد اخفيها لتجزىٰ كل نفس بما تسعىٰ,Tafsir text placeholder for verse 20:15
20:16,فلا يصدنك عنها من لا يؤمن بها واتبع هوىٰه فتردىٰ,Tafsir text placeholder for verse 20:16
20:17,وما تلك بيمينك يـٰموسىٰ,Tafsir text placeholder for verse 20:17
20:18,قال هى عصاى اتوكؤا۟ عليها واهش بها علىٰ غنمى ولى فيها مـٔارب اخرىٰ,Tafsir text placeholder for verse 20:18
20:19,قال القها يـٰموسىٰ,Tafsir text placeholder for verse 20:19
20:20,فالقىٰها فاذا هى حية تسعىٰ,Tafsir text placeholder for verse 20:20
20:21,قال خذها ولا تخف ۖ سنعيدها سيرتها الاولىٰ,Tafsir text placeholder for verse 20:21
20:22,واضمم يدك الىٰ جناحك تخرج بيضاء من غير سوء ءاية اخرىٰ,Tafsir text placeholder for verse 20:22
20:23,لنريك من ءايـٰتنا الكبرى,Tafsir text placeholder for verse 20:23
20:24,اذهب الىٰ فرعون انه طغىٰ,Tafsir text placeholder for verse 20:24
20:25,قال رب اشرح لى صدرى,Tafsir text placeholder for verse 20:25
20:26,ويسر لى امرى,Tafsir text placeholder for verse 20:26
20:27,واحلل عقدة من لسانى,Tafsir text placeholder for verse 20:27
20:28,يفقهوا قولى,Tafsir text placeholder for verse 20:28
20:29,واجعل لى وزيرا من اهلى,Tafsir text placeholder for verse 20:29
20:30,هـٰرون اخى,Tafsir text placeholder for verse 20:30
20:31,اشدد به ازرى,Tafsir text placeholder for verse 20:31
20:32,واشركه فى امرى,Tafsir text placeholder for verse 20:32
20:33,كى نسبحك كثيرا,Tafsir text placeholder for verse 20:33
20:34,ونذكرك كثيرا,Tafsir text placeholder for verse 20:34
20:35,انك كنت بنا بصيرا,Tafsir text placeholder for verse 20:35
20:36,قال قد اوتيت سؤلك يـٰموسىٰ,Tafsir text placeholder for verse 20:36
20:37,ولقد مننا عليك مرة اخرىٰ,Tafsir text placeholder for verse 20:37
20:38,اذ اوحينا الىٰ امك ما يوحىٰ,Tafsir text placeholder for verse 20:38
20:39,ان اقذفيه فى التابوت فاقذفيه فى اليم فليلقه اليم بالساحل ياخذه عدو لى وعدو له ۚ والقيت عليك محبة منى ولتصنع علىٰ عينى,Tafsir text placeholder for verse 20:39
20:40,اذ تمشى اختك فتقول هل ادلكم علىٰ من يكفله ۖ فرجعنـٰك الىٰ امك كى تقر عينها ولا تحزن ۚ وقتلت نفسا فنجينـٰك من الغم وفتنـٰك فتونا ۚ فلبثت سنين فى اهل مدين ثم جئت علىٰ قدر يـٰموسىٰ,Tafsir text placeholder for verse 20:40
20:41,واصطنعتك لنفسى,Tafsir text placeholder for verse 20:41
20:42,اذهب انت واخوك بـٔايـٰتى ولا تنيا فى ذكرى,Tafsir text placeholder for verse 20:42
20:43,اذهبا الىٰ فرعون انه طغىٰ,Tafsir text placeholder for verse 20:43
20:44,فقولا له قولا لينا لعله يتذكر او يخشىٰ,Tafsir text placeholder for verse 20:44
20:45,قالا ربنا اننا نخاف ان يفرط علينا او ان يطغىٰ,Tafsir text placeholder for verse 20:45
20:46,قال لا تخافا ۖ اننى معكما اسمع وارىٰ,Tafsir text placeholder for verse 20:46
20:47,فاتياه فقولا انا رسولا ربك فارسل معنا بنى اسرٰءيل ولا تعذبهم ۖ قد جئنـٰك بـٔاية من ربك ۖ والسلـٰم علىٰ من اتبع الهدىٰ,Tafsir text placeholder for verse 20:47
20:48,انا قد اوحى الينا ان العذاب علىٰ من كذب وتولىٰ,Tafsir text placeholder for verse 20:48
20:49,قال فمن ربكما يـٰموسىٰ,Tafsir text placeholder for verse 20:49
20:50,قال ربنا الذى اعطىٰ كل شىء خلقه ثم هدىٰ,Tafsir text placeholder for verse 20:50
20:51,قال فما بال القرون الاولىٰ,Tafsir text placeholder for verse 20:51
20:52,قال علمها عند ربى فى كتـٰب ۖ لا يضل ربى ولا ينسى,Tafsir text placeholder for verse 20:52
20:53,الذى جعل لكم الارض مهدا وسلك لكم فيها سبلا وانزل من السماء ماء فاخرجنا به ازوٰجا من نبات شتىٰ,Tafsir text placeholder for verse 20:53
20:54,كلوا وارعوا انعـٰمكم ۗ ان فى ذٰلك لـٔايـٰت لاولى النهىٰ,Tafsir text placeholder for verse 20:54
20:55,منها خلقنـٰكم وفيها نعيدكم ومنها نخرجكم تارة اخرىٰ,Tafsir text placeholder for verse 20:55
20:56,ولقد ارينـٰه ءايـٰتنا كلها فكذب وابىٰ,Tafsir text placeholder for verse 20:56
20:57,قال اجئتنا لتخرجنا من ارضنا بسحرك يـٰموسىٰ,Tafsir text placeholder for verse 20:57
20:58,فلناتينك بسحر مثله فاجعل بيننا وبينك موعدا لا نخلفه نحن ولا انت مكانا سوى,Tafsir text placeholder for verse 20:58
20:59,قال موعدكم يوم الزينة وان يحشر الناس ضحى,Tafsir text placeholder for verse 20:59
20:60,فتولىٰ فرعون فجمع كيده ثم اتىٰ,Tafsir text placeholder for verse 20:60
20:61,قال لهم موسىٰ ويلكم لا تفتروا على الله كذبا فيسحتكم بعذاب ۖ وقد خاب من افترىٰ,Tafsir text placeholder for verse 20:61
20:62,فتنـٰزعوا امرهم بينهم واسروا النجوىٰ,Tafsir text placeholder for verse 20:62
20:63,قالوا ان هـٰذٰن لسـٰحرٰن يريدان ان يخرجاكم من ارضكم بسحرهما ويذهبا بطريقتكم المثلىٰ,Tafsir text placeholder for verse 20:63
20:64,فاجمعوا كيدكم ثم ائتوا صفا ۚ وقد افلح اليوم من استعلىٰ,Tafsir text placeholder for verse 20:64
20:65,قالوا يـٰموسىٰ اما ان تلقى واما ان نكون اول من القىٰ,Tafsir text placeholder for verse 20:65
20:66,قال بل القوا ۖ فاذا حبالهم وعصيهم يخيل اليه من سحرهم انها تسعىٰ,Tafsir text placeholder for verse 20:66
20:67,فاوجس فى نفسه خيفة موسىٰ,Tafsir text placeholder for verse 20:67
20:68,قلنا لا تخف انك انت الاعلىٰ,Tafsir text placeholder for verse 20:68
20:69,والق ما فى يمينك تلقف ما صنعوا ۖ انما صنعوا كيد سـٰحر ۖ ولا يفلح الساحر حيث اتىٰ,Tafsir text placeholder for verse 20:69
20:70,فالقى السحرة سجدا قالوا ءامنا برب هـٰرون وموسىٰ,Tafsir text placeholder for verse 20:70
20:71,قال ءامنتم له قبل ان ءاذن لكم ۖ انه لكبيركم الذى علمكم السحر ۖ فلاقطعن ايديكم وارجلكم من خلـٰف ولاصلبنكم فى جذوع النخل ولتعلمن اينا اشد عذابا وابقىٰ,Tafsir text placeholder for verse 20:71
20:72,قالوا لن نؤثرك علىٰ ما جاءنا من البينـٰت والذى فطرنا ۖ فاقض ما انت قاض ۖ انما تقضى هـٰذه الحيوٰة الدنيا,Tafsir text placeholder for verse 20:72
20:73,انا ءامنا بربنا ليغفر لنا خطـٰيـٰنا وما اكرهتنا عليه من السحر ۗ والله خير وابقىٰ,Tafsir text placeholder for verse 20:73
20:74,انه من يات ربه مجرما فان له جهنم لا يموت فيها ولا يحيىٰ,Tafsir text placeholder for verse 20:74
20:75,ومن ياته مؤمنا قد عمل الصـٰلحـٰت فاولـٰئك لهم الدرجـٰت العلىٰ,Tafsir text placeholder for verse 20:75
20:76,جنـٰت عدن تجرى من تحتها الانهـٰر خـٰلدين فيها ۚ وذٰلك جزاء من تزكىٰ,Tafsir text placeholder for verse 20:76
20:77,ولقد اوحينا الىٰ موسىٰ ان اسر بعبادى فاضرب لهم طريقا فى البحر يبسا لا تخـٰف دركا ولا تخشىٰ,Tafsir text placeholder for verse 20:77
20:78,فاتبعهم فرعون بجنوده فغشيهم من اليم ما غشيهم,Tafsir text placeholder for verse 20:78
20:79,واضل فرعون قومه وما هدىٰ,Tafsir text placeholder for verse 20:79
20:80,يـٰبنى اسرٰءيل قد انجينـٰكم من عدوكم ووٰعدنـٰكم جانب الطور الايمن ونزلنا عليكم المن والسلوىٰ,Tafsir text placeholder for verse 20:80
20:81,كلوا من طيبـٰت ما رزقنـٰكم ولا تطغوا فيه فيحل عليكم غضبى ۖ ومن يحلل عليه غضبى فقد هوىٰ,Tafsir text placeholder for verse 20:81
20:82,وانى لغفار لمن تاب وءامن وعمل صـٰلحا ثم اهتدىٰ,Tafsir text placeholder for verse 20:82
20:83,وما اعجلك عن قومك يـٰموسىٰ,Tafsir text placeholder for verse 20:83
20:84,قال هم اولاء علىٰ اثرى وعجلت اليك رب لترضىٰ,Tafsir text placeholder for verse 20:84
20:85,قال فانا قد فتنا قومك من بعدك واضلهم السامرى,Tafsir text placeholder for verse 20:85
20:86,فرجع موسىٰ الىٰ قومه غضبـٰن اسفا ۚ قال يـٰقوم الم يعدكم ربكم وعدا حسنا ۚ افطال عليكم العهد ام اردتم ان يحل عليكم غضب من ربكم فاخلفتم موعدى,Tafsir text placeholder for verse 20:86
20:87,قالوا ما اخلفنا موعدك بملكنا ولـٰكنا حملنا اوزارا من زينة القوم فقذفنـٰها فكذٰلك القى السامرى,Tafsir text placeholder for verse 20:87
20:88,فاخرج لهم عجلا جسدا له خوار فقالوا هـٰذا الـٰهكم والـٰه موسىٰ فنسى,Tafsir text placeholder for verse 20:88
20:89,افلا يرون الا يرجع اليهم قولا ولا يملك لهم ضرا ولا نفعا,Tafsir text placeholder for verse 20:89
20:90,ولقد قال لهم هـٰرون من قبل يـٰقوم انما فتنتم به ۖ وان ربكم الرحمـٰن فاتبعونى واطيعوا امرى,Tafsir text placeholder for verse 20:90
20:91,قالوا لن نبرح عليه عـٰكفين حتىٰ يرجع الينا موسىٰ,Tafsir text placeholder for verse 20:91
20:92,قال يـٰهـٰرون ما منعك اذ رايتهم ضلوا,Tafsir text placeholder for verse 20:92
20:93,الا تتبعن ۖ افعصيت امرى,Tafsir text placeholder for verse 20:93
20:94,قال يبنؤم لا تاخذ بلحيتى ولا براسى ۖ انى خشيت ان تقول فرقت بين بنى اسرٰءيل ولم ترقب قولى,Tafsir text placeholder for verse 20:94
20:95,قال فما خطبك يـٰسـٰمرى,Tafsir text placeholder for verse 20:95
20:96,قال بصرت بما لم يبصروا به فقبضت قبضة من اثر الرسول فنبذتها وكذٰلك سولت لى نفسى,Tafsir text placeholder for verse 20:96
20:97,قال فاذهب فان لك فى الحيوٰة ان تقول لا مساس ۖ وان لك موعدا لن تخلفه ۖ وانظر الىٰ الـٰهك الذى ظلت عليه عاكفا ۖ لنحرقنه ثم لننسفنه فى اليم نسفا,Tafsir text placeholder for verse 20:97
20:98,انما الـٰهكم الله الذى لا الـٰه الا هو ۚ وسع كل شىء علما,Tafsir text placeholder for verse 20:98
20:99,كذٰلك نقص عليك من انباء ما قد سبق ۚ وقد ءاتينـٰك من لدنا ذكرا,Tafsir text placeholder for verse 20:99
20:100,من اعرض عنه فانه يحمل يوم القيـٰمة وزرا,Tafsir text placeholder for verse 20:100
20:101,خـٰلدين فيه ۖ وساء لهم يوم القيـٰمة حملا,Tafsir text placeholder for verse 20:101
20:102,يوم ينفخ فى الصور ۚ ونحشر المجرمين يومئذ زرقا,Tafsir text placeholder for verse 20:102
20:103,يتخـٰفتون بينهم ان لبثتم الا عشرا,Tafsir text placeholder for verse 20:103
20:104,نحن اعلم بما يقولون اذ يقول امثلهم طريقة ان لبثتم الا يوما,Tafsir text placeholder for verse 20:104
20:105,ويسـٔلونك عن الجبال فقل ينسفها ربى نسفا,Tafsir text placeholder for verse 20:105
20:106,فيذرها قاعا صفصفا,Tafsir text placeholder for verse 20:106
20:107,لا ترىٰ فيها عوجا ولا امتا,Tafsir text placeholder for verse 20:107
20:108,يومئذ يتبعون الداعى لا عوج له ۖ وخشعت الاصوات للرحمـٰن فلا تسمع الا همسا,Tafsir text placeholder for verse 20:108
20:109,يومئذ لا تنفع الشفـٰعة الا من اذن له الرحمـٰن ورضى له قولا,Tafsir text placeholder for verse 20:109
20:110,يعلم ما بين ايديهم وما خلفهم ولا يحيطون به علما,Tafsir text placeholder for verse 20:110
20:111,وعنت الوجوه للحى القيوم ۖ وقد خاب من حمل ظلما,Tafsir text placeholder for verse 20:111
20:112,ومن يعمل من الصـٰلحـٰت وهو مؤمن فلا يخاف ظلما ولا هضما,Tafsir text placeholder for verse 20:112
20:113,وكذٰلك انزلنـٰه قرءانا عربيا وصرفنا فيه من الوعيد لعلهم يتقون او يحدث لهم ذكرا,Tafsir text placeholder for verse 20:113
20:114,فتعـٰلى الله الملك الحق ۗ ولا تعجل بالقرءان من قبل ان يقضىٰ اليك وحيه ۖ وقل رب زدنى علما,Tafsir text placeholder for verse 20:114
20:115,ولقد عهدنا الىٰ ءادم من قبل فنسى ولم نجد له عزما,Tafsir text placeholder for verse 20:115
20:116,واذ قلنا للملـٰئكة اسجدوا لـٔادم فسجدوا الا ابليس ابىٰ,Tafsir text placeholder for verse 20:116
20:117,فقلنا يـٰـٔادم ان هـٰذا عدو لك ولزوجك فلا يخرجنكما من الجنة فتشقىٰ,Tafsir text placeholder for verse 20:117
20:118,ان لك الا تجوع فيها ولا تعرىٰ,Tafsir text placeholder for verse 20:118
20:119,وانك لا تظمؤا۟ فيها ولا تضحىٰ,Tafsir text placeholder for verse 20:119
20:120,فوسوس اليه الشيطـٰن قال يـٰـٔادم هل ادلك علىٰ شجرة الخلد وملك لا يبلىٰ,Tafsir text placeholder for verse 20:120
20:121,فاكلا منها فبدت لهما سوءٰتهما وطفقا يخصفان عليهما من ورق الجنة ۚ وعصىٰ ءادم ربه فغوىٰ,Tafsir text placeholder for verse 20:121
20:122,ثم اجتبـٰه ربه فتاب عليه وهدىٰ,Tafsir text placeholder for verse 20:122
20:123,قال اهبطا منها جميعا ۖ بعضكم لبعض عدو ۖ فاما ياتينكم منى هدى فمن اتبع هداى فلا يضل ولا يشقىٰ,Tafsir text placeholder for verse 20:123
20:124,ومن اعرض عن ذكرى فان له معيشة ضنكا ونحشره يوم القيـٰمة اعمىٰ,Tafsir text placeholder for verse 20:124
20:125,قال رب لم حشرتنى اعمىٰ وقد كنت بصيرا,Tafsir text placeholder for verse 20:125
20:126,قال كذٰلك اتتك ءايـٰتنا فنسيتها ۖ وكذٰلك اليوم تنسىٰ,Tafsir text placeholder for verse 20:126
20:127,وكذٰلك نجزى من اسرف ولم يؤمن بـٔايـٰت ربه ۚ ولعذاب الـٔاخرة اشد وابقىٰ,Tafsir text placeholder for verse 20:127
20:128,افلم يهد لهم كم اهلكنا قبلهم من القرون يمشون فى مسـٰكنهم ۗ ان فى ذٰلك لـٔايـٰت لاولى النهىٰ,Tafsir text placeholder for verse 20:128
20:129,ولولا كلمة سبقت من ربك لكان لزاما واجل مسمى,Tafsir text placeholder for verse 20:129
20:130,فاصبر علىٰ ما يقولون وسبح بحمد ربك قبل طلوع الشمس وقبل غروبها ۖ ومن ءانائ اليل فسبح واطراف النهار لعلك ترضىٰ,Tafsir text placeholder for verse 20:130
20:131,ولا تمدن عينيك الىٰ ما متعنا به ازوٰجا منهم زهرة الحيوٰة الدنيا لنفتنهم فيه ۚ ورزق ربك خير وابقىٰ,Tafsir text placeholder for verse 20:131
20:132,وامر اهلك بالصلوٰة واصطبر عليها ۖ لا نسـٔلك رزقا ۖ نحن نرزقك ۗ والعـٰقبة للتقوىٰ,Tafsir text placeholder for verse 20:132
20:133,وقالوا لولا ياتينا بـٔاية من ربه ۚ اولم تاتهم بينة ما فى الصحف الاولىٰ,Tafsir text placeholder for verse 20:133
20:134,ولو انا اهلكنـٰهم بعذاب من قبله لقالوا ربنا لولا ارسلت الينا رسولا فنتبع ءايـٰتك من قبل ان نذل ونخزىٰ,Tafsir text placeholder for verse 20:134
20:135,قل كل متربص فتربصوا ۖ فستعلمون من اصحـٰب الصرٰط السوى ومن اهتدىٰ,Tafsir text placeholder for verse 20:135
21:1,اقترب للناس حسابهم وهم فى غفلة معرضون,Tafsir text placeholder for verse 21:1
21:2,ما ياتيهم من ذكر من ربهم محدث الا استمعوه وهم يلعبون,Tafsir text placeholder for verse 21:2
21:3,لاهية قلوبهم ۗ واسروا النجوى الذين ظلموا هل هـٰذا الا بشر مثلكم ۖ افتاتون السحر وانتم تبصرون,Tafsir text placeholder for verse 21:3
21:4,قال ربى يعلم القول فى السماء والارض ۖ وهو السميع العليم,Tafsir text placeholder for verse 21:4
21:5,بل قالوا اضغـٰث احلـٰم بل افترىٰه بل هو شاعر فلياتنا بـٔاية كما ارسل الاولون,Tafsir text placeholder for verse 21:5
21:6,ما ءامنت قبلهم من قرية اهلكنـٰها ۖ افهم يؤمنون,Tafsir text placeholder for verse 21:6
21:7,وما ارسلنا قبلك الا رجالا نوحى اليهم ۖ فسـٔلوا اهل الذكر ان كنتم لا تعلمون,Tafsir text placeholder for verse 21:7
21:8,وما جعلنـٰهم جسدا لا ياكلون الطعام وما كانوا خـٰلدين,Tafsir text placeholder for verse 21:8
21:9,ثم صدقنـٰهم الوعد فانجينـٰهم ومن نشاء واهلكنا المسرفين,Tafsir text placeholder for verse 21:9
21:10,لقد انزلنا اليكم كتـٰبا فيه ذكركم ۖ افلا تعقلون,Tafsir text placeholder for verse 21:10
21:11,وكم قصمنا من قرية كانت ظالمة وانشانا بعدها قوما ءاخرين,Tafsir text placeholder for verse 21:11
21:12,فلما احسوا باسنا اذا هم منها يركضون,Tafsir text placeholder for verse 21:12
21:13,لا تركضوا وارجعوا الىٰ ما اترفتم فيه ومسـٰكنكم لعلكم تسـٔلون,Tafsir text placeholder for verse 21:13
21:14,قالوا يـٰويلنا انا كنا ظـٰلمين,Tafsir text placeholder for verse 21:14
21:15,فما زالت تلك دعوىٰهم حتىٰ جعلنـٰهم حصيدا خـٰمدين,Tafsir text placeholder for verse 21:15
21:16,وما خلقنا السماء والارض وما بينهما لـٰعبين,Tafsir text placeholder for verse 21:16
21:17,لو اردنا ان نتخذ لهوا لاتخذنـٰه من لدنا ان كنا فـٰعلين,Tafsir text placeholder for verse 21:17
21:18,بل نقذف بالحق على البـٰطل فيدمغه فاذا هو زاهق ۚ ولكم الويل مما تصفون,Tafsir text placeholder for verse 21:18
21:19,وله من فى السمـٰوٰت والارض ۚ ومن عنده لا يستكبرون عن عبادته ولا يستحسرون,Tafsir text placeholder for verse 21:19
21:20,يسبحون اليل والنهار لا يفترون,Tafsir text placeholder for verse 21:20
21:21,ام اتخذوا ءالهة من الارض هم ينشرون,Tafsir text placeholder for verse 21:21
21:22,لو كان فيهما ءالهة الا الله لفسدتا ۚ فسبحـٰن الله رب العرش عما يصفون,Tafsir text placeholder for verse 21:22
21:23,لا يسـٔل عما يفعل وهم يسـٔلون,Tafsir text placeholder for verse 21:23
21:24,ام اتخذوا من دونه ءالهة ۖ قل هاتوا برهـٰنكم ۖ هـٰذا ذكر من معى وذكر من قبلى ۗ بل اكثرهم لا يعلمون الحق ۖ فهم معرضون,Tafsir text placeholder for verse 21:24
21:25,وما ارسلنا من قبلك من رسول الا نوحى اليه انه لا الـٰه الا انا۠ فاعبدون,Tafsir text placeholder for verse 21:25
21:26,وقالوا اتخذ الرحمـٰن ولدا ۗ سبحـٰنه ۚ بل عباد مكرمون,Tafsir text placeholder for verse 21:26
21:27,لا يسبقونه بالقول وهم بامره يعملون,Tafsir text placeholder for verse 21:27
21:28,يعلم ما بين ايديهم وما خلفهم ولا يشفعون الا لمن ارتضىٰ وهم من خشيته مشفقون,Tafsir text placeholder for verse 21:28
21:29,ومن يقل منهم انى الـٰه من دونه فذٰلك نجزيه جهنم ۚ كذٰلك نجزى الظـٰلمين,Tafsir text placeholder for verse 21:29
21:30,اولم ير الذين كفروا ان السمـٰوٰت والارض كانتا رتقا ففتقنـٰهما ۖ وجعلنا من الماء كل شىء حى ۖ افلا يؤمنون,Tafsir text placeholder for verse 21:30
21:31,وجعلنا فى الارض روٰسى ان تميد بهم وجعلنا فيها فجاجا سبلا لعلهم يهتدون,Tafsir text placeholder for verse 21:31
21:32,وجعلنا السماء سقفا محفوظا ۖ وهم عن ءايـٰتها معرضون,Tafsir text placeholder for verse 21:32
21:33,وهو الذى خلق اليل والنهار والشمس والقمر ۖ كل فى فلك يسبحون,Tafsir text placeholder for verse 21:33
21:34,وما جعلنا لبشر من قبلك الخلد ۖ افاي۟ن مت فهم الخـٰلدون,Tafsir text placeholder for verse 21:34
21:35,كل نفس ذائقة الموت ۗ ونبلوكم بالشر والخير فتنة ۖ والينا ترجعون,Tafsir text placeholder for verse 21:35
21:36,واذا رءاك الذين كفروا ان يتخذونك الا هزوا اهـٰذا الذى يذكر ءالهتكم وهم بذكر الرحمـٰن هم كـٰفرون,Tafsir text placeholder for verse 21:36
21:37,خلق الانسـٰن من عجل ۚ ساو۟ريكم ءايـٰتى فلا تستعجلون,Tafsir text placeholder for verse 21:37
21:38,ويقولون متىٰ هـٰذا الوعد ان كنتم صـٰدقين,Tafsir text placeholder for verse 21:38
21:39,لو يعلم الذين كفروا حين لا يكفون عن وجوههم النار ولا عن ظهورهم ولا هم ينصرون,Tafsir text placeholder for verse 21:39
21:40,بل تاتيهم بغتة فتبهتهم فلا يستطيعون ردها ولا هم ينظرون,Tafsir text placeholder for verse 21:40
21:41,ولقد استهزئ برسل من قبلك فحاق بالذين سخروا منهم ما كانوا به يستهزءون,Tafsir text placeholder for verse 21:41
21:42,قل من يكلؤكم باليل والنهار من الرحمـٰن ۗ بل هم عن ذكر ربهم معرضون,Tafsir text placeholder for verse 21:42
21:43,ام لهم ءالهة تمنعهم من دوننا ۚ لا يستطيعون نصر انفسهم ولا هم منا يصحبون,Tafsir text placeholder for verse 21:43
21:44,بل متعنا هـٰؤلاء وءاباءهم حتىٰ طال عليهم العمر ۗ افلا يرون انا ناتى الارض ننقصها من اطرافها ۚ افهم الغـٰلبون,Tafsir text placeholder for verse 21:44
21:45,قل انما انذركم بالوحى ۚ ولا يسمع الصم الدعاء اذا ما ينذرون,Tafsir text placeholder for verse 21:45
21:46,ولئن مستهم نفحة من عذاب ربك ليقولن يـٰويلنا انا كنا ظـٰلمين,Tafsir text placeholder for verse 21:46
21:47,ونضع الموٰزين القسط ليوم القيـٰمة فلا تظلم نفس شيـٔا ۖ وان كان مثقال حبة من خردل اتينا بها ۗ وكفىٰ بنا حـٰسبين,Tafsir text placeholder for verse 21:47
21:48,ولقد ءاتينا موسىٰ وهـٰرون الفرقان وضياء وذكرا للمتقين,Tafsir text placeholder for verse 21:48
21:49,الذين يخشون ربهم بالغيب وهم من الساعة مشفقون,Tafsir text placeholder for verse 21:49
21:50,وهـٰذا ذكر مبارك انزلنـٰه ۚ افانتم له منكرون,Tafsir text placeholder for verse 21:50
21:51,ولقد ءاتينا ابرٰهيم رشده من قبل وكنا به عـٰلمين,Tafsir text placeholder for verse 21:51
21:52,اذ قال لابيه وقومه ما هـٰذه التماثيل التى انتم لها عـٰكفون,Tafsir text placeholder for verse 21:52
21:53,قالوا وجدنا ءاباءنا لها عـٰبدين,Tafsir text placeholder for verse 21:53
21:54,قال لقد كنتم انتم وءاباؤكم فى ضلـٰل مبين,Tafsir text placeholder for verse 21:54
21:55,قالوا اجئتنا بالحق ام انت من اللـٰعبين,Tafsir text placeholder for verse 21:55
21:56,قال بل ربكم رب السمـٰوٰت والارض الذى فطرهن وانا۠ علىٰ ذٰلكم من الشـٰهدين,Tafsir text placeholder for verse 21:56
21:57,وتالله لاكيدن اصنـٰمكم بعد ان تولوا مدبرين,Tafsir text placeholder for verse 21:57
21:58,فجعلهم جذٰذا الا كبيرا لهم لعلهم اليه يرجعون,Tafsir text placeholder for verse 21:58
21:59,قالوا من فعل هـٰذا بـٔالهتنا انه لمن الظـٰلمين,Tafsir text placeholder for verse 21:59
21:60,قالوا سمعنا فتى يذكرهم يقال له ابرٰهيم,Tafsir text placeholder for verse 21:60
21:61,قالوا فاتوا به علىٰ اعين الناس لعلهم يشهدون,Tafsir text placeholder for verse 21:61
21:62,قالوا ءانت فعلت هـٰذا بـٔالهتنا يـٰابرٰهيم,Tafsir text placeholder for verse 21:62
21:63,قال بل فعله كبيرهم هـٰذا فسـٔلوهم ان كانوا ينطقون,Tafsir text placeholder for verse 21:63
21:64,فرجعوا الىٰ انفسهم فقالوا انكم انتم الظـٰلمون,Tafsir text placeholder for verse 21:64
21:65,ثم نكسوا علىٰ رءوسهم لقد علمت ما هـٰؤلاء ينطقون,Tafsir text placeholder for verse 21:65
21:66,قال افتعبدون من دون الله ما لا ينفعكم شيـٔا ولا يضركم,Tafsir text placeholder for verse 21:66
21:67,اف لكم ولما تعبدون من دون الله ۖ افلا تعقلون,Tafsir text placeholder for verse 21:67
21:68,قالوا حرقوه وانصروا ءالهتكم ان كنتم فـٰعلين,Tafsir text placeholder for verse 21:68
21:69,قلنا يـٰنار كونى بردا وسلـٰما علىٰ ابرٰهيم,Tafsir text placeholder for verse 21:69
21:70,وارادوا به كيدا فجعلنـٰهم الاخسرين,Tafsir text placeholder for verse 21:70
21:71,ونجينـٰه ولوطا الى الارض التى بـٰركنا فيها للعـٰلمين,Tafsir text placeholder for verse 21:71
21:72,ووهبنا له اسحـٰق ويعقوب نافلة ۖ وكلا جعلنا صـٰلحين,Tafsir text placeholder for verse 21:72
21:73,وجعلنـٰهم ائمة يهدون بامرنا واوحينا اليهم فعل الخيرٰت واقام الصلوٰة وايتاء الزكوٰة ۖ وكانوا لنا عـٰبدين,Tafsir text placeholder for verse 21:73
21:74,ولوطا ءاتينـٰه حكما وعلما ونجينـٰه من القرية التى كانت تعمل الخبـٰئث ۗ انهم كانوا قوم سوء فـٰسقين,Tafsir text placeholder for verse 21:74
21:75,وادخلنـٰه فى رحمتنا ۖ انه من الصـٰلحين,Tafsir text placeholder for verse 21:75
21:76,ونوحا اذ نادىٰ من قبل فاستجبنا له فنجينـٰه واهله من الكرب العظيم,Tafsir text placeholder for verse 21:76
21:77,ونصرنـٰه من القوم الذين كذبوا بـٔايـٰتنا ۚ انهم كانوا قوم سوء فاغرقنـٰهم اجمعين,Tafsir text placeholder for verse 21:77
21:78,وداوۥد وسليمـٰن اذ يحكمان فى الحرث اذ نفشت فيه غنم القوم وكنا لحكمهم شـٰهدين,Tafsir text placeholder for verse 21:78
21:79,ففهمنـٰها سليمـٰن ۚ وكلا ءاتينا حكما وعلما ۚ وسخرنا مع داوۥد الجبال يسبحن والطير ۚ وكنا فـٰعلين,Tafsir text placeholder for verse 21:79
21:80,وعلمنـٰه صنعة لبوس لكم لتحصنكم من باسكم ۖ فهل انتم شـٰكرون,Tafsir text placeholder for verse 21:80
21:81,ولسليمـٰن الريح عاصفة تجرى بامره الى الارض التى بـٰركنا فيها ۚ وكنا بكل شىء عـٰلمين,Tafsir text placeholder for verse 21:81
21:82,ومن الشيـٰطين من يغوصون له ويعملون عملا دون ذٰلك ۖ وكنا لهم حـٰفظين,Tafsir text placeholder for verse 21:82
21:83,وايوب اذ نادىٰ ربه انى مسنى الضر وانت ارحم الرٰحمين,Tafsir text placeholder for verse 21:83
21:84,فاستجبنا له فكشفنا ما به من ضر ۖ وءاتينـٰه اهله ومثلهم معهم رحمة من عندنا وذكرىٰ للعـٰبدين,Tafsir text placeholder for verse 21:84
21:85,واسمـٰعيل وادريس وذا الكفل ۖ كل من الصـٰبرين,Tafsir text placeholder for verse 21:85
21:86,وادخلنـٰهم فى رحمتنا ۖ انهم من الصـٰلحين,Tafsir text placeholder for verse 21:86
21:87,وذا النون اذ ذهب مغـٰضبا فظن ان لن نقدر عليه فنادىٰ فى الظلمـٰت ان لا الـٰه الا انت سبحـٰنك انى كنت من الظـٰلمين,Tafsir text placeholder for verse 21:87
21:88,فاستجبنا له ونجينـٰه من الغم ۚ وكذٰلك نـۨجى المؤمنين,Tafsir text placeholder for verse 21:88
21:89,وزكريا اذ نادىٰ ربه رب لا تذرنى فردا وانت خير الوٰرثين,Tafsir text placeholder for verse 21:89
21:90,فاستجبنا له ووهبنا له يحيىٰ واصلحنا له زوجه ۚ انهم كانوا يسـٰرعون فى الخيرٰت ويدعوننا رغبا ورهبا ۖ وكانوا لنا خـٰشعين,Tafsir text placeholder for verse 21:90
21:91,والتى احصنت فرجها فنفخنا فيها من روحنا وجعلنـٰها وابنها ءاية للعـٰلمين,Tafsir text placeholder for verse 21:91
21:92,ان هـٰذه امتكم امة وٰحدة وانا۠ ربكم فاعبدون,Tafsir text placeholder for verse 21:92
21:93,وتقطعوا امرهم بينهم ۖ كل الينا رٰجعون,Tafsir text placeholder for verse 21:93
21:94,فمن يعمل من الصـٰلحـٰت وهو مؤمن فلا كفران لسعيه وانا له كـٰتبون,Tafsir text placeholder for verse 21:94
21:95,وحرٰم علىٰ قرية اهلكنـٰها انهم لا يرجعون,Tafsir text placeholder for verse 21:95
21:96,حتىٰ اذا فتحت ياجوج وماجوج وهم من كل حدب ينسلون,Tafsir text placeholder for verse 21:96
21:97,واقترب الوعد الحق فاذا هى شـٰخصة ابصـٰر الذين كفروا يـٰويلنا قد كنا فى غفلة من هـٰذا بل كنا ظـٰلمين,Tafsir text placeholder for verse 21:97
21:98,انكم وما تعبدون من دون الله حصب جهنم انتم لها وٰردون,Tafsir text placeholder for verse 21:98
21:99,لو كان هـٰؤلاء ءالهة ما وردوها ۖ وكل فيها خـٰلدون,Tafsir text placeholder for verse 21:99
21:100,لهم فيها زفير وهم فيها لا يسمعون,Tafsir text placeholder for verse 21:100
21:101,ان الذين سبقت لهم منا الحسنىٰ اولـٰئك عنها مبعدون,Tafsir text placeholder for verse 21:101
21:102,لا يسمعون حسيسها ۖ وهم فى ما اشتهت انفسهم خـٰلدون,Tafsir text placeholder for verse 21:102
21:103,لا يحزنهم الفزع الاكبر وتتلقىٰهم الملـٰئكة هـٰذا يومكم الذى كنتم توعدون,Tafsir text placeholder for verse 21:103
21:104,يوم نطوى السماء كطى السجل للكتب ۚ كما بدانا اول خلق نعيده ۚ وعدا علينا ۚ انا كنا فـٰعلين,Tafsir text placeholder for verse 21:104
21:105,ولقد كتبنا فى الزبور من بعد الذكر ان الارض يرثها عبادى الصـٰلحون,Tafsir text placeholder for verse 21:105
21:106,ان فى هـٰذا لبلـٰغا لقوم عـٰبدين,Tafsir text placeholder for verse 21:106
21:107,وما ارسلنـٰك الا رحمة للعـٰلمين,Tafsir text placeholder for verse 21:107
21:108,قل انما يوحىٰ الى انما الـٰهكم الـٰه وٰحد ۖ فهل انتم مسلمون,Tafsir text placeholder for verse 21:108
21:109,فان تولوا فقل ءاذنتكم علىٰ سواء ۖ وان ادرى اقريب ام بعيد ما توعدون,Tafsir text placeholder for verse 21:109
21:110,انه يعلم الجهر من القول ويعلم ما تكتمون,Tafsir text placeholder for verse 21:110
21:111,وان ادرى لعله فتنة لكم ومتـٰع الىٰ حين,Tafsir text placeholder for verse 21:111
21:112,قـٰل رب احكم بالحق ۗ وربنا الرحمـٰن المستعان علىٰ ما تصفون,Tafsir text placeholder for verse 21:112
22:1,يـٰايها الناس اتقوا ربكم ۚ ان زلزلة الساعة شىء عظيم,Tafsir text placeholder for verse 22:1
22:2,يوم ترونها تذهل كل مرضعة عما ارضعت وتضع كل ذات حمل حملها وترى الناس سكـٰرىٰ وما هم بسكـٰرىٰ ولـٰكن عذاب الله شديد,Tafsir text placeholder for verse 22:2
22:3,ومن الناس من يجـٰدل فى الله بغير علم ويتبع كل شيطـٰن مريد,Tafsir text placeholder for verse 22:3
22:4,كتب عليه انه من تولاه فانه يضله ويهديه الىٰ عذاب السعير,Tafsir text placeholder for verse 22:4
22:5,يـٰايها الناس ان كنتم فى ريب من البعث فانا خلقنـٰكم من تراب ثم من نطفة ثم من علقة ثم من مضغة مخلقة وغير مخلقة لنبين لكم ۚ ونقر فى الارحام ما نشاء الىٰ اجل مسمى ثم نخرجكم طفلا ثم لتبلغوا اشدكم ۖ ومنكم من يتوفىٰ ومنكم من يرد الىٰ ارذل العمر لكيلا يعلم من بعد علم شيـٔا ۚ وترى الارض هامدة فاذا انزلنا عليها الماء اهتزت وربت وانبتت من كل زوج بهيج,Tafsir text placeholder for verse 22:5
22:6,ذٰلك بان الله هو الحق وانه يحى الموتىٰ وانه علىٰ كل شىء قدير,Tafsir text placeholder for verse 22:6
22:7,وان الساعة ءاتية لا ريب فيها وان الله يبعث من فى القبور,Tafsir text placeholder for verse 22:7
22:8,ومن الناس من يجـٰدل فى الله بغير علم ولا هدى ولا كتـٰب منير,Tafsir text placeholder for verse 22:8
22:9,ثانى عطفه ليضل عن سبيل الله ۖ له فى الدنيا خزى ۖ ونذيقه يوم القيـٰمة عذاب الحريق,Tafsir text placeholder for verse 22:9
22:10,ذٰلك بما قدمت يداك وان الله ليس بظلـٰم للعبيد,Tafsir text placeholder for verse 22:10
22:11,ومن الناس من يعبد الله علىٰ حرف ۖ فان اصابه خير اطمان به ۖ وان اصابته فتنة انقلب علىٰ وجهه خسر الدنيا والـٔاخرة ۚ ذٰلك هو الخسران المبين,Tafsir text placeholder for verse 22:11
22:12,يدعوا من دون الله ما لا يضره وما لا ينفعه ۚ ذٰلك هو الضلـٰل البعيد,Tafsir text placeholder for verse 22:12
22:13,يدعوا لمن ضره اقرب من نفعه ۚ لبئس المولىٰ ولبئس العشير,Tafsir text placeholder for verse 22:13
22:14,ان الله يدخل الذين ءامنوا وعملوا الصـٰلحـٰت جنـٰت تجرى من تحتها الانهـٰر ۚ ان الله يفعل ما يريد,Tafsir text placeholder for verse 22:14
22:15,من كان يظن ان لن ينصره الله فى الدنيا والـٔاخرة فليمدد بسبب الى السماء ثم ليقطع فلينظر هل يذهبن كيده ما يغيظ,Tafsir text placeholder for verse 22:15
22:16,وكذٰلك انزلنـٰه ءايـٰت بينـٰت وان الله يهدى من يريد,Tafsir text placeholder for verse 22:16
22:17,ان الذين ءامنوا والذين هادوا والصـٰبـٔين والنصـٰرىٰ والمجوس والذين اشركوا ان الله يفصل بينهم يوم القيـٰمة ۚ ان الله علىٰ كل شىء شهيد,Tafsir text placeholder for verse 22:17
22:18,الم تر ان الله يسجد له من فى السمـٰوٰت ومن فى الارض والشمس والقمر والنجوم والجبال والشجر والدواب وكثير من الناس ۖ وكثير حق عليه العذاب ۗ ومن يهن الله فما له من مكرم ۚ ان الله يفعل ما يشاء ۩,Tafsir text placeholder for verse 22:18
22:19,هـٰذان خصمان اختصموا فى ربهم ۖ فالذين كفروا قطعت لهم ثياب من نار يصب من فوق رءوسهم الحميم,Tafsir text placeholder for verse 22:19
22:20,يصهر به ما فى بطونهم والجلود,Tafsir text placeholder for verse 22:20
22:21,ولهم مقـٰمع من حديد,Tafsir text placeholder for verse 22:21
22:22,كلما ارادوا ان يخرجوا منها من غم اعيدوا فيها وذوقوا عذاب الحريق,Tafsir text placeholder for verse 22:22
22:23,ان الله يدخل الذين ءامنوا وعملوا الصـٰلحـٰت جنـٰت تجرى من تحتها الانهـٰر يحلون فيها من اساور من ذهب ولؤلؤا ۖ ولباسهم فيها حرير,Tafsir text placeholder for verse 22:23
22:24,وهدوا الى الطيب من القول وهدوا الىٰ صرٰط الحميد,Tafsir text placeholder for verse 22:24
22:25,ان الذين كفروا ويصدون عن سبيل الله والمسجد الحرام الذى جعلنـٰه للناس سواء العـٰكف فيه والباد ۚ ومن يرد فيه بالحاد بظلم نذقه من عذاب اليم,Tafsir text placeholder for verse 22:25
22:26,واذ بوانا لابرٰهيم مكان البيت ان لا تشرك بى شيـٔا وطهر بيتى للطائفين والقائمين والركع السجود,Tafsir text placeholder for verse 22:26
22:27,واذن فى الناس بالحج ياتوك رجالا وعلىٰ كل ضامر ياتين من كل فج عميق,Tafsir text placeholder for verse 22:27
22:28,ليشهدوا منـٰفع لهم ويذكروا اسم الله فى ايام معلومـٰت علىٰ ما رزقهم من بهيمة الانعـٰم ۖ فكلوا منها واطعموا البائس الفقير,Tafsir text placeholder for verse 22:28
22:29,ثم ليقضوا تفثهم وليوفوا نذورهم وليطوفوا بالبيت العتيق,Tafsir text placeholder for verse 22:29
22:30,ذٰلك ومن يعظم حرمـٰت الله فهو خير له عند ربه ۗ واحلت لكم الانعـٰم الا ما يتلىٰ عليكم ۖ فاجتنبوا الرجس من الاوثـٰن واجتنبوا قول الزور,Tafsir text placeholder for verse 22:30
22:31,حنفاء لله غير مشركين به ۚ ومن يشرك بالله فكانما خر من السماء فتخطفه الطير او تهوى به الريح فى مكان سحيق,Tafsir text placeholder for verse 22:31
22:32,ذٰلك ومن يعظم شعـٰئر الله فانها من تقوى القلوب,Tafsir text placeholder for verse 22:32
22:33,لكم فيها منـٰفع الىٰ اجل مسمى ثم محلها الى البيت العتيق,Tafsir text placeholder for verse 22:33
22:34,ولكل امة جعلنا منسكا ليذكروا اسم الله علىٰ ما رزقهم من بهيمة الانعـٰم ۗ فالـٰهكم الـٰه وٰحد فله اسلموا ۗ وبشر المخبتين,Tafsir text placeholder for verse 22:34
22:35,الذين اذا ذكر الله وجلت قلوبهم والصـٰبرين علىٰ ما اصابهم والمقيمى الصلوٰة ومما رزقنـٰهم ينفقون,Tafsir text placeholder for verse 22:35
22:36,والبدن جعلنـٰها لكم من شعـٰئر الله لكم فيها خير ۖ فاذكروا اسم الله عليها صواف ۖ فاذا وجبت جنوبها فكلوا منها واطعموا القانع والمعتر ۚ كذٰلك سخرنـٰها لكم لعلكم تشكرون,Tafsir text placeholder for verse 22:36
22:37,لن ينال الله لحومها ولا دماؤها ولـٰكن يناله التقوىٰ منكم ۚ كذٰلك سخرها لكم لتكبروا الله علىٰ ما هدىٰكم ۗ وبشر المحسنين,Tafsir text placeholder for verse 22:37
22:38,ان الله يدٰفع عن الذين ءامنوا ۗ ان الله لا يحب كل خوان كفور,Tafsir text placeholder for verse 22:38
22:39,اذن للذين يقـٰتلون بانهم ظلموا ۚ وان الله علىٰ نصرهم لقدير,Tafsir text placeholder for verse 22:39
22:40,الذين اخرجوا من ديـٰرهم بغير حق الا ان يقولوا ربنا الله ۗ ولولا دفع الله الناس بعضهم ببعض لهدمت صوٰمع وبيع وصلوٰت ومسـٰجد يذكر فيها اسم الله كثيرا ۗ ولينصرن الله من ينصره ۗ ان الله لقوى عزيز,Tafsir text placeholder for verse 22:40
22:41,الذين ان مكنـٰهم فى الارض اقاموا الصلوٰة وءاتوا الزكوٰة وامروا بالمعروف ونهوا عن المنكر ۗ ولله عـٰقبة الامور,Tafsir text placeholder for verse 22:41
22:42,وان يكذبوك فقد كذبت قبلهم قوم نوح وعاد وثمود,Tafsir text placeholder for verse 22:42
22:43,وقوم ابرٰهيم وقوم لوط,Tafsir text placeholder for verse 22:43
22:44,واصحـٰب مدين ۖ وكذب موسىٰ فامليت للكـٰفرين ثم اخذتهم ۖ فكيف كان نكير,Tafsir text placeholder for verse 22:44
22:45,فكاين من قرية اهلكنـٰها وهى ظالمة فهى خاوية علىٰ عروشها وبئر معطلة وقصر مشيد,Tafsir text placeholder for verse 22:45
22:46,افلم يسيروا فى الارض فتكون لهم قلوب يعقلون بها او ءاذان يسمعون بها ۖ فانها لا تعمى الابصـٰر ولـٰكن تعمى القلوب التى فى الصدور,Tafsir text placeholder for verse 22:46
22:47,ويستعجلونك بالعذاب ولن يخلف الله وعده ۚ وان يوما عند ربك كالف سنة مما تعدون,Tafsir text placeholder for verse 22:47
22:48,وكاين من قرية امليت لها وهى ظالمة ثم اخذتها والى المصير,Tafsir text placeholder for verse 22:48
22:49,قل يـٰايها الناس انما انا۠ لكم نذير مبين,Tafsir text placeholder for verse 22:49
22:50,فالذين ءامنوا وعملوا الصـٰلحـٰت لهم مغفرة ورزق كريم,Tafsir text placeholder for verse 22:50
22:51,والذين سعوا فى ءايـٰتنا معـٰجزين اولـٰئك اصحـٰب الجحيم,Tafsir text placeholder for verse 22:51
22:52,وما ارسلنا من قبلك من رسول ولا نبى الا اذا تمنىٰ القى الشيطـٰن فى امنيته فينسخ الله ما يلقى الشيطـٰن ثم يحكم الله ءايـٰته ۗ والله عليم حكيم,Tafsir text placeholder for verse 22:52
22:53,ليجعل ما يلقى الشيطـٰن فتنة للذين فى قلوبهم مرض والقاسية قلوبهم ۗ وان الظـٰلمين لفى شقاق بعيد,Tafsir text placeholder for verse 22:53
22:54,وليعلم الذين اوتوا العلم انه الحق من ربك فيؤمنوا به فتخبت له قلوبهم ۗ وان الله لهاد الذين ءامنوا الىٰ صرٰط مستقيم,Tafsir text placeholder for verse 22:54
22:55,ولا يزال الذين كفروا فى مرية منه حتىٰ تاتيهم الساعة بغتة او ياتيهم عذاب يوم عقيم,Tafsir text placeholder for verse 22:55
22:56,الملك يومئذ لله يحكم بينهم ۚ فالذين ءامنوا وعملوا الصـٰلحـٰت فى جنـٰت النعيم,Tafsir text placeholder for verse 22:56
22:57,والذين كفروا وكذبوا بـٔايـٰتنا فاولـٰئك لهم عذاب مهين,Tafsir text placeholder for verse 22:57
22:58,والذين هاجروا فى سبيل الله ثم قتلوا او ماتوا ليرزقنهم الله رزقا حسنا ۚ وان الله لهو خير الرٰزقين,Tafsir text placeholder for verse 22:58
22:59,ليدخلنهم مدخلا يرضونه ۗ وان الله لعليم حليم,Tafsir text placeholder for verse 22:59
22:60,ذٰلك ومن عاقب بمثل ما عوقب به ثم بغى عليه لينصرنه الله ۗ ان الله لعفو غفور,Tafsir text placeholder for verse 22:60
22:61,ذٰلك بان الله يولج اليل فى النهار ويولج النهار فى اليل وان الله سميع بصير,Tafsir text placeholder for verse 22:61
22:62,ذٰلك بان الله هو الحق وان ما يدعون من دونه هو البـٰطل وان الله هو العلى الكبير,Tafsir text placeholder for verse 22:62
22:63,الم تر ان الله انزل من السماء ماء فتصبح الارض مخضرة ۗ ان الله لطيف خبير,Tafsir text placeholder for verse 22:63
22:64,له ما فى السمـٰوٰت وما فى الارض ۗ وان الله لهو الغنى الحميد,Tafsir text placeholder for verse 22:64
22:65,الم تر ان الله سخر لكم ما فى الارض والفلك تجرى فى البحر بامره ويمسك السماء ان تقع على الارض الا باذنه ۗ ان الله بالناس لرءوف رحيم,Tafsir text placeholder for verse 22:65
22:66,وهو الذى احياكم ثم يميتكم ثم يحييكم ۗ ان الانسـٰن لكفور,Tafsir text placeholder for verse 22:66
22:67,لكل امة جعلنا منسكا هم ناسكوه ۖ فلا ينـٰزعنك فى الامر ۚ وادع الىٰ ربك ۖ انك لعلىٰ هدى مستقيم,Tafsir text placeholder for verse 22:67
22:68,وان جـٰدلوك فقل الله اعلم بما تعملون,Tafsir text placeholder for verse 22:68
22:69,الله يحكم بينكم يوم القيـٰمة فيما كنتم فيه تختلفون,Tafsir text placeholder for verse 22:69
22:70,الم تعلم ان الله يعلم ما فى السماء والارض ۗ ان ذٰلك فى كتـٰب ۚ ان ذٰلك على الله يسير,Tafsir text placeholder for verse 22:70
22:71,ويعبدون من دون الله ما لم ينزل به سلطـٰنا وما ليس لهم به علم ۗ وما للظـٰلمين من نصير,Tafsir text placeholder for verse 22:71
22:72,واذا تتلىٰ عليهم ءايـٰتنا بينـٰت تعرف فى وجوه الذين كفروا المنكر ۖ يكادون يسطون بالذين يتلون عليهم ءايـٰتنا ۗ قل افانبئكم بشر من ذٰلكم ۗ النار وعدها الله الذين كفروا ۖ وبئس المصير,Tafsir text placeholder for verse 22:72
22:73,يـٰايها الناس ضرب مثل فاستمعوا له ۚ ان الذين تدعون من دون الله لن يخلقوا ذبابا ولو اجتمعوا له ۖ وان يسلبهم الذباب شيـٔا لا يستنقذوه منه ۚ ضعف الطالب والمطلوب,Tafsir text placeholder for verse 22:73
22:74,ما قدروا الله حق قدره ۗ ان الله لقوى عزيز,Tafsir text placeholder for verse 22:74
22:75,الله يصطفى من الملـٰئكة رسلا ومن الناس ۚ ان الله سميع بصير,Tafsir text placeholder for verse 22:75
22:76,يعلم ما بين ايديهم وما خلفهم ۗ والى الله ترجع الامور,Tafsir text placeholder for verse 22:76
22:77,يـٰايها الذين ءامنوا اركعوا واسجدوا واعبدوا ربكم وافعلوا الخير لعلكم تفلحون ۩,Tafsir text placeholder for verse 22:77
22:78,وجـٰهدوا فى الله حق جهاده ۚ هو اجتبىٰكم وما جعل عليكم فى الدين من حرج ۚ ملة ابيكم ابرٰهيم ۚ هو سمىٰكم المسلمين من قبل وفى هـٰذا ليكون الرسول شهيدا عليكم وتكونوا شهداء على الناس ۚ فاقيموا الصلوٰة وءاتوا الزكوٰة واعتصموا بالله هو مولىٰكم ۖ فنعم المولىٰ ونعم النصير,Tafsir text placeholder for verse 22:78
23:1,قد افلح المؤمنون,Tafsir text placeholder for verse 23:1
23:2,الذين هم فى صلاتهم خـٰشعون,Tafsir text placeholder for verse 23:2
23:3,والذين هم عن اللغو معرضون,Tafsir text placeholder for verse 23:3
23:4,والذين هم للزكوٰة فـٰعلون,Tafsir text placeholder for verse 23:4
23:5,والذين هم لفروجهم حـٰفظون,Tafsir text placeholder for verse 23:5
23:6,الا علىٰ ازوٰجهم او ما ملكت ايمـٰنهم فانهم غير ملومين,Tafsir text placeholder for verse 23:6
23:7,فمن ابتغىٰ وراء ذٰلك فاولـٰئك هم العادون,Tafsir text placeholder for verse 23:7
23:8,والذين هم لامـٰنـٰتهم وعهدهم رٰعون,Tafsir text placeholder for verse 23:8
23:9,والذين هم علىٰ صلوٰتهم يحافظون,Tafsir text placeholder for verse 23:9
23:10,اولـٰئك هم الوٰرثون,Tafsir text placeholder for verse 23:10
23:11,الذين يرثون الفردوس هم فيها خـٰلدون,Tafsir text placeholder for verse 23:11
23:12,ولقد خلقنا الانسـٰن من سلـٰلة من طين,Tafsir text placeholder for verse 23:12
23:13,ثم جعلنـٰه نطفة فى قرار مكين,Tafsir text placeholder for verse 23:13
23:14,ثم خلقنا النطفة علقة فخلقنا العلقة مضغة فخلقنا المضغة عظـٰما فكسونا العظـٰم لحما ثم انشانـٰه خلقا ءاخر ۚ فتبارك الله احسن الخـٰلقين,Tafsir text placeholder for verse 23:14
23:15,ثم انكم بعد ذٰلك لميتون,Tafsir text placeholder for verse 23:15
23:16,ثم انكم يوم القيـٰمة تبعثون,Tafsir text placeholder for verse 23:16
23:17,ولقد خلقنا فوقكم سبع طرائق وما كنا عن الخلق غـٰفلين,Tafsir text placeholder for verse 23:17
23:18,وانزلنا من السماء ماء بقدر فاسكنـٰه فى الارض ۖ وانا علىٰ ذهاب به لقـٰدرون,Tafsir text placeholder for verse 23:18
23:19,فانشانا لكم به جنـٰت من نخيل واعنـٰب لكم فيها فوٰكه كثيرة ومنها تاكلون,Tafsir text placeholder for verse 23:19
23:20,وشجرة تخرج من طور سيناء تنبت بالدهن وصبغ للـٔاكلين,Tafsir text placeholder for verse 23:20
23:21,وان لكم فى الانعـٰم لعبرة ۖ نسقيكم مما فى بطونها ولكم فيها منـٰفع كثيرة ومنها تاكلون,Tafsir text placeholder for verse 23:21
23:22,وعليها وعلى الفلك تحملون,Tafsir text placeholder for verse 23:22
23:23,ولقد ارسلنا نوحا الىٰ قومه فقال يـٰقوم اعبدوا الله ما لكم من الـٰه غيره ۖ افلا تتقون,Tafsir text placeholder for verse 23:23
23:24,فقال الملؤا۟ الذين كفروا من قومه ما هـٰذا الا بشر مثلكم يريد ان يتفضل عليكم ولو شاء الله لانزل ملـٰئكة ما سمعنا بهـٰذا فى ءابائنا الاولين,Tafsir text placeholder for verse 23:24
23:25,ان هو الا رجل به جنة فتربصوا به حتىٰ حين,Tafsir text placeholder for verse 23:25
23:26,قال رب انصرنى بما كذبون,Tafsir text placeholder for verse 23:26
23:27,فاوحينا اليه ان اصنع الفلك باعيننا ووحينا فاذا جاء امرنا وفار التنور ۙ فاسلك فيها من كل زوجين اثنين واهلك الا من سبق عليه القول منهم ۖ ولا تخـٰطبنى فى الذين ظلموا ۖ انهم مغرقون,Tafsir text placeholder for verse 23:27
23:28,فاذا استويت انت ومن معك على الفلك فقل الحمد لله الذى نجىٰنا من القوم الظـٰلمين,Tafsir text placeholder for verse 23:28
23:29,وقل رب انزلنى منزلا مباركا وانت خير المنزلين,Tafsir text placeholder for verse 23:29
23:30,ان فى ذٰلك لـٔايـٰت وان كنا لمبتلين,Tafsir text placeholder for verse 23:30
23:31,ثم انشانا من بعدهم قرنا ءاخرين,Tafsir text placeholder for verse 23:31
23:32,فارسلنا فيهم رسولا منهم ان اعبدوا الله ما لكم من الـٰه غيره ۖ افلا تتقون,Tafsir text placeholder for verse 23:32
23:33,وقال الملا من قومه الذين كفروا وكذبوا بلقاء الـٔاخرة واترفنـٰهم فى الحيوٰة الدنيا ما هـٰذا الا بشر مثلكم ياكل مما تاكلون منه ويشرب مما تشربون,Tafsir text placeholder for verse 23:33
23:34,ولئن اطعتم بشرا مثلكم انكم اذا لخـٰسرون,Tafsir text placeholder for verse 23:34
23:35,ايعدكم انكم اذا متم وكنتم ترابا وعظـٰما انكم مخرجون,Tafsir text placeholder for verse 23:35
23:36,هيهات هيهات لما توعدون,Tafsir text placeholder for verse 23:36
23:37,ان هى الا حياتنا الدنيا نموت ونحيا وما نحن بمبعوثين,Tafsir text placeholder for verse 23:37
23:38,ان هو الا رجل افترىٰ على الله كذبا وما نحن له بمؤمنين,Tafsir text placeholder for verse 23:38
23:39,قال رب انصرنى بما كذبون,Tafsir text placeholder for verse 23:39
23:40,قال عما قليل ليصبحن نـٰدمين,Tafsir text placeholder for verse 23:40
23:41,فاخذتهم الصيحة بالحق فجعلنـٰهم غثاء ۚ فبعدا للقوم الظـٰلمين,Tafsir text placeholder for verse 23:41
23:42,ثم انشانا من بعدهم قرونا ءاخرين,Tafsir text placeholder for verse 23:42
23:43,ما تسبق من امة اجلها وما يستـٔخرون,Tafsir text placeholder for verse 23:43
23:44,ثم ارسلنا رسلنا تترا ۖ كل ما جاء امة رسولها كذبوه ۚ فاتبعنا بعضهم بعضا وجعلنـٰهم احاديث ۚ فبعدا لقوم لا يؤمنون,Tafsir text placeholder for verse 23:44
23:45,ثم ارسلنا موسىٰ واخاه هـٰرون بـٔايـٰتنا وسلطـٰن مبين,Tafsir text placeholder for verse 23:45
23:46,الىٰ فرعون وملاي۟ه فاستكبروا وكانوا قوما عالين,Tafsir text placeholder for verse 23:46
23:47,فقالوا انؤمن لبشرين مثلنا وقومهما لنا عـٰبدون,Tafsir text placeholder for verse 23:47
23:48,فكذبوهما فكانوا من المهلكين,Tafsir text placeholder for verse 23:48
23:49,ولقد ءاتينا موسى الكتـٰب لعلهم يهتدون,Tafsir text placeholder for verse 23:49
23:50,وجعلنا ابن مريم وامه ءاية وءاوينـٰهما الىٰ ربوة ذات قرار ومعين,Tafsir text placeholder for verse 23:50
23:51,يـٰايها الرسل كلوا من الطيبـٰت واعملوا صـٰلحا ۖ انى بما تعملون عليم,Tafsir text placeholder for verse 23:51
23:52,وان هـٰذه امتكم امة وٰحدة وانا۠ ربكم فاتقون,Tafsir text placeholder for verse 23:52
23:53,فتقطعوا امرهم بينهم زبرا ۖ كل حزب بما لديهم فرحون,Tafsir text placeholder for verse 23:53
23:54,فذرهم فى غمرتهم حتىٰ حين,Tafsir text placeholder for verse 23:54
23:55,ايحسبون انما نمدهم به من مال وبنين,Tafsir text placeholder for verse 23:55
23:56,نسارع لهم فى الخيرٰت ۚ بل لا يشعرون,Tafsir text placeholder for verse 23:56
23:57,ان الذين هم من خشية ربهم مشفقون,Tafsir text placeholder for verse 23:57
23:58,والذين هم بـٔايـٰت ربهم يؤمنون,Tafsir text placeholder for verse 23:58
23:59,والذين هم بربهم لا يشركون,Tafsir text placeholder for verse 23:59
23:60,والذين يؤتون ما ءاتوا وقلوبهم وجلة انهم الىٰ ربهم رٰجعون,Tafsir text placeholder for verse 23:60
23:61,اولـٰئك يسـٰرعون فى الخيرٰت وهم لها سـٰبقون,Tafsir text placeholder for verse 23:61
23:62,ولا نكلف نفسا الا وسعها ۖ ولدينا كتـٰب ينطق بالحق ۚ وهم لا يظلمون,Tafsir text placeholder for verse 23:62
23:63,بل قلوبهم فى غمرة من هـٰذا ولهم اعمـٰل من دون ذٰلك هم لها عـٰملون,Tafsir text placeholder for verse 23:63
23:64,حتىٰ اذا اخذنا مترفيهم بالعذاب اذا هم يجـٔرون,Tafsir text placeholder for verse 23:64
23:65,لا تجـٔروا اليوم ۖ انكم منا لا تنصرون,Tafsir text placeholder for verse 23:65
23:66,قد كانت ءايـٰتى تتلىٰ عليكم فكنتم علىٰ اعقـٰبكم تنكصون,Tafsir text placeholder for verse 23:66
23:67,مستكبرين به سـٰمرا تهجرون,Tafsir text placeholder for verse 23:67
23:68,افلم يدبروا القول ام جاءهم ما لم يات ءاباءهم الاولين,Tafsir text placeholder for verse 23:68
23:69,ام لم يعرفوا رسولهم فهم له منكرون,Tafsir text placeholder for verse 23:69
23:70,ام يقولون به جنة ۚ بل جاءهم بالحق واكثرهم للحق كـٰرهون,Tafsir text placeholder for verse 23:70
23:71,ولو اتبع الحق اهواءهم لفسدت السمـٰوٰت والارض ومن فيهن ۚ بل اتينـٰهم بذكرهم فهم عن ذكرهم معرضون,Tafsir text placeholder for verse 23:71
23:72,ام تسـٔلهم خرجا فخراج ربك خير ۖ وهو خير الرٰزقين,Tafsir text placeholder for verse 23:72
23:73,وانك لتدعوهم الىٰ صرٰط مستقيم,Tafsir text placeholder for verse 23:73
23:74,وان الذين لا يؤمنون بالـٔاخرة عن الصرٰط لنـٰكبون,Tafsir text placeholder for verse 23:74
23:75,ولو رحمنـٰهم وكشفنا ما بهم من ضر للجوا فى طغيـٰنهم يعمهون,Tafsir text placeholder for verse 23:75
23:76,ولقد اخذنـٰهم بالعذاب فما استكانوا لربهم وما يتضرعون,Tafsir text placeholder for verse 23:76
23:77,حتىٰ اذا فتحنا عليهم بابا ذا عذاب شديد اذا هم فيه مبلسون,Tafsir text placeholder for verse 23:77
23:78,وهو الذى انشا لكم السمع والابصـٰر والافـٔدة ۚ قليلا ما تشكرون,Tafsir text placeholder for verse 23:78
23:79,وهو الذى ذراكم فى الارض واليه تحشرون,Tafsir text placeholder for verse 23:79
23:80,وهو الذى يحيۦ ويميت وله اختلـٰف اليل والنهار ۚ افلا تعقلون,Tafsir text placeholder for verse 23:80
23:81,بل قالوا مثل ما قال الاولون,Tafsir text placeholder for verse 23:81
23:82,قالوا اءذا متنا وكنا ترابا وعظـٰما اءنا لمبعوثون,Tafsir text placeholder for verse 23:82
23:83,لقد وعدنا نحن وءاباؤنا هـٰذا من قبل ان هـٰذا الا اسـٰطير الاولين,Tafsir text placeholder for verse 23:83
23:84,قل لمن الارض ومن فيها ان كنتم تعلمون,Tafsir text placeholder for verse 23:84
23:85,سيقولون لله ۚ قل افلا تذكرون,Tafsir text placeholder for verse 23:85
23:86,قل من رب السمـٰوٰت السبع ورب العرش العظيم,Tafsir text placeholder for verse 23:86
23:87,سيقولون لله ۚ قل افلا تتقون,Tafsir text placeholder for verse 23:87
23:88,قل من بيده ملكوت كل شىء وهو يجير ولا يجار عليه ان كنتم تعلمون,Tafsir text placeholder for verse 23:88
23:89,سيقولون لله ۚ قل فانىٰ تسحرون,Tafsir text placeholder for verse 23:89
23:90,بل اتينـٰهم بالحق وانهم لكـٰذبون,Tafsir text placeholder for verse 23:90
23:91,ما اتخذ الله من ولد وما كان معه من الـٰه ۚ اذا لذهب كل الـٰه بما خلق ولعلا بعضهم علىٰ بعض ۚ سبحـٰن الله عما يصفون,Tafsir text placeholder for verse 23:91
23:92,عـٰلم الغيب والشهـٰدة فتعـٰلىٰ عما يشركون,Tafsir text placeholder for verse 23:92
23:93,قل رب اما ترينى ما يوعدون,Tafsir text placeholder for verse 23:93
23:94,رب فلا تجعلنى فى القوم الظـٰلمين,Tafsir text placeholder for verse 23:94
23:95,وانا علىٰ ان نريك ما نعدهم لقـٰدرون,Tafsir text placeholder for verse 23:95
23:96,ادفع بالتى هى احسن السيئة ۚ نحن اعلم بما يصفون,Tafsir text placeholder for verse 23:96
23:97,وقل رب اعوذ بك من همزٰت الشيـٰطين,Tafsir text placeholder for verse 23:97
23:98,واعوذ بك رب ان يحضرون,Tafsir text placeholder for verse 23:98
23:99,حتىٰ اذا جاء احدهم الموت قال رب ارجعون,Tafsir text placeholder for verse 23:99
23:100,لعلى اعمل صـٰلحا فيما تركت ۚ كلا ۚ انها كلمة هو قائلها ۖ ومن ورائهم برزخ الىٰ يوم يبعثون,Tafsir text placeholder for verse 23:100
23:101,فاذا نفخ فى الصور فلا انساب بينهم يومئذ ولا يتساءلون,Tafsir text placeholder for verse 23:101
23:102,فمن ثقلت موٰزينه فاولـٰئك هم المفلحون,Tafsir text placeholder for verse 23:102
23:103,ومن خفت موٰزينه فاولـٰئك الذين خسروا انفسهم فى جهنم خـٰلدون,Tafsir text placeholder for verse 23:103
23:104,تلفح وجوههم النار وهم فيها كـٰلحون,Tafsir text placeholder for verse 23:104
23:105,الم تكن ءايـٰتى تتلىٰ عليكم فكنتم بها تكذبون,Tafsir text placeholder for verse 23:105
23:106,قالوا ربنا غلبت علينا شقوتنا وكنا قوما ضالين,Tafsir text placeholder for verse 23:106
23:107,ربنا اخرجنا منها فان عدنا فانا ظـٰلمون,Tafsir text placeholder for verse 23:107
23:108,قال اخسـٔوا فيها ولا تكلمون,Tafsir text placeholder for verse 23:108
23:109,انه كان فريق من عبادى يقولون ربنا ءامنا فاغفر لنا وارحمنا وانت خير الرٰحمين,Tafsir text placeholder for verse 23:109
23:110,فاتخذتموهم سخريا حتىٰ انسوكم ذكرى وكنتم منهم تضحكون,Tafsir text placeholder for verse 23:110
23:111,انى جزيتهم اليوم بما صبروا انهم هم الفائزون,Tafsir text placeholder for verse 23:111
23:112,قـٰل كم لبثتم فى الارض عدد سنين,Tafsir text placeholder for verse 23:112
23:113,قالوا لبثنا يوما او بعض يوم فسـٔل العادين,Tafsir text placeholder for verse 23:113
23:114,قـٰل ان لبثتم الا قليلا ۖ لو انكم كنتم تعلمون,Tafsir text placeholder for verse 23:114
23:115,افحسبتم انما خلقنـٰكم عبثا وانكم الينا لا ترجعون,Tafsir text placeholder for verse 23:115
23:116,فتعـٰلى الله الملك الحق ۖ لا الـٰه الا هو رب العرش الكريم,Tafsir text placeholder for verse 23:116
23:117,ومن يدع مع الله الـٰها ءاخر لا برهـٰن له به فانما حسابه عند ربه ۚ انه لا يفلح الكـٰفرون,Tafsir text placeholder for verse 23:117
23:118,وقل رب اغفر وارحم وانت خير الرٰحمين,Tafsir text placeholder for verse 23:118
24:1,سورة انزلنـٰها وفرضنـٰها وانزلنا فيها ءايـٰت بينـٰت لعلكم تذكرون,Tafsir text placeholder for verse 24:1
24:2,الزانية والزانى فاجلدوا كل وٰحد منهما ما۟ئة جلدة ۖ ولا تاخذكم بهما رافة فى دين الله ان كنتم تؤمنون بالله واليوم الـٔاخر ۖ وليشهد عذابهما طائفة من المؤمنين,Tafsir text placeholder for verse 24:2
24:3,الزانى لا ينكح الا زانية او مشركة والزانية لا ينكحها الا زان او مشرك ۚ وحرم ذٰلك على المؤمنين,Tafsir text placeholder for verse 24:3
24:4,والذين يرمون المحصنـٰت ثم لم ياتوا باربعة شهداء فاجلدوهم ثمـٰنين جلدة ولا تقبلوا لهم شهـٰدة ابدا ۚ واولـٰئك هم الفـٰسقون,Tafsir text placeholder for verse 24:4
24:5,الا الذين تابوا من بعد ذٰلك واصلحوا فان الله غفور رحيم,Tafsir text placeholder for verse 24:5
24:6,والذين يرمون ازوٰجهم ولم يكن لهم شهداء الا انفسهم فشهـٰدة احدهم اربع شهـٰدٰت بالله ۙ انه لمن الصـٰدقين,Tafsir text placeholder for verse 24:6
24:7,والخـٰمسة ان لعنت الله عليه ان كان من الكـٰذبين,Tafsir text placeholder for verse 24:7
24:8,ويدرؤا۟ عنها العذاب ان تشهد اربع شهـٰدٰت بالله ۙ انه لمن الكـٰذبين,Tafsir text placeholder for verse 24:8
24:9,والخـٰمسة ان غضب الله عليها ان كان من الصـٰدقين,Tafsir text placeholder for verse 24:9
24:10,ولولا فضل الله عليكم ورحمته وان الله تواب حكيم,Tafsir text placeholder for verse 24:10
24:11,ان الذين جاءو بالافك عصبة منكم ۚ لا تحسبوه شرا لكم ۖ بل هو خير لكم ۚ لكل امرئ منهم ما اكتسب من الاثم ۚ والذى تولىٰ كبره منهم له عذاب عظيم,Tafsir text placeholder for verse 24:11
24:12,لولا اذ سمعتموه ظن المؤمنون والمؤمنـٰت بانفسهم خيرا وقالوا هـٰذا افك مبين,Tafsir text placeholder for verse 24:12
24:13,لولا جاءو عليه باربعة شهداء ۚ فاذ لم ياتوا بالشهداء فاولـٰئك عند الله هم الكـٰذبون,Tafsir text placeholder for verse 24:13
24:14,ولولا فضل الله عليكم ورحمته فى الدنيا والـٔاخرة لمسكم فى ما افضتم فيه عذاب عظيم,Tafsir text placeholder for verse 24:14
24:15,اذ تلقونه بالسنتكم وتقولون بافواهكم ما ليس لكم به علم وتحسبونه هينا وهو عند الله عظيم,Tafsir text placeholder for verse 24:15
24:16,ولولا اذ سمعتموه قلتم ما يكون لنا ان نتكلم بهـٰذا سبحـٰنك هـٰذا بهتـٰن عظيم,Tafsir text placeholder for verse 24:16
24:17,يعظكم الله ان تعودوا لمثله ابدا ان كنتم مؤمنين,Tafsir text placeholder for verse 24:17
24:18,ويبين الله لكم الـٔايـٰت ۚ والله عليم حكيم,Tafsir text placeholder for verse 24:18
24:19,ان الذين يحبون ان تشيع الفـٰحشة فى الذين ءامنوا لهم عذاب اليم فى الدنيا والـٔاخرة ۚ والله يعلم وانتم لا تعلمون,Tafsir text placeholder for verse 24:19
24:20,ولولا فضل الله عليكم ورحمته وان الله رءوف رحيم,Tafsir text placeholder for verse 24:20
24:21,يـٰايها الذين ءامنوا لا تتبعوا خطوٰت الشيطـٰن ۚ ومن يتبع خطوٰت الشيطـٰن فانه يامر بالفحشاء والمنكر ۚ ولولا فضل الله عليكم ورحمته ما زكىٰ منكم من احد ابدا ولـٰكن الله يزكى من يشاء ۗ والله سميع عليم,Tafsir text placeholder for verse 24:21
24:22,ولا ياتل اولوا الفضل منكم والسعة ان يؤتوا اولى القربىٰ والمسـٰكين والمهـٰجرين فى سبيل الله ۖ وليعفوا وليصفحوا ۗ الا تحبون ان يغفر الله لكم ۗ والله غفور رحيم,Tafsir text placeholder for verse 24:22
24:23,ان الذين يرمون المحصنـٰت الغـٰفلـٰت المؤمنـٰت لعنوا فى الدنيا والـٔاخرة ولهم عذاب عظيم,Tafsir text placeholder for verse 24:23
24:24,يوم تشهد عليهم السنتهم وايديهم وارجلهم بما كانوا يعملون,Tafsir text placeholder for verse 24:24
24:25,يومئذ يوفيهم الله دينهم الحق ويعلمون ان الله هو الحق المبين,Tafsir text placeholder for verse 24:25
24:26,الخبيثـٰت للخبيثين والخبيثون للخبيثـٰت ۖ والطيبـٰت للطيبين والطيبون للطيبـٰت ۚ اولـٰئك مبرءون مما يقولون ۖ لهم مغفرة ورزق كريم,Tafsir text placeholder for verse 24:26
24:27,يـٰايها الذين ءامنوا لا تدخلوا بيوتا غير بيوتكم حتىٰ تستانسوا وتسلموا علىٰ اهلها ۚ ذٰلكم خير لكم لعلكم تذكرون,Tafsir text placeholder for verse 24:27
24:28,فان لم تجدوا فيها احدا فلا تدخلوها حتىٰ يؤذن لكم ۖ وان قيل لكم ارجعوا فارجعوا ۖ هو ازكىٰ لكم ۚ والله بما تعملون عليم,Tafsir text placeholder for verse 24:28
24:29,ليس عليكم جناح ان تدخلوا بيوتا غير مسكونة فيها متـٰع لكم ۚ والله يعلم ما تبدون وما تكتمون,Tafsir text placeholder for verse 24:29
24:30,قل للمؤمنين يغضوا من ابصـٰرهم ويحفظوا فروجهم ۚ ذٰلك ازكىٰ لهم ۗ ان الله خبير بما يصنعون,Tafsir text placeholder for verse 24:30
24:31,وقل للمؤمنـٰت يغضضن من ابصـٰرهن ويحفظن فروجهن ولا يبدين زينتهن الا ما ظهر منها ۖ وليضربن بخمرهن علىٰ جيوبهن ۖ ولا يبدين زينتهن الا لبعولتهن او ءابائهن او ءاباء بعولتهن او ابنائهن او ابناء بعولتهن او اخوٰنهن او بنى اخوٰنهن او بنى اخوٰتهن او نسائهن او ما ملكت ايمـٰنهن او التـٰبعين غير اولى الاربة من الرجال او الطفل الذين لم يظهروا علىٰ عورٰت النساء ۖ ولا يضربن بارجلهن ليعلم ما يخفين من زينتهن ۚ وتوبوا الى الله جميعا ايه المؤمنون لعلكم تفلحون,Tafsir text placeholder for verse 24:31
24:32,وانكحوا الايـٰمىٰ منكم والصـٰلحين من عبادكم وامائكم ۚ ان يكونوا فقراء يغنهم الله من فضله ۗ والله وٰسع عليم,Tafsir text placeholder for verse 24:32
24:33,وليستعفف الذين لا يجدون نكاحا حتىٰ يغنيهم الله من فضله ۗ والذين يبتغون الكتـٰب مما ملكت ايمـٰنكم فكاتبوهم ان علمتم فيهم خيرا ۖ وءاتوهم من مال الله الذى ءاتىٰكم ۚ ولا تكرهوا فتيـٰتكم على البغاء ان اردن تحصنا لتبتغوا عرض الحيوٰة الدنيا ۚ ومن يكرههن فان الله من بعد اكرٰههن غفور رحيم,Tafsir text placeholder for verse 24:33
24:34,ولقد انزلنا اليكم ءايـٰت مبينـٰت ومثلا من الذين خلوا من قبلكم وموعظة للمتقين,Tafsir text placeholder for verse 24:34
24:35,الله نور السمـٰوٰت والارض ۚ مثل نوره كمشكوٰة فيها مصباح ۖ المصباح فى زجاجة ۖ الزجاجة كانها كوكب درى يوقد من شجرة مبـٰركة زيتونة لا شرقية ولا غربية يكاد زيتها يضىء ولو لم تمسسه نار ۚ نور علىٰ نور ۗ يهدى الله لنوره من يشاء ۚ ويضرب الله الامثـٰل للناس ۗ والله بكل شىء عليم,Tafsir text placeholder for verse 24:35
24:36,فى بيوت اذن الله ان ترفع ويذكر فيها اسمه يسبح له فيها بالغدو والـٔاصال,Tafsir text placeholder for verse 24:36
24:37,رجال لا تلهيهم تجـٰرة ولا بيع عن ذكر الله واقام الصلوٰة وايتاء الزكوٰة ۙ يخافون يوما تتقلب فيه القلوب والابصـٰر,Tafsir text placeholder for verse 24:37
24:38,ليجزيهم الله احسن ما عملوا ويزيدهم من فضله ۗ والله يرزق من يشاء بغير حساب,Tafsir text placeholder for verse 24:38
24:39,والذين كفروا اعمـٰلهم كسراب بقيعة يحسبه الظمـٔان ماء حتىٰ اذا جاءه لم يجده شيـٔا ووجد الله عنده فوفىٰه حسابه ۗ والله سريع الحساب,Tafsir text placeholder for verse 24:39
24:40,او كظلمـٰت فى بحر لجى يغشىٰه موج من فوقه موج من فوقه سحاب ۚ ظلمـٰت بعضها فوق بعض اذا اخرج يده لم يكد يرىٰها ۗ ومن لم يجعل الله له نورا فما له من نور,Tafsir text placeholder for verse 24:40
24:41,الم تر ان الله يسبح له من فى السمـٰوٰت والارض والطير صـٰفـٰت ۖ كل قد علم صلاته وتسبيحه ۗ والله عليم بما يفعلون,Tafsir text placeholder for verse 24:41
24:42,ولله ملك السمـٰوٰت والارض ۖ والى الله المصير,Tafsir text placeholder for verse 24:42
24:43,الم تر ان الله يزجى سحابا ثم يؤلف بينه ثم يجعله ركاما فترى الودق يخرج من خلـٰله وينزل من السماء من جبال فيها من برد فيصيب به من يشاء ويصرفه عن من يشاء ۖ يكاد سنا برقه يذهب بالابصـٰر,Tafsir text placeholder for verse 24:43
24:44,يقلب الله اليل والنهار ۚ ان فى ذٰلك لعبرة لاولى الابصـٰر,Tafsir text placeholder for verse 24:44
24:45,والله خلق كل دابة من ماء ۖ فمنهم من يمشى علىٰ بطنه ومنهم من يمشى علىٰ رجلين ومنهم من يمشى علىٰ اربع ۚ يخلق الله ما يشاء ۚ ان الله علىٰ كل شىء قدير,Tafsir text placeholder for verse 24:45
24:46,لقد انزلنا ءايـٰت مبينـٰت ۚ والله يهدى من يشاء الىٰ صرٰط مستقيم,Tafsir text placeholder for verse 24:46
24:47,ويقولون ءامنا بالله وبالرسول واطعنا ثم يتولىٰ فريق منهم من بعد ذٰلك ۚ وما اولـٰئك بالمؤمنين,Tafsir text placeholder for verse 24:47
24:48,واذا دعوا الى الله ورسوله ليحكم بينهم اذا فريق منهم معرضون,Tafsir text placeholder for verse 24:48
24:49,وان يكن لهم الحق ياتوا اليه مذعنين,Tafsir text placeholder for verse 24:49
24:50,افى قلوبهم مرض ام ارتابوا ام يخافون ان يحيف الله عليهم ورسوله ۚ بل اولـٰئك هم الظـٰلمون,Tafsir text placeholder for verse 24:50
24:51,انما كان قول المؤمنين اذا دعوا الى الله ورسوله ليحكم بينهم ان يقولوا سمعنا واطعنا ۚ واولـٰئك هم المفلحون,Tafsir text placeholder for verse 24:51
24:52,ومن يطع الله ورسوله ويخش الله ويتقه فاولـٰئك هم الفائزون,Tafsir text placeholder for verse 24:52
24:53,واقسموا بالله جهد ايمـٰنهم لئن امرتهم ليخرجن ۖ قل لا تقسموا ۖ طاعة معروفة ۚ ان الله خبير بما تعملون,Tafsir text placeholder for verse 24:53
24:54,قل اطيعوا الله واطيعوا الرسول ۖ فان تولوا فانما عليه ما حمل وعليكم ما حملتم ۖ وان تطيعوه تهتدوا ۚ وما على الرسول الا البلـٰغ المبين,Tafsir text placeholder for verse 24:54
24:55,وعد الله الذين ءامنوا منكم وعملوا الصـٰلحـٰت ليستخلفنهم فى الارض كما استخلف الذين من قبلهم وليمكنن لهم دينهم الذى ارتضىٰ لهم وليبدلنهم من بعد خوفهم امنا ۚ يعبدوننى لا يشركون بى شيـٔا ۚ ومن كفر بعد ذٰلك فاولـٰئك هم الفـٰسقون,Tafsir text placeholder for verse 24:55
24:56,واقيموا الصلوٰة وءاتوا الزكوٰة واطيعوا الرسول لعلكم ترحمون,Tafsir text placeholder for verse 24:56
24:57,لا تحسبن الذين كفروا معجزين فى الارض ۚ وماوىٰهم النار ۖ ولبئس المصير,Tafsir text placeholder for verse 24:57
24:58,يـٰايها الذين ءامنوا ليستـٔذنكم الذين ملكت ايمـٰنكم والذين لم يبلغوا الحلم منكم ثلـٰث مرٰت ۚ من قبل صلوٰة الفجر وحين تضعون ثيابكم من الظهيرة ومن بعد صلوٰة العشاء ۚ ثلـٰث عورٰت لكم ۚ ليس عليكم ولا عليهم جناح بعدهن ۚ طوٰفون عليكم بعضكم علىٰ بعض ۚ كذٰلك يبين الله لكم الـٔايـٰت ۗ والله عليم حكيم,Tafsir text placeholder for verse 24:58
24:59,واذا بلغ الاطفـٰل منكم الحلم فليستـٔذنوا كما استـٔذن الذين من قبلهم ۚ كذٰلك يبين الله لكم ءايـٰته ۗ والله عليم حكيم,Tafsir text placeholder for verse 24:59
24:60,والقوٰعد من النساء الـٰتى لا يرجون نكاحا فليس عليهن جناح ان يضعن ثيابهن غير متبرجـٰت بزينة ۖ وان يستعففن خير لهن ۗ والله سميع عليم,Tafsir text placeholder for verse 24:60
24:61,ليس على الاعمىٰ حرج ولا على الاعرج حرج ولا على المريض حرج ولا علىٰ انفسكم ان تاكلوا من بيوتكم او بيوت ءابائكم او بيوت امهـٰتكم او بيوت اخوٰنكم او بيوت اخوٰتكم او بيوت اعمـٰمكم او بيوت عمـٰتكم او بيوت اخوٰلكم او بيوت خـٰلـٰتكم او ما ملكتم مفاتحه او صديقكم ۚ ليس عليكم جناح ان تاكلوا جميعا او اشتاتا ۚ فاذا دخلتم بيوتا فسلموا علىٰ انفسكم تحية من عند الله مبـٰركة طيبة ۚ كذٰلك يبين الله لكم الـٔايـٰت لعلكم تعقلون,Tafsir text placeholder for verse 24:61
24:62,انما المؤمنون الذين ءامنوا بالله ورسوله واذا كانوا معه علىٰ امر جامع لم يذهبوا حتىٰ يستـٔذنوه ۚ ان الذين يستـٔذنونك اولـٰئك الذين يؤمنون بالله ورسوله ۚ فاذا استـٔذنوك لبعض شانهم فاذن لمن شئت منهم واستغفر لهم الله ۚ ان الله غفور رحيم,Tafsir text placeholder for verse 24:62
24:63,لا تجعلوا دعاء الرسول بينكم كدعاء بعضكم بعضا ۚ قد يعلم الله الذين يتسللون منكم لواذا ۚ فليحذر الذين يخالفون عن امره ان تصيبهم فتنة او يصيبهم عذاب اليم,Tafsir text placeholder for verse 24:63
24:64,الا ان لله ما فى السمـٰوٰت والارض ۖ قد يعلم ما انتم عليه ويوم يرجعون اليه فينبئهم بما عملوا ۗ والله بكل شىء عليم,Tafsir text placeholder for verse 24:64
25:1,تبارك الذى نزل الفرقان علىٰ عبده ليكون للعـٰلمين نذيرا,Tafsir text placeholder for verse 25:1
25:2,الذى له ملك السمـٰوٰت والارض ولم يتخذ ولدا ولم يكن له شريك فى الملك وخلق كل شىء فقدره تقديرا,Tafsir text placeholder for verse 25:2
25:3,واتخذوا من دونه ءالهة لا يخلقون شيـٔا وهم يخلقون ولا يملكون لانفسهم ضرا ولا نفعا ولا يملكون موتا ولا حيوٰة ولا نشورا,Tafsir text placeholder for verse 25:3
25:4,وقال الذين كفروا ان هـٰذا الا افك افترىٰه واعانه عليه قوم ءاخرون ۖ فقد جاءو ظلما وزورا,Tafsir text placeholder for verse 25:4
25:5,وقالوا اسـٰطير الاولين اكتتبها فهى تملىٰ عليه بكرة واصيلا,Tafsir text placeholder for verse 25:5
25:6,قل انزله الذى يعلم السر فى السمـٰوٰت والارض ۚ انه كان غفورا رحيما,Tafsir text placeholder for verse 25:6
25:7,وقالوا مال هـٰذا الرسول ياكل الطعام ويمشى فى الاسواق ۙ لولا انزل اليه ملك فيكون معه نذيرا,Tafsir text placeholder for verse 25:7
25:8,او يلقىٰ اليه كنز او تكون له جنة ياكل منها ۚ وقال الظـٰلمون ان تتبعون الا رجلا مسحورا,Tafsir text placeholder for verse 25:8
25:9,انظر كيف ضربوا لك الامثـٰل فضلوا فلا يستطيعون سبيلا,Tafsir text placeholder for verse 25:9
25:10,تبارك الذى ان شاء جعل لك خيرا من ذٰلك جنـٰت تجرى من تحتها الانهـٰر ويجعل لك قصورا,Tafsir text placeholder for verse 25:10
25:11,بل كذبوا بالساعة ۖ واعتدنا لمن كذب بالساعة سعيرا,Tafsir text placeholder for verse 25:11
25:12,اذا راتهم من مكان بعيد سمعوا لها تغيظا وزفيرا,Tafsir text placeholder for verse 25:12
25:13,واذا القوا منها مكانا ضيقا مقرنين دعوا هنالك ثبورا,Tafsir text placeholder for verse 25:13
25:14,لا تدعوا اليوم ثبورا وٰحدا وادعوا ثبورا كثيرا,Tafsir text placeholder for verse 25:14
25:15,قل اذٰلك خير ام جنة الخلد التى وعد المتقون ۚ كانت لهم جزاء ومصيرا,Tafsir text placeholder for verse 25:15
25:16,لهم فيها ما يشاءون خـٰلدين ۚ كان علىٰ ربك وعدا مسـٔولا,Tafsir text placeholder for verse 25:16
25:17,ويوم يحشرهم وما يعبدون من دون الله فيقول ءانتم اضللتم عبادى هـٰؤلاء ام هم ضلوا السبيل,Tafsir text placeholder for verse 25:17
25:18,قالوا سبحـٰنك ما كان ينبغى لنا ان نتخذ من دونك من اولياء ولـٰكن متعتهم وءاباءهم حتىٰ نسوا الذكر وكانوا قوما بورا,Tafsir text placeholder for verse 25:18
25:19,فقد كذبوكم بما تقولون فما تستطيعون صرفا ولا نصرا ۚ ومن يظلم منكم نذقه عذابا كبيرا,Tafsir text placeholder for verse 25:19
25:20,وما ارسلنا قبلك من المرسلين الا انهم لياكلون الطعام ويمشون فى الاسواق ۗ وجعلنا بعضكم لبعض فتنة اتصبرون ۗ وكان ربك بصيرا,Tafsir text placeholder for verse 25:20
25:21,وقال الذين لا يرجون لقاءنا لولا انزل علينا الملـٰئكة او نرىٰ ربنا ۗ لقد استكبروا فى انفسهم وعتو عتوا كبيرا,Tafsir text placeholder for verse 25:21
25:22,يوم يرون الملـٰئكة لا بشرىٰ يومئذ للمجرمين ويقولون حجرا محجورا,Tafsir text placeholder for verse 25:22
25:23,وقدمنا الىٰ ما عملوا من عمل فجعلنـٰه هباء منثورا,Tafsir text placeholder for verse 25:23
25:24,اصحـٰب الجنة يومئذ خير مستقرا واحسن مقيلا,Tafsir text placeholder for verse 25:24
25:25,ويوم تشقق السماء بالغمـٰم ونزل الملـٰئكة تنزيلا,Tafsir text placeholder for verse 25:25
25:26,الملك يومئذ الحق للرحمـٰن ۚ وكان يوما على الكـٰفرين عسيرا,Tafsir text placeholder for verse 25:26
25:27,ويوم يعض الظالم علىٰ يديه يقول يـٰليتنى اتخذت مع الرسول سبيلا,Tafsir text placeholder for verse 25:27
25:28,يـٰويلتىٰ ليتنى لم اتخذ فلانا خليلا,Tafsir text placeholder for verse 25:28
25:29,لقد اضلنى عن الذكر بعد اذ جاءنى ۗ وكان الشيطـٰن للانسـٰن خذولا,Tafsir text placeholder for verse 25:29
25:30,وقال الرسول يـٰرب ان قومى اتخذوا هـٰذا القرءان مهجورا,Tafsir text placeholder for verse 25:30
25:31,وكذٰلك جعلنا لكل نبى عدوا من المجرمين ۗ وكفىٰ بربك هاديا ونصيرا,Tafsir text placeholder for verse 25:31
25:32,وقال الذين كفروا لولا نزل عليه القرءان جملة وٰحدة ۚ كذٰلك لنثبت به فؤادك ۖ ورتلنـٰه ترتيلا,Tafsir text placeholder for verse 25:32
25:33,ولا ياتونك بمثل الا جئنـٰك بالحق واحسن تفسيرا,Tafsir text placeholder for verse 25:33
25:34,الذين يحشرون علىٰ وجوههم الىٰ جهنم اولـٰئك شر مكانا واضل سبيلا,Tafsir text placeholder for verse 25:34
25:35,ولقد ءاتينا موسى الكتـٰب وجعلنا معه اخاه هـٰرون وزيرا,Tafsir text placeholder for verse 25:35
25:36,فقلنا اذهبا الى القوم الذين كذبوا بـٔايـٰتنا فدمرنـٰهم تدميرا,Tafsir text placeholder for verse 25:36
25:37,وقوم نوح لما كذبوا الرسل اغرقنـٰهم وجعلنـٰهم للناس ءاية ۖ واعتدنا للظـٰلمين عذابا اليما,Tafsir text placeholder for verse 25:37
25:38,وعادا وثمودا۟ واصحـٰب الرس وقرونا بين ذٰلك كثيرا,Tafsir text placeholder for verse 25:38
25:39,وكلا ضربنا له الامثـٰل ۖ وكلا تبرنا تتبيرا,Tafsir text placeholder for verse 25:39
25:40,ولقد اتوا على القرية التى امطرت مطر السوء ۚ افلم يكونوا يرونها ۚ بل كانوا لا يرجون نشورا,Tafsir text placeholder for verse 25:40
25:41,واذا راوك ان يتخذونك الا هزوا اهـٰذا الذى بعث الله رسولا,Tafsir text placeholder for verse 25:41
25:42,ان كاد ليضلنا عن ءالهتنا لولا ان صبرنا عليها ۚ وسوف يعلمون حين يرون العذاب من اضل سبيلا,Tafsir text placeholder for verse 25:42
25:43,ارءيت من اتخذ الـٰهه هوىٰه افانت تكون عليه وكيلا,Tafsir text placeholder for verse 25:43
25:44,ام تحسب ان اكثرهم يسمعون او يعقلون ۚ ان هم الا كالانعـٰم ۖ بل هم اضل سبيلا,Tafsir text placeholder for verse 25:44
25:45,الم تر الىٰ ربك كيف مد الظل ولو شاء لجعله ساكنا ثم جعلنا الشمس عليه دليلا,Tafsir text placeholder for verse 25:45
25:46,ثم قبضنـٰه الينا قبضا يسيرا,Tafsir text placeholder for verse 25:46
25:47,وهو الذى جعل لكم اليل لباسا والنوم سباتا وجعل النهار نشورا,Tafsir text placeholder for verse 25:47
25:48,وهو الذى ارسل الريـٰح بشرا بين يدى رحمته ۚ وانزلنا من السماء ماء طهورا,Tafsir text placeholder for verse 25:48
25:49,لنحـۧى به بلدة ميتا ونسقيه مما خلقنا انعـٰما واناسى كثيرا,Tafsir text placeholder for verse 25:49
25:50,ولقد صرفنـٰه بينهم ليذكروا فابىٰ اكثر الناس الا كفورا,Tafsir text placeholder for verse 25:50
25:51,ولو شئنا لبعثنا فى كل قرية نذيرا,Tafsir text placeholder for verse 25:51
25:52,فلا تطع الكـٰفرين وجـٰهدهم به جهادا كبيرا,Tafsir text placeholder for verse 25:52
25:53,وهو الذى مرج البحرين هـٰذا عذب فرات وهـٰذا ملح اجاج وجعل بينهما برزخا وحجرا محجورا,Tafsir text placeholder for verse 25:53
25:54,وهو الذى خلق من الماء بشرا فجعله نسبا وصهرا ۗ وكان ربك قديرا,Tafsir text placeholder for verse 25:54
25:55,ويعبدون من دون الله ما لا ينفعهم ولا يضرهم ۗ وكان الكافر علىٰ ربه ظهيرا,Tafsir text placeholder for verse 25:55
25:56,وما ارسلنـٰك الا مبشرا ونذيرا,Tafsir text placeholder for verse 25:56
25:57,قل ما اسـٔلكم عليه من اجر الا من شاء ان يتخذ الىٰ ربه سبيلا,Tafsir text placeholder for verse 25:57
25:58,وتوكل على الحى الذى لا يموت وسبح بحمده ۚ وكفىٰ به بذنوب عباده خبيرا,Tafsir text placeholder for verse 25:58
25:59,الذى خلق السمـٰوٰت والارض وما بينهما فى ستة ايام ثم استوىٰ على العرش ۚ الرحمـٰن فسـٔل به خبيرا,Tafsir text placeholder for verse 25:59
25:60,واذا قيل لهم اسجدوا للرحمـٰن قالوا وما الرحمـٰن انسجد لما تامرنا وزادهم نفورا ۩,Tafsir text placeholder for verse 25:60
25:61,تبارك الذى جعل فى السماء بروجا وجعل فيها سرٰجا وقمرا منيرا,Tafsir text placeholder for verse 25:61
25:62,وهو الذى جعل اليل والنهار خلفة لمن اراد ان يذكر او اراد شكورا,Tafsir text placeholder for verse 25:62
25:63,وعباد الرحمـٰن الذين يمشون على الارض هونا واذا خاطبهم الجـٰهلون قالوا سلـٰما,Tafsir text placeholder for verse 25:63
25:64,والذين يبيتون لربهم سجدا وقيـٰما,Tafsir text placeholder for verse 25:64
25:65,والذين يقولون ربنا اصرف عنا عذاب جهنم ۖ ان عذابها كان غراما,Tafsir text placeholder for verse 25:65
25:66,انها ساءت مستقرا ومقاما,Tafsir text placeholder for verse 25:66
25:67,والذين اذا انفقوا لم يسرفوا ولم يقتروا وكان بين ذٰلك قواما,Tafsir text placeholder for verse 25:67
25:68,والذين لا يدعون مع الله الـٰها ءاخر ولا يقتلون النفس التى حرم الله الا بالحق ولا يزنون ۚ ومن يفعل ذٰلك يلق اثاما,Tafsir text placeholder for verse 25:68
25:69,يضـٰعف له العذاب يوم القيـٰمة ويخلد فيه مهانا,Tafsir text placeholder for verse 25:69
25:70,الا من تاب وءامن وعمل عملا صـٰلحا فاولـٰئك يبدل الله سيـٔاتهم حسنـٰت ۗ وكان الله غفورا رحيما,Tafsir text placeholder for verse 25:70
25:71,ومن تاب وعمل صـٰلحا فانه يتوب الى الله متابا,Tafsir text placeholder for verse 25:71
25:72,والذين لا يشهدون الزور واذا مروا باللغو مروا كراما,Tafsir text placeholder for verse 25:72
25:73,والذين اذا ذكروا بـٔايـٰت ربهم لم يخروا عليها صما وعميانا,Tafsir text placeholder for verse 25:73
25:74,والذين يقولون ربنا هب لنا من ازوٰجنا وذريـٰتنا قرة اعين واجعلنا للمتقين اماما,Tafsir text placeholder for verse 25:74
25:75,اولـٰئك يجزون الغرفة بما صبروا ويلقون فيها تحية وسلـٰما,Tafsir text placeholder for verse 25:75
25:76,خـٰلدين فيها ۚ حسنت مستقرا ومقاما,Tafsir text placeholder for verse 25:76
25:77,قل ما يعبؤا۟ بكم ربى لولا دعاؤكم ۖ فقد كذبتم فسوف يكون لزاما,Tafsir text placeholder for verse 25:77
26:1,طسم,Tafsir text placeholder for verse 26:1
26:2,تلك ءايـٰت الكتـٰب المبين,Tafsir text placeholder for verse 26:2
26:3,لعلك بـٰخع نفسك الا يكونوا مؤمنين,Tafsir text placeholder for verse 26:3
26:4,ان نشا ننزل عليهم من السماء ءاية فظلت اعنـٰقهم لها خـٰضعين,Tafsir text placeholder for verse 26:4
26:5,وما ياتيهم من ذكر من الرحمـٰن محدث الا كانوا عنه معرضين,Tafsir text placeholder for verse 26:5
26:6,فقد كذبوا فسياتيهم انبـٰؤا۟ ما كانوا به يستهزءون,Tafsir text placeholder for verse 26:6
26:7,اولم يروا الى الارض كم انبتنا فيها من كل زوج كريم,Tafsir text placeholder for verse 26:7
26:8,ان فى ذٰلك لـٔاية ۖ وما كان اكثرهم مؤمنين,Tafsir text placeholder for verse 26:8
26:9,وان ربك لهو العزيز الرحيم,Tafsir text placeholder for verse 26:9
26:10,واذ نادىٰ ربك موسىٰ ان ائت القوم الظـٰلمين,Tafsir text placeholder for verse 26:10
26:11,قوم فرعون ۚ الا يتقون,Tafsir text placeholder for verse 26:11
26:12,قال رب انى اخاف ان يكذبون,Tafsir text placeholder for verse 26:12
26:13,ويضيق صدرى ولا ينطلق لسانى فارسل الىٰ هـٰرون,Tafsir text placeholder for verse 26:13
26:14,ولهم على ذنب فاخاف ان يقتلون,Tafsir text placeholder for verse 26:14
26:15,قال كلا ۖ فاذهبا بـٔايـٰتنا ۖ انا معكم مستمعون,Tafsir text placeholder for verse 26:15
26:16,فاتيا فرعون فقولا انا رسول رب العـٰلمين,Tafsir text placeholder for verse 26:16
26:17,ان ارسل معنا بنى اسرٰءيل,Tafsir text placeholder for verse 26:17
26:18,قال الم نربك فينا وليدا ولبثت فينا من عمرك سنين,Tafsir text placeholder for verse 26:18
26:19,وفعلت فعلتك التى فعلت وانت من الكـٰفرين,Tafsir text placeholder for verse 26:19
26:20,قال فعلتها اذا وانا۠ من الضالين,Tafsir text placeholder for verse 26:20
26:21,ففررت منكم لما خفتكم فوهب لى ربى حكما وجعلنى من المرسلين,Tafsir text placeholder for verse 26:21
26:22,وتلك نعمة تمنها على ان عبدت بنى اسرٰءيل,Tafsir text placeholder for verse 26:22
26:23,قال فرعون وما رب العـٰلمين,Tafsir text placeholder for verse 26:23
26:24,قال رب السمـٰوٰت والارض وما بينهما ۖ ان كنتم موقنين,Tafsir text placeholder for verse 26:24
26:25,قال لمن حوله الا تستمعون,Tafsir text placeholder for verse 26:25
26:26,قال ربكم ورب ءابائكم الاولين,Tafsir text placeholder for verse 26:26
26:27,قال ان رسولكم الذى ارسل اليكم لمجنون,Tafsir text placeholder for verse 26:27
26:28,قال رب المشرق والمغرب وما بينهما ۖ ان كنتم تعقلون,Tafsir text placeholder for verse 26:28
26:29,قال لئن اتخذت الـٰها غيرى لاجعلنك من المسجونين,Tafsir text placeholder for verse 26:29
26:30,قال اولو جئتك بشىء مبين,Tafsir text placeholder for verse 26:30
26:31,قال فات به ان كنت من الصـٰدقين,Tafsir text placeholder for verse 26:31
26:32,فالقىٰ عصاه فاذا هى ثعبان مبين,Tafsir text placeholder for verse 26:32
26:33,ونزع يده فاذا هى بيضاء للنـٰظرين,Tafsir text placeholder for verse 26:33
26:34,قال للملا حوله ان هـٰذا لسـٰحر عليم,Tafsir text placeholder for verse 26:34
26:35,يريد ان يخرجكم من ارضكم بسحره فماذا تامرون,Tafsir text placeholder for verse 26:35
26:36,قالوا ارجه واخاه وابعث فى المدائن حـٰشرين,Tafsir text placeholder for verse 26:36
26:37,ياتوك بكل سحار عليم,Tafsir text placeholder for verse 26:37
26:38,فجمع السحرة لميقـٰت يوم معلوم,Tafsir text placeholder for verse 26:38
26:39,وقيل للناس هل انتم مجتمعون,Tafsir text placeholder for verse 26:39
26:40,لعلنا نتبع السحرة ان كانوا هم الغـٰلبين,Tafsir text placeholder for verse 26:40
26:41,فلما جاء السحرة قالوا لفرعون ائن لنا لاجرا ان كنا نحن الغـٰلبين,Tafsir text placeholder for verse 26:41
26:42,قال نعم وانكم اذا لمن المقربين,Tafsir text placeholder for verse 26:42
26:43,قال لهم موسىٰ القوا ما انتم ملقون,Tafsir text placeholder for verse 26:43
26:44,فالقوا حبالهم وعصيهم وقالوا بعزة فرعون انا لنحن الغـٰلبون,Tafsir text placeholder for verse 26:44
26:45,فالقىٰ موسىٰ عصاه فاذا هى تلقف ما يافكون,Tafsir text placeholder for verse 26:45
26:46,فالقى السحرة سـٰجدين,Tafsir text placeholder for verse 26:46
26:47,قالوا ءامنا برب العـٰلمين,Tafsir text placeholder for verse 26:47
26:48,رب موسىٰ وهـٰرون,Tafsir text placeholder for verse 26:48
26:49,قال ءامنتم له قبل ان ءاذن لكم ۖ انه لكبيركم الذى علمكم السحر فلسوف تعلمون ۚ لاقطعن ايديكم وارجلكم من خلـٰف ولاصلبنكم اجمعين,Tafsir text placeholder for verse 26:49
26:50,قالوا لا ضير ۖ انا الىٰ ربنا منقلبون,Tafsir text placeholder for verse 26:50
26:51,انا نطمع ان يغفر لنا ربنا خطـٰيـٰنا ان كنا اول المؤمنين,Tafsir text placeholder for verse 26:51
26:52,واوحينا الىٰ موسىٰ ان اسر بعبادى انكم متبعون,Tafsir text placeholder for verse 26:52
26:53,فارسل فرعون فى المدائن حـٰشرين,Tafsir text placeholder for verse 26:53
26:54,ان هـٰؤلاء لشرذمة قليلون,Tafsir text placeholder for verse 26:54
26:55,وانهم لنا لغائظون,Tafsir text placeholder for verse 26:55
26:56,وانا لجميع حـٰذرون,Tafsir text placeholder for verse 26:56
26:57,فاخرجنـٰهم من جنـٰت وعيون,Tafsir text placeholder for verse 26:57
26:58,وكنوز ومقام كريم,Tafsir text placeholder for verse 26:58
26:59,كذٰلك واورثنـٰها بنى اسرٰءيل,Tafsir text placeholder for verse 26:59
26:60,فاتبعوهم مشرقين,Tafsir text placeholder for verse 26:60
26:61,فلما ترٰءا الجمعان قال اصحـٰب موسىٰ انا لمدركون,Tafsir text placeholder for verse 26:61
26:62,قال كلا ۖ ان معى ربى سيهدين,Tafsir text placeholder for verse 26:62
26:63,فاوحينا الىٰ موسىٰ ان اضرب بعصاك البحر ۖ فانفلق فكان كل فرق كالطود العظيم,Tafsir text placeholder for verse 26:63
26:64,وازلفنا ثم الـٔاخرين,Tafsir text placeholder for verse 26:64
26:65,وانجينا موسىٰ ومن معه اجمعين,Tafsir text placeholder for verse 26:65
26:66,ثم اغرقنا الـٔاخرين,Tafsir text placeholder for verse 26:66
26:67,ان فى ذٰلك لـٔاية ۖ وما كان اكثرهم مؤمنين,Tafsir text placeholder for verse 26:67
26:68,وان ربك لهو العزيز الرحيم,Tafsir text placeholder for verse 26:68
26:69,واتل عليهم نبا ابرٰهيم,Tafsir text placeholder for verse 26:69
26:70,اذ قال لابيه وقومه ما تعبدون,Tafsir text placeholder for verse 26:70
26:71,قالوا نعبد اصناما فنظل لها عـٰكفين,Tafsir text placeholder for verse 26:71
26:72,قال هل يسمعونكم اذ تدعون,Tafsir text placeholder for verse 26:72
26:73,او ينفعونكم او يضرون,Tafsir text placeholder for verse 26:73
26:74,قالوا بل وجدنا ءاباءنا كذٰلك يفعلون,Tafsir text placeholder for verse 26:74
26:75,قال افرءيتم ما كنتم تعبدون,Tafsir text placeholder for verse 26:75
26:76,انتم وءاباؤكم الاقدمون,Tafsir text placeholder for verse 26:76
26:77,فانهم عدو لى الا رب العـٰلمين,Tafsir text placeholder for verse 26:77
26:78,الذى خلقنى فهو يهدين,Tafsir text placeholder for verse 26:78
26:79,والذى هو يطعمنى ويسقين,Tafsir text placeholder for verse 26:79
26:80,واذا مرضت فهو يشفين,Tafsir text placeholder for verse 26:80
26:81,والذى يميتنى ثم يحيين,Tafsir text placeholder for verse 26:81
26:82,والذى اطمع ان يغفر لى خطيـٔتى يوم الدين,Tafsir text placeholder for verse 26:82
26:83,رب هب لى حكما والحقنى بالصـٰلحين,Tafsir text placeholder for verse 26:83
26:84,واجعل لى لسان صدق فى الـٔاخرين,Tafsir text placeholder for verse 26:84
26:85,واجعلنى من ورثة جنة النعيم,Tafsir text placeholder for verse 26:85
26:86,واغفر لابى انه كان من الضالين,Tafsir text placeholder for verse 26:86
26:87,ولا تخزنى يوم يبعثون,Tafsir text placeholder for verse 26:87
26:88,يوم لا ينفع مال ولا بنون,Tafsir text placeholder for verse 26:88
26:89,الا من اتى الله بقلب سليم,Tafsir text placeholder for verse 26:89
26:90,وازلفت الجنة للمتقين,Tafsir text placeholder for verse 26:90
26:91,وبرزت الجحيم للغاوين,Tafsir text placeholder for verse 26:91
26:92,وقيل لهم اين ما كنتم تعبدون,Tafsir text placeholder for verse 26:92
26:93,من دون الله هل ينصرونكم او ينتصرون,Tafsir text placeholder for verse 26:93
26:94,فكبكبوا فيها هم والغاوۥن,Tafsir text placeholder for verse 26:94
26:95,وجنود ابليس اجمعون,Tafsir text placeholder for verse 26:95
26:96,قالوا وهم فيها يختصمون,Tafsir text placeholder for verse 26:96
26:97,تالله ان كنا لفى ضلـٰل مبين,Tafsir text placeholder for verse 26:97
26:98,اذ نسويكم برب العـٰلمين,Tafsir text placeholder for verse 26:98
26:99,وما اضلنا الا المجرمون,Tafsir text placeholder for verse 26:99
26:100,فما لنا من شـٰفعين,Tafsir text placeholder for verse 26:100
26:101,ولا صديق حميم,Tafsir text placeholder for verse 26:101
26:102,فلو ان لنا كرة فنكون من المؤمنين,Tafsir text placeholder for verse 26:102
26:103,ان فى ذٰلك لـٔاية ۖ وما كان اكثرهم مؤمنين,Tafsir text placeholder for verse 26:103
26:104,وان ربك لهو العزيز الرحيم,Tafsir text placeholder for verse 26:104
26:105,كذبت قوم نوح المرسلين,Tafsir text placeholder for verse 26:105
26:106,اذ قال لهم اخوهم نوح الا تتقون,Tafsir text placeholder for verse 26:106
26:107,انى لكم رسول امين,Tafsir text placeholder for verse 26:107
26:108,فاتقوا الله واطيعون,Tafsir text placeholder for verse 26:108
26:109,وما اسـٔلكم عليه من اجر ۖ ان اجرى الا علىٰ رب العـٰلمين,Tafsir text placeholder for verse 26:109
26:110,فاتقوا الله واطيعون,Tafsir text placeholder for verse 26:110
26:111,قالوا انؤمن لك واتبعك الارذلون,Tafsir text placeholder for verse 26:111
26:112,قال وما علمى بما كانوا يعملون,Tafsir text placeholder for verse 26:112
26:113,ان حسابهم الا علىٰ ربى ۖ لو تشعرون,Tafsir text placeholder for verse 26:113
26:114,وما انا۠ بطارد المؤمنين,Tafsir text placeholder for verse 26:114
26:115,ان انا۠ الا نذير مبين,Tafsir text placeholder for verse 26:115
26:116,قالوا لئن لم تنته يـٰنوح لتكونن من المرجومين,Tafsir text placeholder for verse 26:116
26:117,قال رب ان قومى كذبون,Tafsir text placeholder for verse 26:117
26:118,فافتح بينى وبينهم فتحا ونجنى ومن معى من المؤمنين,Tafsir text placeholder for verse 26:118
26:119,فانجينـٰه ومن معه فى الفلك المشحون,Tafsir text placeholder for verse 26:119
26:120,ثم اغرقنا بعد الباقين,Tafsir text placeholder for verse 26:120
26:121,ان فى ذٰلك لـٔاية ۖ وما كان اكثرهم مؤمنين,Tafsir text placeholder for verse 26:121
26:122,وان ربك لهو العزيز الرحيم,Tafsir text placeholder for verse 26:122
26:123,كذبت عاد المرسلين,Tafsir text placeholder for verse 26:123
26:124,اذ قال لهم اخوهم هود الا تتقون,Tafsir text placeholder for verse 26:124
26:125,انى لكم رسول امين,Tafsir text placeholder for verse 26:125
26:126,فاتقوا الله واطيعون,Tafsir text placeholder for verse 26:126
26:127,وما اسـٔلكم عليه من اجر ۖ ان اجرى الا علىٰ رب العـٰلمين,Tafsir text placeholder for verse 26:127
26:128,اتبنون بكل ريع ءاية تعبثون,Tafsir text placeholder for verse 26:128
26:129,وتتخذون مصانع لعلكم تخلدون,Tafsir text placeholder for verse 26:129
26:130,واذا بطشتم بطشتم جبارين,Tafsir text placeholder for verse 26:130
26:131,فاتقوا الله واطيعون,Tafsir text placeholder for verse 26:131
26:132,واتقوا الذى امدكم بما تعلمون,Tafsir text placeholder for verse 26:132
26:133,امدكم بانعـٰم وبنين,Tafsir text placeholder for verse 26:133
26:134,وجنـٰت وعيون,Tafsir text placeholder for verse 26:134
26:135,انى اخاف عليكم عذاب يوم عظيم,Tafsir text placeholder for verse 26:135
26:136,قالوا سواء علينا اوعظت ام لم تكن من الوٰعظين,Tafsir text placeholder for verse 26:136
26:137,ان هـٰذا الا خلق الاولين,Tafsir text placeholder for verse 26:137
26:138,وما نحن بمعذبين,Tafsir text placeholder for verse 26:138
26:139,فكذبوه فاهلكنـٰهم ۗ ان فى ذٰلك لـٔاية ۖ وما كان اكثرهم مؤمنين,Tafsir text placeholder for verse 26:139
26:140,وان ربك لهو العزيز الرحيم,Tafsir text placeholder for verse 26:140
26:141,كذبت ثمود المرسلين,Tafsir text placeholder for verse 26:141
26:142,اذ قال لهم اخوهم صـٰلح الا تتقون,Tafsir text placeholder for verse 26:142
26:143,انى لكم رسول امين,Tafsir text placeholder for verse 26:143
26:144,فاتقوا الله واطيعون,Tafsir text placeholder for verse 26:144
26:145,وما اسـٔلكم عليه من اجر ۖ ان اجرى الا علىٰ رب العـٰلمين,Tafsir text placeholder for verse 26:145
26:146,اتتركون فى ما هـٰهنا ءامنين,Tafsir text placeholder for verse 26:146
26:147,فى جنـٰت وعيون,Tafsir text placeholder for verse 26:147
26:148,وزروع ونخل طلعها هضيم,Tafsir text placeholder for verse 26:148
26:149,وتنحتون من الجبال بيوتا فـٰرهين,Tafsir text placeholder for verse 26:149
26:150,فاتقوا الله واطيعون,Tafsir text placeholder for verse 26:150
26:151,ولا تطيعوا امر المسرفين,Tafsir text placeholder for verse 26:151
26:152,الذين يفسدون فى الارض ولا يصلحون,Tafsir text placeholder for verse 26:152
26:153,قالوا انما انت من المسحرين,Tafsir text placeholder for verse 26:153
26:154,ما انت الا بشر مثلنا فات بـٔاية ان كنت من الصـٰدقين,Tafsir text placeholder for verse 26:154
26:155,قال هـٰذه ناقة لها شرب ولكم شرب يوم معلوم,Tafsir text placeholder for verse 26:155
26:156,ولا تمسوها بسوء فياخذكم عذاب يوم عظيم,Tafsir text placeholder for verse 26:156
26:157,فعقروها فاصبحوا نـٰدمين,Tafsir text placeholder for verse 26:157
26:158,فاخذهم العذاب ۗ ان فى ذٰلك لـٔاية ۖ وما كان اكثرهم مؤمنين,Tafsir text placeholder for verse 26:158
26:159,وان ربك لهو العزيز الرحيم,Tafsir text placeholder for verse 26:159
26:160,كذبت قوم لوط المرسلين,Tafsir text placeholder for verse 26:160
26:161,اذ قال لهم اخوهم لوط الا تتقون,Tafsir text placeholder for verse 26:161
26:162,انى لكم رسول امين,Tafsir text placeholder for verse 26:162
26:163,فاتقوا الله واطيعون,Tafsir text placeholder for verse 26:163
26:164,وما اسـٔلكم عليه من اجر ۖ ان اجرى الا علىٰ رب العـٰلمين,Tafsir text placeholder for verse 26:164
26:165,اتاتون الذكران من العـٰلمين,Tafsir text placeholder for verse 26:165
26:166,وتذرون ما خلق لكم ربكم من ازوٰجكم ۚ بل انتم قوم عادون,Tafsir text placeholder for verse 26:166
26:167,قالوا لئن لم تنته يـٰلوط لتكونن من المخرجين,Tafsir text placeholder for verse 26:167
26:168,قال انى لعملكم من القالين,Tafsir text placeholder for verse 26:168
26:169,رب نجنى واهلى مما يعملون,Tafsir text placeholder for verse 26:169
26:170,فنجينـٰه واهله اجمعين,Tafsir text placeholder for verse 26:170
26:171,الا عجوزا فى الغـٰبرين,Tafsir text placeholder for verse 26:171
26:172,ثم دمرنا الـٔاخرين,Tafsir text placeholder for verse 26:172
26:173,وامطرنا عليهم مطرا ۖ فساء مطر المنذرين,Tafsir text placeholder for verse 26:173
26:174,ان فى ذٰلك لـٔاية ۖ وما كان اكثرهم مؤمنين,Tafsir text placeholder for verse 26:174
26:175,وان ربك لهو العزيز الرحيم,Tafsir text placeholder for verse 26:175
26:176,كذب اصحـٰب لـٔيكة المرسلين,Tafsir text placeholder for verse 26:176
26:177,اذ قال لهم شعيب الا تتقون,Tafsir text placeholder for verse 26:177
26:178,انى لكم رسول امين,Tafsir text placeholder for verse 26:178
26:179,فاتقوا الله واطيعون,Tafsir text placeholder for verse 26:179
26:180,وما اسـٔلكم عليه من اجر ۖ ان اجرى الا علىٰ رب العـٰلمين,Tafsir text placeholder for verse 26:180
26:181,اوفوا الكيل ولا تكونوا من المخسرين,Tafsir text placeholder for verse 26:181
26:182,وزنوا بالقسطاس المستقيم,Tafsir text placeholder for verse 26:182
26:183,ولا تبخسوا الناس اشياءهم ولا تعثوا فى الارض مفسدين,Tafsir text placeholder for verse 26:183
26:184,واتقوا الذى خلقكم والجبلة الاولين,Tafsir text placeholder for verse 26:184
26:185,قالوا انما انت من المسحرين,Tafsir text placeholder for verse 26:185
26:186,وما انت الا بشر مثلنا وان نظنك لمن الكـٰذبين,Tafsir text placeholder for verse 26:186
26:187,فاسقط علينا كسفا من السماء ان كنت من الصـٰدقين,Tafsir text placeholder for verse 26:187
26:188,قال ربى اعلم بما تعملون,Tafsir text placeholder for verse 26:188
26:189,فكذبوه فاخذهم عذاب يوم الظلة ۚ انه كان عذاب يوم عظيم,Tafsir text placeholder for verse 26:189
26:190,ان فى ذٰلك لـٔاية ۖ وما كان اكثرهم مؤمنين,Tafsir text placeholder for verse 26:190
26:191,وان ربك لهو العزيز الرحيم,Tafsir text placeholder for verse 26:191
26:192,وانه لتنزيل رب العـٰلمين,Tafsir text placeholder for verse 26:192
26:193,نزل به الروح الامين,Tafsir text placeholder for verse 26:193
26:194,علىٰ قلبك لتكون من المنذرين,Tafsir text placeholder for verse 26:194
26:195,بلسان عربى مبين,Tafsir text placeholder for verse 26:195
26:196,وانه لفى زبر الاولين,Tafsir text placeholder for verse 26:196
26:197,اولم يكن لهم ءاية ان يعلمه علمـٰؤا۟ بنى اسرٰءيل,Tafsir text placeholder for verse 26:197
26:198,ولو نزلنـٰه علىٰ بعض الاعجمين,Tafsir text placeholder for verse 26:198
26:199,فقراه عليهم ما كانوا به مؤمنين,Tafsir text placeholder for verse 26:199
26:200,كذٰلك سلكنـٰه فى قلوب المجرمين,Tafsir text placeholder for verse 26:200
26:201,لا يؤمنون به حتىٰ يروا العذاب الاليم,Tafsir text placeholder for verse 26:201
26:202,فياتيهم بغتة وهم لا يشعرون,Tafsir text placeholder for verse 26:202
26:203,فيقولوا هل نحن منظرون,Tafsir text placeholder for verse 26:203
26:204,افبعذابنا يستعجلون,Tafsir text placeholder for verse 26:204
26:205,افرءيت ان متعنـٰهم سنين,Tafsir text placeholder for verse 26:205
26:206,ثم جاءهم ما كانوا يوعدون,Tafsir text placeholder for verse 26:206
26:207,ما اغنىٰ عنهم ما كانوا يمتعون,Tafsir text placeholder for verse 26:207
26:208,وما اهلكنا من قرية الا لها منذرون,Tafsir text placeholder for verse 26:208
26:209,ذكرىٰ وما كنا ظـٰلمين,Tafsir text placeholder for verse 26:209
26:210,وما تنزلت به الشيـٰطين,Tafsir text placeholder for verse 26:210
26:211,وما ينبغى لهم وما يستطيعون,Tafsir text placeholder for verse 26:211
26:212,انهم عن السمع لمعزولون,Tafsir text placeholder for verse 26:212
26:213,فلا تدع مع الله الـٰها ءاخر فتكون من المعذبين,Tafsir text placeholder for verse 26:213
26:214,وانذر عشيرتك الاقربين,Tafsir text placeholder for verse 26:214
26:215,واخفض جناحك لمن اتبعك من المؤمنين,Tafsir text placeholder for verse 26:215
26:216,فان عصوك فقل انى برىء مما تعملون,Tafsir text placeholder for verse 26:216
26:217,وتوكل على العزيز الرحيم,Tafsir text placeholder for verse 26:217
26:218,الذى يرىٰك حين تقوم,Tafsir text placeholder for verse 26:218
26:219,وتقلبك فى السـٰجدين,Tafsir text placeholder for verse 26:219
26:220,انه هو السميع العليم,Tafsir text placeholder for verse 26:220
26:221,هل انبئكم علىٰ من تنزل الشيـٰطين,Tafsir text placeholder for verse 26:221
26:222,تنزل علىٰ كل افاك اثيم,Tafsir text placeholder for verse 26:222
26:223,يلقون السمع واكثرهم كـٰذبون,Tafsir text placeholder for verse 26:223
26:224,والشعراء يتبعهم الغاوۥن,Tafsir text placeholder for verse 26:224
26:225,الم تر انهم فى كل واد يهيمون,Tafsir text placeholder for verse 26:225
26:226,وانهم يقولون ما لا يفعلون,Tafsir text placeholder for verse 26:226
26:227,الا الذين ءامنوا وعملوا الصـٰلحـٰت وذكروا الله كثيرا وانتصروا من بعد ما ظلموا ۗ وسيعلم الذين ظلموا اى منقلب ينقلبون,Tafsir text placeholder for verse 26:227
27:1,طس ۚ تلك ءايـٰت القرءان وكتاب مبين,Tafsir text placeholder for verse 27:1
27:2,هدى وبشرىٰ للمؤمنين,Tafsir text placeholder for verse 27:2
27:3,الذين يقيمون الصلوٰة ويؤتون الزكوٰة وهم بالـٔاخرة هم يوقنون,Tafsir text placeholder for verse 27:3
27:4,ان الذين لا يؤمنون بالـٔاخرة زينا لهم اعمـٰلهم فهم يعمهون,Tafsir text placeholder for verse 27:4
27:5,اولـٰئك الذين لهم سوء العذاب وهم فى الـٔاخرة هم الاخسرون,Tafsir text placeholder for verse 27:5
27:6,وانك لتلقى القرءان من لدن حكيم عليم,Tafsir text placeholder for verse 27:6
27:7,اذ قال موسىٰ لاهله انى ءانست نارا سـٔاتيكم منها بخبر او ءاتيكم بشهاب قبس لعلكم تصطلون,Tafsir text placeholder for verse 27:7
27:8,فلما جاءها نودى ان بورك من فى النار ومن حولها وسبحـٰن الله رب العـٰلمين,Tafsir text placeholder for verse 27:8
27:9,يـٰموسىٰ انه انا الله العزيز الحكيم,Tafsir text placeholder for verse 27:9
27:10,والق عصاك ۚ فلما رءاها تهتز كانها جان ولىٰ مدبرا ولم يعقب ۚ يـٰموسىٰ لا تخف انى لا يخاف لدى المرسلون,Tafsir text placeholder for verse 27:10
27:11,الا من ظلم ثم بدل حسنا بعد سوء فانى غفور رحيم,Tafsir text placeholder for verse 27:11
27:12,وادخل يدك فى جيبك تخرج بيضاء من غير سوء ۖ فى تسع ءايـٰت الىٰ فرعون وقومه ۚ انهم كانوا قوما فـٰسقين,Tafsir text placeholder for verse 27:12
27:13,فلما جاءتهم ءايـٰتنا مبصرة قالوا هـٰذا سحر مبين,Tafsir text placeholder for verse 27:13
27:14,وجحدوا بها واستيقنتها انفسهم ظلما وعلوا ۚ فانظر كيف كان عـٰقبة المفسدين,Tafsir text placeholder for verse 27:14
27:15,ولقد ءاتينا داوۥد وسليمـٰن علما ۖ وقالا الحمد لله الذى فضلنا علىٰ كثير من عباده المؤمنين,Tafsir text placeholder for verse 27:15
27:16,وورث سليمـٰن داوۥد ۖ وقال يـٰايها الناس علمنا منطق الطير واوتينا من كل شىء ۖ ان هـٰذا لهو الفضل المبين,Tafsir text placeholder for verse 27:16
27:17,وحشر لسليمـٰن جنوده من الجن والانس والطير فهم يوزعون,Tafsir text placeholder for verse 27:17
27:18,حتىٰ اذا اتوا علىٰ واد النمل قالت نملة يـٰايها النمل ادخلوا مسـٰكنكم لا يحطمنكم سليمـٰن وجنوده وهم لا يشعرون,Tafsir text placeholder for verse 27:18
27:19,فتبسم ضاحكا من قولها وقال رب اوزعنى ان اشكر نعمتك التى انعمت على وعلىٰ وٰلدى وان اعمل صـٰلحا ترضىٰه وادخلنى برحمتك فى عبادك الصـٰلحين,Tafsir text placeholder for verse 27:19
27:20,وتفقد الطير فقال ما لى لا ارى الهدهد ام كان من الغائبين,Tafsir text placeholder for verse 27:20
27:21,لاعذبنه عذابا شديدا او لاا۟ذبحنه او لياتينى بسلطـٰن مبين,Tafsir text placeholder for verse 27:21
27:22,فمكث غير بعيد فقال احطت بما لم تحط به وجئتك من سبا بنبا يقين,Tafsir text placeholder for verse 27:22
27:23,انى وجدت امراة تملكهم واوتيت من كل شىء ولها عرش عظيم,Tafsir text placeholder for verse 27:23
27:24,وجدتها وقومها يسجدون للشمس من دون الله وزين لهم الشيطـٰن اعمـٰلهم فصدهم عن السبيل فهم لا يهتدون,Tafsir text placeholder for verse 27:24
27:25,الا يسجدوا لله الذى يخرج الخبء فى السمـٰوٰت والارض ويعلم ما تخفون وما تعلنون,Tafsir text placeholder for verse 27:25
27:26,الله لا الـٰه الا هو رب العرش العظيم ۩,Tafsir text placeholder for verse 27:26
27:27,قال سننظر اصدقت ام كنت من الكـٰذبين,Tafsir text placeholder for verse 27:27
27:28,اذهب بكتـٰبى هـٰذا فالقه اليهم ثم تول عنهم فانظر ماذا يرجعون,Tafsir text placeholder for verse 27:28
27:29,قالت يـٰايها الملؤا۟ انى القى الى كتـٰب كريم,Tafsir text placeholder for verse 27:29
27:30,انه من سليمـٰن وانه بسم الله الرحمـٰن الرحيم,Tafsir text placeholder for verse 27:30
27:31,الا تعلوا على واتونى مسلمين,Tafsir text placeholder for verse 27:31
27:32,قالت يـٰايها الملؤا۟ افتونى فى امرى ما كنت قاطعة امرا حتىٰ تشهدون,Tafsir text placeholder for verse 27:32
27:33,قالوا نحن اولوا قوة واولوا باس شديد والامر اليك فانظرى ماذا تامرين,Tafsir text placeholder for verse 27:33
27:34,قالت ان الملوك اذا دخلوا قرية افسدوها وجعلوا اعزة اهلها اذلة ۖ وكذٰلك يفعلون,Tafsir text placeholder for verse 27:34
27:35,وانى مرسلة اليهم بهدية فناظرة بم يرجع المرسلون,Tafsir text placeholder for verse 27:35
27:36,فلما جاء سليمـٰن قال اتمدونن بمال فما ءاتىٰنۦ الله خير مما ءاتىٰكم بل انتم بهديتكم تفرحون,Tafsir text placeholder for verse 27:36
27:37,ارجع اليهم فلناتينهم بجنود لا قبل لهم بها ولنخرجنهم منها اذلة وهم صـٰغرون,Tafsir text placeholder for verse 27:37
27:38,قال يـٰايها الملؤا۟ ايكم ياتينى بعرشها قبل ان ياتونى مسلمين,Tafsir text placeholder for verse 27:38
27:39,قال عفريت من الجن انا۠ ءاتيك به قبل ان تقوم من مقامك ۖ وانى عليه لقوى امين,Tafsir text placeholder for verse 27:39
27:40,قال الذى عنده علم من الكتـٰب انا۠ ءاتيك به قبل ان يرتد اليك طرفك ۚ فلما رءاه مستقرا عنده قال هـٰذا من فضل ربى ليبلونى ءاشكر ام اكفر ۖ ومن شكر فانما يشكر لنفسه ۖ ومن كفر فان ربى غنى كريم,Tafsir text placeholder for verse 27:40
27:41,قال نكروا لها عرشها ننظر اتهتدى ام تكون من الذين لا يهتدون,Tafsir text placeholder for verse 27:41
27:42,فلما جاءت قيل اهـٰكذا عرشك ۖ قالت كانه هو ۚ واوتينا العلم من قبلها وكنا مسلمين,Tafsir text placeholder for verse 27:42
27:43,وصدها ما كانت تعبد من دون الله ۖ انها كانت من قوم كـٰفرين,Tafsir text placeholder for verse 27:43
27:44,قيل لها ادخلى الصرح ۖ فلما راته حسبته لجة وكشفت عن ساقيها ۚ قال انه صرح ممرد من قوارير ۗ قالت رب انى ظلمت نفسى واسلمت مع سليمـٰن لله رب العـٰلمين,Tafsir text placeholder for verse 27:44
27:45,ولقد ارسلنا الىٰ ثمود اخاهم صـٰلحا ان اعبدوا الله فاذا هم فريقان يختصمون,Tafsir text placeholder for verse 27:45
27:46,قال يـٰقوم لم تستعجلون بالسيئة قبل الحسنة ۖ لولا تستغفرون الله لعلكم ترحمون,Tafsir text placeholder for verse 27:46
27:47,قالوا اطيرنا بك وبمن معك ۚ قال طـٰئركم عند الله ۖ بل انتم قوم تفتنون,Tafsir text placeholder for verse 27:47
27:48,وكان فى المدينة تسعة رهط يفسدون فى الارض ولا يصلحون,Tafsir text placeholder for verse 27:48
27:49,قالوا تقاسموا بالله لنبيتنه واهله ثم لنقولن لوليه ما شهدنا مهلك اهله وانا لصـٰدقون,Tafsir text placeholder for verse 27:49
27:50,ومكروا مكرا ومكرنا مكرا وهم لا يشعرون,Tafsir text placeholder for verse 27:50
27:51,فانظر كيف كان عـٰقبة مكرهم انا دمرنـٰهم وقومهم اجمعين,Tafsir text placeholder for verse 27:51
27:52,فتلك بيوتهم خاوية بما ظلموا ۗ ان فى ذٰلك لـٔاية لقوم يعلمون,Tafsir text placeholder for verse 27:52
27:53,وانجينا الذين ءامنوا وكانوا يتقون,Tafsir text placeholder for verse 27:53
27:54,ولوطا اذ قال لقومه اتاتون الفـٰحشة وانتم تبصرون,Tafsir text placeholder for verse 27:54
27:55,ائنكم لتاتون الرجال شهوة من دون النساء ۚ بل انتم قوم تجهلون,Tafsir text placeholder for verse 27:55
27:56,فما كان جواب قومه الا ان قالوا اخرجوا ءال لوط من قريتكم ۖ انهم اناس يتطهرون,Tafsir text placeholder for verse 27:56
27:57,فانجينـٰه واهله الا امراته قدرنـٰها من الغـٰبرين,Tafsir text placeholder for verse 27:57
27:58,وامطرنا عليهم مطرا ۖ فساء مطر المنذرين,Tafsir text placeholder for verse 27:58
27:59,قل الحمد لله وسلـٰم علىٰ عباده الذين اصطفىٰ ۗ ءالله خير اما يشركون,Tafsir text placeholder for verse 27:59
27:60,امن خلق السمـٰوٰت والارض وانزل لكم من السماء ماء فانبتنا به حدائق ذات بهجة ما كان لكم ان تنبتوا شجرها ۗ اءلـٰه مع الله ۚ بل هم قوم يعدلون,Tafsir text placeholder for verse 27:60
27:61,امن جعل الارض قرارا وجعل خلـٰلها انهـٰرا وجعل لها روٰسى وجعل بين البحرين حاجزا ۗ اءلـٰه مع الله ۚ بل اكثرهم لا يعلمون,Tafsir text placeholder for verse 27:61
27:62,امن يجيب المضطر اذا دعاه ويكشف السوء ويجعلكم خلفاء الارض ۗ اءلـٰه مع الله ۚ قليلا ما تذكرون,Tafsir text placeholder for verse 27:62
27:63,امن يهديكم فى ظلمـٰت البر والبحر ومن يرسل الريـٰح بشرا بين يدى رحمته ۗ اءلـٰه مع الله ۚ تعـٰلى الله عما يشركون,Tafsir text placeholder for verse 27:63
27:64,امن يبدؤا۟ الخلق ثم يعيده ومن يرزقكم من السماء والارض ۗ اءلـٰه مع الله ۚ قل هاتوا برهـٰنكم ان كنتم صـٰدقين,Tafsir text placeholder for verse 27:64
27:65,قل لا يعلم من فى السمـٰوٰت والارض الغيب الا الله ۚ وما يشعرون ايان يبعثون,Tafsir text placeholder for verse 27:65
27:66,بل ادٰرك علمهم فى الـٔاخرة ۚ بل هم فى شك منها ۖ بل هم منها عمون,Tafsir text placeholder for verse 27:66
27:67,وقال الذين كفروا اءذا كنا ترٰبا وءاباؤنا ائنا لمخرجون,Tafsir text placeholder for verse 27:67
27:68,لقد وعدنا هـٰذا نحن وءاباؤنا من قبل ان هـٰذا الا اسـٰطير الاولين,Tafsir text placeholder for verse 27:68
27:69,قل سيروا فى الارض فانظروا كيف كان عـٰقبة المجرمين,Tafsir text placeholder for verse 27:69
27:70,ولا تحزن عليهم ولا تكن فى ضيق مما يمكرون,Tafsir text placeholder for verse 27:70
27:71,ويقولون متىٰ هـٰذا الوعد ان كنتم صـٰدقين,Tafsir text placeholder for verse 27:71
27:72,قل عسىٰ ان يكون ردف لكم بعض الذى تستعجلون,Tafsir text placeholder for verse 27:72
27:73,وان ربك لذو فضل على الناس ولـٰكن اكثرهم لا يشكرون,Tafsir text placeholder for verse 27:73
27:74,وان ربك ليعلم ما تكن صدورهم وما يعلنون,Tafsir text placeholder for verse 27:74
27:75,وما من غائبة فى السماء والارض الا فى كتـٰب مبين,Tafsir text placeholder for verse 27:75
27:76,ان هـٰذا القرءان يقص علىٰ بنى اسرٰءيل اكثر الذى هم فيه يختلفون,Tafsir text placeholder for verse 27:76
27:77,وانه لهدى ورحمة للمؤمنين,Tafsir text placeholder for verse 27:77
27:78,ان ربك يقضى بينهم بحكمه ۚ وهو العزيز العليم,Tafsir text placeholder for verse 27:78
27:79,فتوكل على الله ۖ انك على الحق المبين,Tafsir text placeholder for verse 27:79
27:80,انك لا تسمع الموتىٰ ولا تسمع الصم الدعاء اذا ولوا مدبرين,Tafsir text placeholder for verse 27:80
27:81,وما انت بهـٰدى العمى عن ضلـٰلتهم ۖ ان تسمع الا من يؤمن بـٔايـٰتنا فهم مسلمون,Tafsir text placeholder for verse 27:81
27:82,واذا وقع القول عليهم اخرجنا لهم دابة من الارض تكلمهم ان الناس كانوا بـٔايـٰتنا لا يوقنون,Tafsir text placeholder for verse 27:82
27:83,ويوم نحشر من كل امة فوجا ممن يكذب بـٔايـٰتنا فهم يوزعون,Tafsir text placeholder for verse 27:83
27:84,حتىٰ اذا جاءو قال اكذبتم بـٔايـٰتى ولم تحيطوا بها علما اماذا كنتم تعملون,Tafsir text placeholder for verse 27:84
27:85,ووقع القول عليهم بما ظلموا فهم لا ينطقون,Tafsir text placeholder for verse 27:85
27:86,الم يروا انا جعلنا اليل ليسكنوا فيه والنهار مبصرا ۚ ان فى ذٰلك لـٔايـٰت لقوم يؤمنون,Tafsir text placeholder for verse 27:86
27:87,ويوم ينفخ فى الصور ففزع من فى السمـٰوٰت ومن فى الارض الا من شاء الله ۚ وكل اتوه دٰخرين,Tafsir text placeholder for verse 27:87
27:88,وترى الجبال تحسبها جامدة وهى تمر مر السحاب ۚ صنع الله الذى اتقن كل شىء ۚ انه خبير بما تفعلون,Tafsir text placeholder for verse 27:88
27:89,من جاء بالحسنة فله خير منها وهم من فزع يومئذ ءامنون,Tafsir text placeholder for verse 27:89
27:90,ومن جاء بالسيئة فكبت وجوههم فى النار هل تجزون الا ما كنتم تعملون,Tafsir text placeholder for verse 27:90
27:91,انما امرت ان اعبد رب هـٰذه البلدة الذى حرمها وله كل شىء ۖ وامرت ان اكون من المسلمين,Tafsir text placeholder for verse 27:91
27:92,وان اتلوا۟ القرءان ۖ فمن اهتدىٰ فانما يهتدى لنفسه ۖ ومن ضل فقل انما انا۠ من المنذرين,Tafsir text placeholder for verse 27:92
27:93,وقل الحمد لله سيريكم ءايـٰته فتعرفونها ۚ وما ربك بغـٰفل عما تعملون,Tafsir text placeholder for verse 27:93
28:1,طسم,Tafsir text placeholder for verse 28:1
28:2,تلك ءايـٰت الكتـٰب المبين,Tafsir text placeholder for verse 28:2
28:3,نتلوا عليك من نبا موسىٰ وفرعون بالحق لقوم يؤمنون,Tafsir text placeholder for verse 28:3
28:4,ان فرعون علا فى الارض وجعل اهلها شيعا يستضعف طائفة منهم يذبح ابناءهم ويستحيۦ نساءهم ۚ انه كان من المفسدين,Tafsir text placeholder for verse 28:4
28:5,ونريد ان نمن على الذين استضعفوا فى الارض ونجعلهم ائمة ونجعلهم الوٰرثين,Tafsir text placeholder for verse 28:5
28:6,ونمكن لهم فى الارض ونرى فرعون وهـٰمـٰن وجنودهما منهم ما كانوا يحذرون,Tafsir text placeholder for verse 28:6
28:7,واوحينا الىٰ ام موسىٰ ان ارضعيه ۖ فاذا خفت عليه فالقيه فى اليم ولا تخافى ولا تحزنى ۖ انا رادوه اليك وجاعلوه من المرسلين,Tafsir text placeholder for verse 28:7
28:8,فالتقطه ءال فرعون ليكون لهم عدوا وحزنا ۗ ان فرعون وهـٰمـٰن وجنودهما كانوا خـٰطـٔين,Tafsir text placeholder for verse 28:8
28:9,وقالت امرات فرعون قرت عين لى ولك ۖ لا تقتلوه عسىٰ ان ينفعنا او نتخذه ولدا وهم لا يشعرون,Tafsir text placeholder for verse 28:9
28:10,واصبح فؤاد ام موسىٰ فـٰرغا ۖ ان كادت لتبدى به لولا ان ربطنا علىٰ قلبها لتكون من المؤمنين,Tafsir text placeholder for verse 28:10
28:11,وقالت لاخته قصيه ۖ فبصرت به عن جنب وهم لا يشعرون,Tafsir text placeholder for verse 28:11
28:12,وحرمنا عليه المراضع من قبل فقالت هل ادلكم علىٰ اهل بيت يكفلونه لكم وهم له نـٰصحون,Tafsir text placeholder for verse 28:12
28:13,فرددنـٰه الىٰ امه كى تقر عينها ولا تحزن ولتعلم ان وعد الله حق ولـٰكن اكثرهم لا يعلمون,Tafsir text placeholder for verse 28:13
28:14,ولما بلغ اشده واستوىٰ ءاتينـٰه حكما وعلما ۚ وكذٰلك نجزى المحسنين,Tafsir text placeholder for verse 28:14
28:15,ودخل المدينة علىٰ حين غفلة من اهلها فوجد فيها رجلين يقتتلان هـٰذا من شيعته وهـٰذا من عدوه ۖ فاستغـٰثه الذى من شيعته على الذى من عدوه فوكزه موسىٰ فقضىٰ عليه ۖ قال هـٰذا من عمل الشيطـٰن ۖ انه عدو مضل مبين,Tafsir text placeholder for verse 28:15
28:16,قال رب انى ظلمت نفسى فاغفر لى فغفر له ۚ انه هو الغفور الرحيم,Tafsir text placeholder for verse 28:16
28:17,قال رب بما انعمت على فلن اكون ظهيرا للمجرمين,Tafsir text placeholder for verse 28:17
28:18,فاصبح فى المدينة خائفا يترقب فاذا الذى استنصره بالامس يستصرخه ۚ قال له موسىٰ انك لغوى مبين,Tafsir text placeholder for verse 28:18
28:19,فلما ان اراد ان يبطش بالذى هو عدو لهما قال يـٰموسىٰ اتريد ان تقتلنى كما قتلت نفسا بالامس ۖ ان تريد الا ان تكون جبارا فى الارض وما تريد ان تكون من المصلحين,Tafsir text placeholder for verse 28:19
28:20,وجاء رجل من اقصا المدينة يسعىٰ قال يـٰموسىٰ ان الملا ياتمرون بك ليقتلوك فاخرج انى لك من النـٰصحين,Tafsir text placeholder for verse 28:20
28:21,فخرج منها خائفا يترقب ۖ قال رب نجنى من القوم الظـٰلمين,Tafsir text placeholder for verse 28:21
28:22,ولما توجه تلقاء مدين قال عسىٰ ربى ان يهدينى سواء السبيل,Tafsir text placeholder for verse 28:22
28:23,ولما ورد ماء مدين وجد عليه امة من الناس يسقون ووجد من دونهم امراتين تذودان ۖ قال ما خطبكما ۖ قالتا لا نسقى حتىٰ يصدر الرعاء ۖ وابونا شيخ كبير,Tafsir text placeholder for verse 28:23
28:24,فسقىٰ لهما ثم تولىٰ الى الظل فقال رب انى لما انزلت الى من خير فقير,Tafsir text placeholder for verse 28:24
28:25,فجاءته احدىٰهما تمشى على استحياء قالت ان ابى يدعوك ليجزيك اجر ما سقيت لنا ۚ فلما جاءه وقص عليه القصص قال لا تخف ۖ نجوت من القوم الظـٰلمين,Tafsir text placeholder for verse 28:25
28:26,قالت احدىٰهما يـٰابت استـٔجره ۖ ان خير من استـٔجرت القوى الامين,Tafsir text placeholder for verse 28:26
28:27,قال انى اريد ان انكحك احدى ابنتى هـٰتين علىٰ ان تاجرنى ثمـٰنى حجج ۖ فان اتممت عشرا فمن عندك ۖ وما اريد ان اشق عليك ۚ ستجدنى ان شاء الله من الصـٰلحين,Tafsir text placeholder for verse 28:27
28:28,قال ذٰلك بينى وبينك ۖ ايما الاجلين قضيت فلا عدوٰن على ۖ والله علىٰ ما نقول وكيل,Tafsir text placeholder for verse 28:28
28:29,فلما قضىٰ موسى الاجل وسار باهله ءانس من جانب الطور نارا قال لاهله امكثوا انى ءانست نارا لعلى ءاتيكم منها بخبر او جذوة من النار لعلكم تصطلون,Tafsir text placeholder for verse 28:29
28:30,فلما اتىٰها نودى من شـٰطئ الواد الايمن فى البقعة المبـٰركة من الشجرة ان يـٰموسىٰ انى انا الله رب العـٰلمين,Tafsir text placeholder for verse 28:30
28:31,وان الق عصاك ۖ فلما رءاها تهتز كانها جان ولىٰ مدبرا ولم يعقب ۚ يـٰموسىٰ اقبل ولا تخف ۖ انك من الـٔامنين,Tafsir text placeholder for verse 28:31
28:32,اسلك يدك فى جيبك تخرج بيضاء من غير سوء واضمم اليك جناحك من الرهب ۖ فذٰنك برهـٰنان من ربك الىٰ فرعون وملاي۟ه ۚ انهم كانوا قوما فـٰسقين,Tafsir text placeholder for verse 28:32
28:33,قال رب انى قتلت منهم نفسا فاخاف ان يقتلون,Tafsir text placeholder for verse 28:33
28:34,واخى هـٰرون هو افصح منى لسانا فارسله معى ردءا يصدقنى ۖ انى اخاف ان يكذبون,Tafsir text placeholder for verse 28:34
28:35,قال سنشد عضدك باخيك ونجعل لكما سلطـٰنا فلا يصلون اليكما ۚ بـٔايـٰتنا انتما ومن اتبعكما الغـٰلبون,Tafsir text placeholder for verse 28:35
28:36,فلما جاءهم موسىٰ بـٔايـٰتنا بينـٰت قالوا ما هـٰذا الا سحر مفترى وما سمعنا بهـٰذا فى ءابائنا الاولين,Tafsir text placeholder for verse 28:36
28:37,وقال موسىٰ ربى اعلم بمن جاء بالهدىٰ من عنده ومن تكون له عـٰقبة الدار ۖ انه لا يفلح الظـٰلمون,Tafsir text placeholder for verse 28:37
28:38,وقال فرعون يـٰايها الملا ما علمت لكم من الـٰه غيرى فاوقد لى يـٰهـٰمـٰن على الطين فاجعل لى صرحا لعلى اطلع الىٰ الـٰه موسىٰ وانى لاظنه من الكـٰذبين,Tafsir text placeholder for verse 28:38
28:39,واستكبر هو وجنوده فى الارض بغير الحق وظنوا انهم الينا لا يرجعون,Tafsir text placeholder for verse 28:39
28:40,فاخذنـٰه وجنوده فنبذنـٰهم فى اليم ۖ فانظر كيف كان عـٰقبة الظـٰلمين,Tafsir text placeholder for verse 28:40
28:41,وجعلنـٰهم ائمة يدعون الى النار ۖ ويوم القيـٰمة لا ينصرون,Tafsir text placeholder for verse 28:41
28:42,واتبعنـٰهم فى هـٰذه الدنيا لعنة ۖ ويوم القيـٰمة هم من المقبوحين,Tafsir text placeholder for verse 28:42
28:43,ولقد ءاتينا موسى الكتـٰب من بعد ما اهلكنا القرون الاولىٰ بصائر للناس وهدى ورحمة لعلهم يتذكرون,Tafsir text placeholder for verse 28:43
28:44,وما كنت بجانب الغربى اذ قضينا الىٰ موسى الامر وما كنت من الشـٰهدين,Tafsir text placeholder for verse 28:44
28:45,ولـٰكنا انشانا قرونا فتطاول عليهم العمر ۚ وما كنت ثاويا فى اهل مدين تتلوا عليهم ءايـٰتنا ولـٰكنا كنا مرسلين,Tafsir text placeholder for verse 28:45
28:46,وما كنت بجانب الطور اذ نادينا ولـٰكن رحمة من ربك لتنذر قوما ما اتىٰهم من نذير من قبلك لعلهم يتذكرون,Tafsir text placeholder for verse 28:46
28:47,ولولا ان تصيبهم مصيبة بما قدمت ايديهم فيقولوا ربنا لولا ارسلت الينا رسولا فنتبع ءايـٰتك ونكون من المؤمنين,Tafsir text placeholder for verse 28:47
28:48,فلما جاءهم الحق من عندنا قالوا لولا اوتى مثل ما اوتى موسىٰ ۚ اولم يكفروا بما اوتى موسىٰ من قبل ۖ قالوا سحران تظـٰهرا وقالوا انا بكل كـٰفرون,Tafsir text placeholder for verse 28:48
28:49,قل فاتوا بكتـٰب من عند الله هو اهدىٰ منهما اتبعه ان كنتم صـٰدقين,Tafsir text placeholder for verse 28:49
28:50,فان لم يستجيبوا لك فاعلم انما يتبعون اهواءهم ۚ ومن اضل ممن اتبع هوىٰه بغير هدى من الله ۚ ان الله لا يهدى القوم الظـٰلمين,Tafsir text placeholder for verse 28:50
28:51,ولقد وصلنا لهم القول لعلهم يتذكرون,Tafsir text placeholder for verse 28:51
28:52,الذين ءاتينـٰهم الكتـٰب من قبله هم به يؤمنون,Tafsir text placeholder for verse 28:52
28:53,واذا يتلىٰ عليهم قالوا ءامنا به انه الحق من ربنا انا كنا من قبله مسلمين,Tafsir text placeholder for verse 28:53
28:54,اولـٰئك يؤتون اجرهم مرتين بما صبروا ويدرءون بالحسنة السيئة ومما رزقنـٰهم ينفقون,Tafsir text placeholder for verse 28:54
28:55,واذا سمعوا اللغو اعرضوا عنه وقالوا لنا اعمـٰلنا ولكم اعمـٰلكم سلـٰم عليكم لا نبتغى الجـٰهلين,Tafsir text placeholder for verse 28:55
28:56,انك لا تهدى من احببت ولـٰكن الله يهدى من يشاء ۚ وهو اعلم بالمهتدين,Tafsir text placeholder for verse 28:56
28:57,وقالوا ان نتبع الهدىٰ معك نتخطف من ارضنا ۚ اولم نمكن لهم حرما ءامنا يجبىٰ اليه ثمرٰت كل شىء رزقا من لدنا ولـٰكن اكثرهم لا يعلمون,Tafsir text placeholder for verse 28:57
28:58,وكم اهلكنا من قرية بطرت معيشتها ۖ فتلك مسـٰكنهم لم تسكن من بعدهم الا قليلا ۖ وكنا نحن الوٰرثين,Tafsir text placeholder for verse 28:58
28:59,وما كان ربك مهلك القرىٰ حتىٰ يبعث فى امها رسولا يتلوا عليهم ءايـٰتنا ۚ وما كنا مهلكى القرىٰ الا واهلها ظـٰلمون,Tafsir text placeholder for verse 28:59
28:60,وما اوتيتم من شىء فمتـٰع الحيوٰة الدنيا وزينتها ۚ وما عند الله خير وابقىٰ ۚ افلا تعقلون,Tafsir text placeholder for verse 28:60
28:61,افمن وعدنـٰه وعدا حسنا فهو لـٰقيه كمن متعنـٰه متـٰع الحيوٰة الدنيا ثم هو يوم القيـٰمة من المحضرين,Tafsir text placeholder for verse 28:61
28:62,ويوم يناديهم فيقول اين شركاءى الذين كنتم تزعمون,Tafsir text placeholder for verse 28:62
28:63,قال الذين حق عليهم القول ربنا هـٰؤلاء الذين اغوينا اغوينـٰهم كما غوينا ۖ تبرانا اليك ۖ ما كانوا ايانا يعبدون,Tafsir text placeholder for verse 28:63
28:64,وقيل ادعوا شركاءكم فدعوهم فلم يستجيبوا لهم وراوا العذاب ۚ لو انهم كانوا يهتدون,Tafsir text placeholder for verse 28:64
28:65,ويوم يناديهم فيقول ماذا اجبتم المرسلين,Tafsir text placeholder for verse 28:65
28:66,فعميت عليهم الانباء يومئذ فهم لا يتساءلون,Tafsir text placeholder for verse 28:66
28:67,فاما من تاب وءامن وعمل صـٰلحا فعسىٰ ان يكون من المفلحين,Tafsir text placeholder for verse 28:67
28:68,وربك يخلق ما يشاء ويختار ۗ ما كان لهم الخيرة ۚ سبحـٰن الله وتعـٰلىٰ عما يشركون,Tafsir text placeholder for verse 28:68
28:69,وربك يعلم ما تكن صدورهم وما يعلنون,Tafsir text placeholder for verse 28:69
28:70,وهو الله لا الـٰه الا هو ۖ له الحمد فى الاولىٰ والـٔاخرة ۖ وله الحكم واليه ترجعون,Tafsir text placeholder for verse 28:70
28:71,قل ارءيتم ان جعل الله عليكم اليل سرمدا الىٰ يوم القيـٰمة من الـٰه غير الله ياتيكم بضياء ۖ افلا تسمعون,Tafsir text placeholder for verse 28:71
28:72,قل ارءيتم ان جعل الله عليكم النهار سرمدا الىٰ يوم القيـٰمة من الـٰه غير الله ياتيكم بليل تسكنون فيه ۖ افلا تبصرون,Tafsir text placeholder for verse 28:72
28:73,ومن رحمته جعل لكم اليل والنهار لتسكنوا فيه ولتبتغوا من فضله ولعلكم تشكرون,Tafsir text placeholder for verse 28:73
28:74,ويوم يناديهم فيقول اين شركاءى الذين كنتم تزعمون,Tafsir text placeholder for verse 28:74
28:75,ونزعنا من كل امة شهيدا فقلنا هاتوا برهـٰنكم فعلموا ان الحق لله وضل عنهم ما كانوا يفترون,Tafsir text placeholder for verse 28:75
28:76,ان قـٰرون كان من قوم موسىٰ فبغىٰ عليهم ۖ وءاتينـٰه من الكنوز ما ان مفاتحه لتنوا بالعصبة اولى القوة اذ قال له قومه لا تفرح ۖ ان الله لا يحب الفرحين,Tafsir text placeholder for verse 28:76
28:77,وابتغ فيما ءاتىٰك الله الدار الـٔاخرة ۖ ولا تنس نصيبك من الدنيا ۖ واحسن كما احسن الله اليك ۖ ولا تبغ الفساد فى الارض ۖ ان الله لا يحب المفسدين,Tafsir text placeholder for verse 28:77
28:78,قال انما اوتيته علىٰ علم عندى ۚ اولم يعلم ان الله قد اهلك من قبله من القرون من هو اشد منه قوة واكثر جمعا ۚ ولا يسـٔل عن ذنوبهم المجرمون,Tafsir text placeholder for verse 28:78
28:79,فخرج علىٰ قومه فى زينته ۖ قال الذين يريدون الحيوٰة الدنيا يـٰليت لنا مثل ما اوتى قـٰرون انه لذو حظ عظيم,Tafsir text placeholder for verse 28:79
28:80,وقال الذين اوتوا العلم ويلكم ثواب الله خير لمن ءامن وعمل صـٰلحا ولا يلقىٰها الا الصـٰبرون,Tafsir text placeholder for verse 28:80
28:81,فخسفنا به وبداره الارض فما كان له من فئة ينصرونه من دون الله وما كان من المنتصرين,Tafsir text placeholder for verse 28:81
28:82,واصبح الذين تمنوا مكانه بالامس يقولون ويكان الله يبسط الرزق لمن يشاء من عباده ويقدر ۖ لولا ان من الله علينا لخسف بنا ۖ ويكانه لا يفلح الكـٰفرون,Tafsir text placeholder for verse 28:82
28:83,تلك الدار الـٔاخرة نجعلها للذين لا يريدون علوا فى الارض ولا فسادا ۚ والعـٰقبة للمتقين,Tafsir text placeholder for verse 28:83
28:84,من جاء بالحسنة فله خير منها ۖ ومن جاء بالسيئة فلا يجزى الذين عملوا السيـٔات الا ما كانوا يعملون,Tafsir text placeholder for verse 28:84
28:85,ان الذى فرض عليك القرءان لرادك الىٰ معاد ۚ قل ربى اعلم من جاء بالهدىٰ ومن هو فى ضلـٰل مبين,Tafsir text placeholder for verse 28:85
28:86,وما كنت ترجوا ان يلقىٰ اليك الكتـٰب الا رحمة من ربك ۖ فلا تكونن ظهيرا للكـٰفرين,Tafsir text placeholder for verse 28:86
28:87,ولا يصدنك عن ءايـٰت الله بعد اذ انزلت اليك ۖ وادع الىٰ ربك ۖ ولا تكونن من المشركين,Tafsir text placeholder for verse 28:87
28:88,ولا تدع مع الله الـٰها ءاخر ۘ لا الـٰه الا هو ۚ كل شىء هالك الا وجهه ۚ له الحكم واليه ترجعون,Tafsir text placeholder for verse 28:88
29:1,الم,Tafsir text placeholder for verse 29:1
29:2,احسب الناس ان يتركوا ان يقولوا ءامنا وهم لا يفتنون,Tafsir text placeholder for verse 29:2
29:3,ولقد فتنا الذين من قبلهم ۖ فليعلمن الله الذين صدقوا وليعلمن الكـٰذبين,Tafsir text placeholder for verse 29:3
29:4,ام حسب الذين يعملون السيـٔات ان يسبقونا ۚ ساء ما يحكمون,Tafsir text placeholder for verse 29:4
29:5,من كان يرجوا لقاء الله فان اجل الله لـٔات ۚ وهو السميع العليم,Tafsir text placeholder for verse 29:5
29:6,ومن جـٰهد فانما يجـٰهد لنفسه ۚ ان الله لغنى عن العـٰلمين,Tafsir text placeholder for verse 29:6
29:7,والذين ءامنوا وعملوا الصـٰلحـٰت لنكفرن عنهم سيـٔاتهم ولنجزينهم احسن الذى كانوا يعملون,Tafsir text placeholder for verse 29:7
29:8,ووصينا الانسـٰن بوٰلديه حسنا ۖ وان جـٰهداك لتشرك بى ما ليس لك به علم فلا تطعهما ۚ الى مرجعكم فانبئكم بما كنتم تعملون,Tafsir text placeholder for verse 29:8
29:9,والذين ءامنوا وعملوا الصـٰلحـٰت لندخلنهم فى الصـٰلحين,Tafsir text placeholder for verse 29:9
29:10,ومن الناس من يقول ءامنا بالله فاذا اوذى فى الله جعل فتنة الناس كعذاب الله ولئن جاء نصر من ربك ليقولن انا كنا معكم ۚ اوليس الله باعلم بما فى صدور العـٰلمين,Tafsir text placeholder for verse 29:10
29:11,وليعلمن الله الذين ءامنوا وليعلمن المنـٰفقين,Tafsir text placeholder for verse 29:11
29:12,وقال الذين كفروا للذين ءامنوا اتبعوا سبيلنا ولنحمل خطـٰيـٰكم وما هم بحـٰملين من خطـٰيـٰهم من شىء ۖ انهم لكـٰذبون,Tafsir text placeholder for verse 29:12
29:13,وليحملن اثقالهم واثقالا مع اثقالهم ۖ وليسـٔلن يوم القيـٰمة عما كانوا يفترون,Tafsir text placeholder for verse 29:13
29:14,ولقد ارسلنا نوحا الىٰ قومه فلبث فيهم الف سنة الا خمسين عاما فاخذهم الطوفان وهم ظـٰلمون,Tafsir text placeholder for verse 29:14
29:15,فانجينـٰه واصحـٰب السفينة وجعلنـٰها ءاية للعـٰلمين,Tafsir text placeholder for verse 29:15
29:16,وابرٰهيم اذ قال لقومه اعبدوا الله واتقوه ۖ ذٰلكم خير لكم ان كنتم تعلمون,Tafsir text placeholder for verse 29:16
29:17,انما تعبدون من دون الله اوثـٰنا وتخلقون افكا ۚ ان الذين تعبدون من دون الله لا يملكون لكم رزقا فابتغوا عند الله الرزق واعبدوه واشكروا له ۖ اليه ترجعون,Tafsir text placeholder for verse 29:17
29:18,وان تكذبوا فقد كذب امم من قبلكم ۖ وما على الرسول الا البلـٰغ المبين,Tafsir text placeholder for verse 29:18
29:19,اولم يروا كيف يبدئ الله الخلق ثم يعيده ۚ ان ذٰلك على الله يسير,Tafsir text placeholder for verse 29:19
29:20,قل سيروا فى الارض فانظروا كيف بدا الخلق ۚ ثم الله ينشئ النشاة الـٔاخرة ۚ ان الله علىٰ كل شىء قدير,Tafsir text placeholder for verse 29:20
29:21,يعذب من يشاء ويرحم من يشاء ۖ واليه تقلبون,Tafsir text placeholder for verse 29:21
29:22,وما انتم بمعجزين فى الارض ولا فى السماء ۖ وما لكم من دون الله من ولى ولا نصير,Tafsir text placeholder for verse 29:22
29:23,والذين كفروا بـٔايـٰت الله ولقائه اولـٰئك يئسوا من رحمتى واولـٰئك لهم عذاب اليم,Tafsir text placeholder for verse 29:23
29:24,فما كان جواب قومه الا ان قالوا اقتلوه او حرقوه فانجىٰه الله من النار ۚ ان فى ذٰلك لـٔايـٰت لقوم يؤمنون,Tafsir text placeholder for verse 29:24
29:25,وقال انما اتخذتم من دون الله اوثـٰنا مودة بينكم فى الحيوٰة الدنيا ۖ ثم يوم القيـٰمة يكفر بعضكم ببعض ويلعن بعضكم بعضا وماوىٰكم النار وما لكم من نـٰصرين,Tafsir text placeholder for verse 29:25
29:26,فـٔامن له لوط ۘ وقال انى مهاجر الىٰ ربى ۖ انه هو العزيز الحكيم,Tafsir text placeholder for verse 29:26
29:27,ووهبنا له اسحـٰق ويعقوب وجعلنا فى ذريته النبوة والكتـٰب وءاتينـٰه اجره فى الدنيا ۖ وانه فى الـٔاخرة لمن الصـٰلحين,Tafsir text placeholder for verse 29:27
29:28,ولوطا اذ قال لقومه انكم لتاتون الفـٰحشة ما سبقكم بها من احد من العـٰلمين,Tafsir text placeholder for verse 29:28
29:29,ائنكم لتاتون الرجال وتقطعون السبيل وتاتون فى ناديكم المنكر ۖ فما كان جواب قومه الا ان قالوا ائتنا بعذاب الله ان كنت من الصـٰدقين,Tafsir text placeholder for verse 29:29
29:30,قال رب انصرنى على القوم المفسدين,Tafsir text placeholder for verse 29:30
29:31,ولما جاءت رسلنا ابرٰهيم بالبشرىٰ قالوا انا مهلكوا اهل هـٰذه القرية ۖ ان اهلها كانوا ظـٰلمين,Tafsir text placeholder for verse 29:31
29:32,قال ان فيها لوطا ۚ قالوا نحن اعلم بمن فيها ۖ لننجينه واهله الا امراته كانت من الغـٰبرين,Tafsir text placeholder for verse 29:32
29:33,ولما ان جاءت رسلنا لوطا سىء بهم وضاق بهم ذرعا وقالوا لا تخف ولا تحزن ۖ انا منجوك واهلك الا امراتك كانت من الغـٰبرين,Tafsir text placeholder for verse 29:33
29:34,انا منزلون علىٰ اهل هـٰذه القرية رجزا من السماء بما كانوا يفسقون,Tafsir text placeholder for verse 29:34
29:35,ولقد تركنا منها ءاية بينة لقوم يعقلون,Tafsir text placeholder for verse 29:35
29:36,والىٰ مدين اخاهم شعيبا فقال يـٰقوم اعبدوا الله وارجوا اليوم الـٔاخر ولا تعثوا فى الارض مفسدين,Tafsir text placeholder for verse 29:36
29:37,فكذبوه فاخذتهم الرجفة فاصبحوا فى دارهم جـٰثمين,Tafsir text placeholder for verse 29:37
29:38,وعادا وثمودا۟ وقد تبين لكم من مسـٰكنهم ۖ وزين لهم الشيطـٰن اعمـٰلهم فصدهم عن السبيل وكانوا مستبصرين,Tafsir text placeholder for verse 29:38
29:39,وقـٰرون وفرعون وهـٰمـٰن ۖ ولقد جاءهم موسىٰ بالبينـٰت فاستكبروا فى الارض وما كانوا سـٰبقين,Tafsir text placeholder for verse 29:39
29:40,فكلا اخذنا بذنبه ۖ فمنهم من ارسلنا عليه حاصبا ومنهم من اخذته الصيحة ومنهم من خسفنا به الارض ومنهم من اغرقنا ۚ وما كان الله ليظلمهم ولـٰكن كانوا انفسهم يظلمون,Tafsir text placeholder for verse 29:40
29:41,مثل الذين اتخذوا من دون الله اولياء كمثل العنكبوت اتخذت بيتا ۖ وان اوهن البيوت لبيت العنكبوت ۖ لو كانوا يعلمون,Tafsir text placeholder for verse 29:41
29:42,ان الله يعلم ما يدعون من دونه من شىء ۚ وهو العزيز الحكيم,Tafsir text placeholder for verse 29:42
29:43,وتلك الامثـٰل نضربها للناس ۖ وما يعقلها الا العـٰلمون,Tafsir text placeholder for verse 29:43
29:44,خلق الله السمـٰوٰت والارض بالحق ۚ ان فى ذٰلك لـٔاية للمؤمنين,Tafsir text placeholder for verse 29:44
29:45,اتل ما اوحى اليك من الكتـٰب واقم الصلوٰة ۖ ان الصلوٰة تنهىٰ عن الفحشاء والمنكر ۗ ولذكر الله اكبر ۗ والله يعلم ما تصنعون,Tafsir text placeholder for verse 29:45
29:46,ولا تجـٰدلوا اهل الكتـٰب الا بالتى هى احسن الا الذين ظلموا منهم ۖ وقولوا ءامنا بالذى انزل الينا وانزل اليكم والـٰهنا والـٰهكم وٰحد ونحن له مسلمون,Tafsir text placeholder for verse 29:46
29:47,وكذٰلك انزلنا اليك الكتـٰب ۚ فالذين ءاتينـٰهم الكتـٰب يؤمنون به ۖ ومن هـٰؤلاء من يؤمن به ۚ وما يجحد بـٔايـٰتنا الا الكـٰفرون,Tafsir text placeholder for verse 29:47
29:48,وما كنت تتلوا من قبله من كتـٰب ولا تخطه بيمينك ۖ اذا لارتاب المبطلون,Tafsir text placeholder for verse 29:48
29:49,بل هو ءايـٰت بينـٰت فى صدور الذين اوتوا العلم ۚ وما يجحد بـٔايـٰتنا الا الظـٰلمون,Tafsir text placeholder for verse 29:49
29:50,وقالوا لولا انزل عليه ءايـٰت من ربه ۖ قل انما الـٔايـٰت عند الله وانما انا۠ نذير مبين,Tafsir text placeholder for verse 29:50
29:51,اولم يكفهم انا انزلنا عليك الكتـٰب يتلىٰ عليهم ۚ ان فى ذٰلك لرحمة وذكرىٰ لقوم يؤمنون,Tafsir text placeholder for verse 29:51
29:52,قل كفىٰ بالله بينى وبينكم شهيدا ۖ يعلم ما فى السمـٰوٰت والارض ۗ والذين ءامنوا بالبـٰطل وكفروا بالله اولـٰئك هم الخـٰسرون,Tafsir text placeholder for verse 29:52
29:53,ويستعجلونك بالعذاب ۚ ولولا اجل مسمى لجاءهم العذاب ولياتينهم بغتة وهم لا يشعرون,Tafsir text placeholder for verse 29:53
29:54,يستعجلونك بالعذاب وان جهنم لمحيطة بالكـٰفرين,Tafsir text placeholder for verse 29:54
29:55,يوم يغشىٰهم العذاب من فوقهم ومن تحت ارجلهم ويقول ذوقوا ما كنتم تعملون,Tafsir text placeholder for verse 29:55
29:56,يـٰعبادى الذين ءامنوا ان ارضى وٰسعة فايـٰى فاعبدون,Tafsir text placeholder for verse 29:56
29:57,كل نفس ذائقة الموت ۖ ثم الينا ترجعون,Tafsir text placeholder for verse 29:57
29:58,والذين ءامنوا وعملوا الصـٰلحـٰت لنبوئنهم من الجنة غرفا تجرى من تحتها الانهـٰر خـٰلدين فيها ۚ نعم اجر العـٰملين,Tafsir text placeholder for verse 29:58
29:59,الذين صبروا وعلىٰ ربهم يتوكلون,Tafsir text placeholder for verse 29:59
29:60,وكاين من دابة لا تحمل رزقها الله يرزقها واياكم ۚ وهو السميع العليم,Tafsir text placeholder for verse 29:60
29:61,ولئن سالتهم من خلق السمـٰوٰت والارض وسخر الشمس والقمر ليقولن الله ۖ فانىٰ يؤفكون,Tafsir text placeholder for verse 29:61
29:62,الله يبسط الرزق لمن يشاء من عباده ويقدر له ۚ ان الله بكل شىء عليم,Tafsir text placeholder for verse 29:62
29:63,ولئن سالتهم من نزل من السماء ماء فاحيا به الارض من بعد موتها ليقولن الله ۚ قل الحمد لله ۚ بل اكثرهم لا يعقلون,Tafsir text placeholder for verse 29:63
29:64,وما هـٰذه الحيوٰة الدنيا الا لهو ولعب ۚ وان الدار الـٔاخرة لهى الحيوان ۚ لو كانوا يعلمون,Tafsir text placeholder for verse 29:64
29:65,فاذا ركبوا فى الفلك دعوا الله مخلصين له الدين فلما نجىٰهم الى البر اذا هم يشركون,Tafsir text placeholder for verse 29:65
29:66,ليكفروا بما ءاتينـٰهم وليتمتعوا ۖ فسوف يعلمون,Tafsir text placeholder for verse 29:66
29:67,اولم يروا انا جعلنا حرما ءامنا ويتخطف الناس من حولهم ۚ افبالبـٰطل يؤمنون وبنعمة الله يكفرون,Tafsir text placeholder for verse 29:67
29:68,ومن اظلم ممن افترىٰ على الله كذبا او كذب بالحق لما جاءه ۚ اليس فى جهنم مثوى للكـٰفرين,Tafsir text placeholder for verse 29:68
29:69,والذين جـٰهدوا فينا لنهدينهم سبلنا ۚ وان الله لمع المحسنين,Tafsir text placeholder for verse 29:69
30:1,الم,Tafsir text placeholder for verse 30:1
30:2,غلبت الروم,Tafsir text placeholder for verse 30:2
30:3,فى ادنى الارض وهم من بعد غلبهم سيغلبون,Tafsir text placeholder for verse 30:3
30:4,فى بضع سنين ۗ لله الامر من قبل ومن بعد ۚ ويومئذ يفرح المؤمنون,Tafsir text placeholder for verse 30:4
30:5,بنصر الله ۚ ينصر من يشاء ۖ وهو العزيز الرحيم,Tafsir text placeholder for verse 30:5
30:6,وعد الله ۖ لا يخلف الله وعده ولـٰكن اكثر الناس لا يعلمون,Tafsir text placeholder for verse 30:6
30:7,يعلمون ظـٰهرا من الحيوٰة الدنيا وهم عن الـٔاخرة هم غـٰفلون,Tafsir text placeholder for verse 30:7
30:8,اولم يتفكروا فى انفسهم ۗ ما خلق الله السمـٰوٰت والارض وما بينهما الا بالحق واجل مسمى ۗ وان كثيرا من الناس بلقائ ربهم لكـٰفرون,Tafsir text placeholder for verse 30:8
30:9,اولم يسيروا فى الارض فينظروا كيف كان عـٰقبة الذين من قبلهم ۚ كانوا اشد منهم قوة واثاروا الارض وعمروها اكثر مما عمروها وجاءتهم رسلهم بالبينـٰت ۖ فما كان الله ليظلمهم ولـٰكن كانوا انفسهم يظلمون,Tafsir text placeholder for verse 30:9
30:10,ثم كان عـٰقبة الذين اسـٰـٔوا السواىٰ ان كذبوا بـٔايـٰت الله وكانوا بها يستهزءون,Tafsir text placeholder for verse 30:10
30:11,الله يبدؤا۟ الخلق ثم يعيده ثم اليه ترجعون,Tafsir text placeholder for verse 30:11
30:12,ويوم تقوم الساعة يبلس المجرمون,Tafsir text placeholder for verse 30:12
30:13,ولم يكن لهم من شركائهم شفعـٰؤا۟ وكانوا بشركائهم كـٰفرين,Tafsir text placeholder for verse 30:13
30:14,ويوم تقوم الساعة يومئذ يتفرقون,Tafsir text placeholder for verse 30:14
30:15,فاما الذين ءامنوا وعملوا الصـٰلحـٰت فهم فى روضة يحبرون,Tafsir text placeholder for verse 30:15
30:16,واما الذين كفروا وكذبوا بـٔايـٰتنا ولقائ الـٔاخرة فاولـٰئك فى العذاب محضرون,Tafsir text placeholder for verse 30:16
30:17,فسبحـٰن الله حين تمسون وحين تصبحون,Tafsir text placeholder for verse 30:17
30:18,وله الحمد فى السمـٰوٰت والارض وعشيا وحين تظهرون,Tafsir text placeholder for verse 30:18
30:19,يخرج الحى من الميت ويخرج الميت من الحى ويحى الارض بعد موتها ۚ وكذٰلك تخرجون,Tafsir text placeholder for verse 30:19
30:20,ومن ءايـٰته ان خلقكم من تراب ثم اذا انتم بشر تنتشرون,Tafsir text placeholder for verse 30:20
30:21,ومن ءايـٰته ان خلق لكم من انفسكم ازوٰجا لتسكنوا اليها وجعل بينكم مودة ورحمة ۚ ان فى ذٰلك لـٔايـٰت لقوم يتفكرون,Tafsir text placeholder for verse 30:21
30:22,ومن ءايـٰته خلق السمـٰوٰت والارض واختلـٰف السنتكم والوٰنكم ۚ ان فى ذٰلك لـٔايـٰت للعـٰلمين,Tafsir text placeholder for verse 30:22
30:23,ومن ءايـٰته منامكم باليل والنهار وابتغاؤكم من فضله ۚ ان فى ذٰلك لـٔايـٰت لقوم يسمعون,Tafsir text placeholder for verse 30:23
30:24,ومن ءايـٰته يريكم البرق خوفا وطمعا وينزل من السماء ماء فيحيۦ به الارض بعد موتها ۚ ان فى ذٰلك لـٔايـٰت لقوم يعقلون,Tafsir text placeholder for verse 30:24
30:25,ومن ءايـٰته ان تقوم السماء والارض بامره ۚ ثم اذا دعاكم دعوة من الارض اذا انتم تخرجون,Tafsir text placeholder for verse 30:25
30:26,وله من فى السمـٰوٰت والارض ۖ كل له قـٰنتون,Tafsir text placeholder for verse 30:26
30:27,وهو الذى يبدؤا۟ الخلق ثم يعيده وهو اهون عليه ۚ وله المثل الاعلىٰ فى السمـٰوٰت والارض ۚ وهو العزيز الحكيم,Tafsir text placeholder for verse 30:27
30:28,ضرب لكم مثلا من انفسكم ۖ هل لكم من ما ملكت ايمـٰنكم من شركاء فى ما رزقنـٰكم فانتم فيه سواء تخافونهم كخيفتكم انفسكم ۚ كذٰلك نفصل الـٔايـٰت لقوم يعقلون,Tafsir text placeholder for verse 30:28
30:29,بل اتبع الذين ظلموا اهواءهم بغير علم ۖ فمن يهدى من اضل الله ۖ وما لهم من نـٰصرين,Tafsir text placeholder for verse 30:29
30:30,فاقم وجهك للدين حنيفا ۚ فطرت الله التى فطر الناس عليها ۚ لا تبديل لخلق الله ۚ ذٰلك الدين القيم ولـٰكن اكثر الناس لا يعلمون,Tafsir text placeholder for verse 30:30
30:31,منيبين اليه واتقوه واقيموا الصلوٰة ولا تكونوا من المشركين,Tafsir text placeholder for verse 30:31
30:32,من الذين فرقوا دينهم وكانوا شيعا ۖ كل حزب بما لديهم فرحون,Tafsir text placeholder for verse 30:32
30:33,واذا مس الناس ضر دعوا ربهم منيبين اليه ثم اذا اذاقهم منه رحمة اذا فريق منهم بربهم يشركون,Tafsir text placeholder for verse 30:33
30:34,ليكفروا بما ءاتينـٰهم ۚ فتمتعوا فسوف تعلمون,Tafsir text placeholder for verse 30:34
30:35,ام انزلنا عليهم سلطـٰنا فهو يتكلم بما كانوا به يشركون,Tafsir text placeholder for verse 30:35
30:36,واذا اذقنا الناس رحمة فرحوا بها ۖ وان تصبهم سيئة بما قدمت ايديهم اذا هم يقنطون,Tafsir text placeholder for verse 30:36
30:37,اولم يروا ان الله يبسط الرزق لمن يشاء ويقدر ۚ ان فى ذٰلك لـٔايـٰت لقوم يؤمنون,Tafsir text placeholder for verse 30:37
30:38,فـٔات ذا القربىٰ حقه والمسكين وابن السبيل ۚ ذٰلك خير للذين يريدون وجه الله ۖ واولـٰئك هم المفلحون,Tafsir text placeholder for verse 30:38
30:39,وما ءاتيتم من ربا ليربوا۟ فى اموٰل الناس فلا يربوا عند الله ۖ وما ءاتيتم من زكوٰة تريدون وجه الله فاولـٰئك هم المضعفون,Tafsir text placeholder for verse 30:39
30:40,الله الذى خلقكم ثم رزقكم ثم يميتكم ثم يحييكم ۖ هل من شركائكم من يفعل من ذٰلكم من شىء ۚ سبحـٰنه وتعـٰلىٰ عما يشركون,Tafsir text placeholder for verse 30:40
30:41,ظهر الفساد فى البر والبحر بما كسبت ايدى الناس ليذيقهم بعض الذى عملوا لعلهم يرجعون,Tafsir text placeholder for verse 30:41
30:42,قل سيروا فى الارض فانظروا كيف كان عـٰقبة الذين من قبل ۚ كان اكثرهم مشركين,Tafsir text placeholder for verse 30:42
30:43,فاقم وجهك للدين القيم من قبل ان ياتى يوم لا مرد له من الله ۖ يومئذ يصدعون,Tafsir text placeholder for verse 30:43
30:44,من كفر فعليه كفره ۖ ومن عمل صـٰلحا فلانفسهم يمهدون,Tafsir text placeholder for verse 30:44
30:45,ليجزى الذين ءامنوا وعملوا الصـٰلحـٰت من فضله ۚ انه لا يحب الكـٰفرين,Tafsir text placeholder for verse 30:45
30:46,ومن ءايـٰته ان يرسل الرياح مبشرٰت وليذيقكم من رحمته ولتجرى الفلك بامره ولتبتغوا من فضله ولعلكم تشكرون,Tafsir text placeholder for verse 30:46
30:47,ولقد ارسلنا من قبلك رسلا الىٰ قومهم فجاءوهم بالبينـٰت فانتقمنا من الذين اجرموا ۖ وكان حقا علينا نصر المؤمنين,Tafsir text placeholder for verse 30:47
30:48,الله الذى يرسل الريـٰح فتثير سحابا فيبسطه فى السماء كيف يشاء ويجعله كسفا فترى الودق يخرج من خلـٰله ۖ فاذا اصاب به من يشاء من عباده اذا هم يستبشرون,Tafsir text placeholder for verse 30:48
30:49,وان كانوا من قبل ان ينزل عليهم من قبله لمبلسين,Tafsir text placeholder for verse 30:49
30:50,فانظر الىٰ ءاثـٰر رحمت الله كيف يحى الارض بعد موتها ۚ ان ذٰلك لمحى الموتىٰ ۖ وهو علىٰ كل شىء قدير,Tafsir text placeholder for verse 30:50
30:51,ولئن ارسلنا ريحا فراوه مصفرا لظلوا من بعده يكفرون,Tafsir text placeholder for verse 30:51
30:52,فانك لا تسمع الموتىٰ ولا تسمع الصم الدعاء اذا ولوا مدبرين,Tafsir text placeholder for verse 30:52
30:53,وما انت بهـٰد العمى عن ضلـٰلتهم ۖ ان تسمع الا من يؤمن بـٔايـٰتنا فهم مسلمون,Tafsir text placeholder for verse 30:53
30:54,الله الذى خلقكم من ضعف ثم جعل من بعد ضعف قوة ثم جعل من بعد قوة ضعفا وشيبة ۚ يخلق ما يشاء ۖ وهو العليم القدير,Tafsir text placeholder for verse 30:54
30:55,ويوم تقوم الساعة يقسم المجرمون ما لبثوا غير ساعة ۚ كذٰلك كانوا يؤفكون,Tafsir text placeholder for verse 30:55
30:56,وقال الذين اوتوا العلم والايمـٰن لقد لبثتم فى كتـٰب الله الىٰ يوم البعث ۖ فهـٰذا يوم البعث ولـٰكنكم كنتم لا تعلمون,Tafsir text placeholder for verse 30:56
30:57,فيومئذ لا ينفع الذين ظلموا معذرتهم ولا هم يستعتبون,Tafsir text placeholder for verse 30:57
30:58,ولقد ضربنا للناس فى هـٰذا القرءان من كل مثل ۚ ولئن جئتهم بـٔاية ليقولن الذين كفروا ان انتم الا مبطلون,Tafsir text placeholder for verse 30:58
30:59,كذٰلك يطبع الله علىٰ قلوب الذين لا يعلمون,Tafsir text placeholder for verse 30:59
30:60,فاصبر ان وعد الله حق ۖ ولا يستخفنك الذين لا يوقنون,Tafsir text placeholder for verse 30:60
31:1,الم,Tafsir text placeholder for verse 31:1
31:2,تلك ءايـٰت الكتـٰب الحكيم,Tafsir text placeholder for verse 31:2
31:3,هدى ورحمة للمحسنين,Tafsir text placeholder for verse 31:3
31:4,الذين يقيمون الصلوٰة ويؤتون الزكوٰة وهم بالـٔاخرة هم يوقنون,Tafsir text placeholder for verse 31:4
31:5,اولـٰئك علىٰ هدى من ربهم ۖ واولـٰئك هم المفلحون,Tafsir text placeholder for verse 31:5
31:6,ومن الناس من يشترى لهو الحديث ليضل عن سبيل الله بغير علم ويتخذها هزوا ۚ اولـٰئك لهم عذاب مهين,Tafsir text placeholder for verse 31:6
31:7,واذا تتلىٰ عليه ءايـٰتنا ولىٰ مستكبرا كان لم يسمعها كان فى اذنيه وقرا ۖ فبشره بعذاب اليم,Tafsir text placeholder for verse 31:7
31:8,ان الذين ءامنوا وعملوا الصـٰلحـٰت لهم جنـٰت النعيم,Tafsir text placeholder for verse 31:8
31:9,خـٰلدين فيها ۖ وعد الله حقا ۚ وهو العزيز الحكيم,Tafsir text placeholder for verse 31:9
31:10,خلق السمـٰوٰت بغير عمد ترونها ۖ والقىٰ فى الارض روٰسى ان تميد بكم وبث فيها من كل دابة ۚ وانزلنا من السماء ماء فانبتنا فيها من كل زوج كريم,Tafsir text placeholder for verse 31:10
31:11,هـٰذا خلق الله فارونى ماذا خلق الذين من دونه ۚ بل الظـٰلمون فى ضلـٰل مبين,Tafsir text placeholder for verse 31:11
31:12,ولقد ءاتينا لقمـٰن الحكمة ان اشكر لله ۚ ومن يشكر فانما يشكر لنفسه ۖ ومن كفر فان الله غنى حميد,Tafsir text placeholder for verse 31:12
31:13,واذ قال لقمـٰن لابنه وهو يعظه يـٰبنى لا تشرك بالله ۖ ان الشرك لظلم عظيم,Tafsir text placeholder for verse 31:13
31:14,ووصينا الانسـٰن بوٰلديه حملته امه وهنا علىٰ وهن وفصـٰله فى عامين ان اشكر لى ولوٰلديك الى المصير,Tafsir text placeholder for verse 31:14
31:15,وان جـٰهداك علىٰ ان تشرك بى ما ليس لك به علم فلا تطعهما ۖ وصاحبهما فى الدنيا معروفا ۖ واتبع سبيل من اناب الى ۚ ثم الى مرجعكم فانبئكم بما كنتم تعملون,Tafsir text placeholder for verse 31:15
31:16,يـٰبنى انها ان تك مثقال حبة من خردل فتكن فى صخرة او فى السمـٰوٰت او فى الارض يات بها الله ۚ ان الله لطيف خبير,Tafsir text placeholder for verse 31:16
31:17,يـٰبنى اقم الصلوٰة وامر بالمعروف وانه عن المنكر واصبر علىٰ ما اصابك ۖ ان ذٰلك من عزم الامور,Tafsir text placeholder for verse 31:17
31:18,ولا تصعر خدك للناس ولا تمش فى الارض مرحا ۖ ان الله لا يحب كل مختال فخور,Tafsir text placeholder for verse 31:18
31:19,واقصد فى مشيك واغضض من صوتك ۚ ان انكر الاصوٰت لصوت الحمير,Tafsir text placeholder for verse 31:19
31:20,الم تروا ان الله سخر لكم ما فى السمـٰوٰت وما فى الارض واسبغ عليكم نعمه ظـٰهرة وباطنة ۗ ومن الناس من يجـٰدل فى الله بغير علم ولا هدى ولا كتـٰب منير,Tafsir text placeholder for verse 31:20
31:21,واذا قيل لهم اتبعوا ما انزل الله قالوا بل نتبع ما وجدنا عليه ءاباءنا ۚ اولو كان الشيطـٰن يدعوهم الىٰ عذاب السعير,Tafsir text placeholder for verse 31:21
31:22,ومن يسلم وجهه الى الله وهو محسن فقد استمسك بالعروة الوثقىٰ ۗ والى الله عـٰقبة الامور,Tafsir text placeholder for verse 31:22
31:23,ومن كفر فلا يحزنك كفره ۚ الينا مرجعهم فننبئهم بما عملوا ۚ ان الله عليم بذات الصدور,Tafsir text placeholder for verse 31:23
31:24,نمتعهم قليلا ثم نضطرهم الىٰ عذاب غليظ,Tafsir text placeholder for verse 31:24
31:25,ولئن سالتهم من خلق السمـٰوٰت والارض ليقولن الله ۚ قل الحمد لله ۚ بل اكثرهم لا يعلمون,Tafsir text placeholder for verse 31:25
31:26,لله ما فى السمـٰوٰت والارض ۚ ان الله هو الغنى الحميد,Tafsir text placeholder for verse 31:26
31:27,ولو انما فى الارض من شجرة اقلـٰم والبحر يمده من بعده سبعة ابحر ما نفدت كلمـٰت الله ۗ ان الله عزيز حكيم,Tafsir text placeholder for verse 31:27
31:28,ما خلقكم ولا بعثكم الا كنفس وٰحدة ۗ ان الله سميع بصير,Tafsir text placeholder for verse 31:28
31:29,الم تر ان الله يولج اليل فى النهار ويولج النهار فى اليل وسخر الشمس والقمر كل يجرى الىٰ اجل مسمى وان الله بما تعملون خبير,Tafsir text placeholder for verse 31:29
31:30,ذٰلك بان الله هو الحق وان ما يدعون من دونه البـٰطل وان الله هو العلى الكبير,Tafsir text placeholder for verse 31:30
31:31,الم تر ان الفلك تجرى فى البحر بنعمت الله ليريكم من ءايـٰته ۚ ان فى ذٰلك لـٔايـٰت لكل صبار شكور,Tafsir text placeholder for verse 31:31
31:32,واذا غشيهم موج كالظلل دعوا الله مخلصين له الدين فلما نجىٰهم الى البر فمنهم مقتصد ۚ وما يجحد بـٔايـٰتنا الا كل ختار كفور,Tafsir text placeholder for verse 31:32
31:33,يـٰايها الناس اتقوا ربكم واخشوا يوما لا يجزى والد عن ولده ولا مولود هو جاز عن والده شيـٔا ۚ ان وعد الله حق ۖ فلا تغرنكم الحيوٰة الدنيا ولا يغرنكم بالله الغرور,Tafsir text placeholder for verse 31:33
31:34,ان الله عنده علم الساعة وينزل الغيث ويعلم ما فى الارحام ۖ وما تدرى نفس ماذا تكسب غدا ۖ وما تدرى نفس باى ارض تموت ۚ ان الله عليم خبير,Tafsir text placeholder for verse 31:34
32:1,الم,Tafsir text placeholder for verse 32:1
32:2,تنزيل الكتـٰب لا ريب فيه من رب العـٰلمين,Tafsir text placeholder for verse 32:2
32:3,ام يقولون افترىٰه ۚ بل هو الحق من ربك لتنذر قوما ما اتىٰهم من نذير من قبلك لعلهم يهتدون,Tafsir text placeholder for verse 32:3
32:4,الله الذى خلق السمـٰوٰت والارض وما بينهما فى ستة ايام ثم استوىٰ على العرش ۖ ما لكم من دونه من ولى ولا شفيع ۚ افلا تتذكرون,Tafsir text placeholder for verse 32:4
32:5,يدبر الامر من السماء الى الارض ثم يعرج اليه فى يوم كان مقداره الف سنة مما تعدون,Tafsir text placeholder for verse 32:5
32:6,ذٰلك عـٰلم الغيب والشهـٰدة العزيز الرحيم,Tafsir text placeholder for verse 32:6
32:7,الذى احسن كل شىء خلقه ۖ وبدا خلق الانسـٰن من طين,Tafsir text placeholder for verse 32:7
32:8,ثم جعل نسله من سلـٰلة من ماء مهين,Tafsir text placeholder for verse 32:8
32:9,ثم سوىٰه ونفخ فيه من روحه ۖ وجعل لكم السمع والابصـٰر والافـٔدة ۚ قليلا ما تشكرون,Tafsir text placeholder for verse 32:9
32:10,وقالوا اءذا ضللنا فى الارض اءنا لفى خلق جديد ۚ بل هم بلقاء ربهم كـٰفرون,Tafsir text placeholder for verse 32:10
32:11,قل يتوفىٰكم ملك الموت الذى وكل بكم ثم الىٰ ربكم ترجعون,Tafsir text placeholder for verse 32:11
32:12,ولو ترىٰ اذ المجرمون ناكسوا رءوسهم عند ربهم ربنا ابصرنا وسمعنا فارجعنا نعمل صـٰلحا انا موقنون,Tafsir text placeholder for verse 32:12
32:13,ولو شئنا لـٔاتينا كل نفس هدىٰها ولـٰكن حق القول منى لاملان جهنم من الجنة والناس اجمعين,Tafsir text placeholder for verse 32:13
32:14,فذوقوا بما نسيتم لقاء يومكم هـٰذا انا نسينـٰكم ۖ وذوقوا عذاب الخلد بما كنتم تعملون,Tafsir text placeholder for verse 32:14
32:15,انما يؤمن بـٔايـٰتنا الذين اذا ذكروا بها خروا سجدا وسبحوا بحمد ربهم وهم لا يستكبرون ۩,Tafsir text placeholder for verse 32:15
32:16,تتجافىٰ جنوبهم عن المضاجع يدعون ربهم خوفا وطمعا ومما رزقنـٰهم ينفقون,Tafsir text placeholder for verse 32:16
32:17,فلا تعلم نفس ما اخفى لهم من قرة اعين جزاء بما كانوا يعملون,Tafsir text placeholder for verse 32:17
32:18,افمن كان مؤمنا كمن كان فاسقا ۚ لا يستوۥن,Tafsir text placeholder for verse 32:18
32:19,اما الذين ءامنوا وعملوا الصـٰلحـٰت فلهم جنـٰت الماوىٰ نزلا بما كانوا يعملون,Tafsir text placeholder for verse 32:19
32:20,واما الذين فسقوا فماوىٰهم النار ۖ كلما ارادوا ان يخرجوا منها اعيدوا فيها وقيل لهم ذوقوا عذاب النار الذى كنتم به تكذبون,Tafsir text placeholder for verse 32:20
32:21,ولنذيقنهم من العذاب الادنىٰ دون العذاب الاكبر لعلهم يرجعون,Tafsir text placeholder for verse 32:21
32:22,ومن اظلم ممن ذكر بـٔايـٰت ربه ثم اعرض عنها ۚ انا من المجرمين منتقمون,Tafsir text placeholder for verse 32:22
32:23,ولقد ءاتينا موسى الكتـٰب فلا تكن فى مرية من لقائه ۖ وجعلنـٰه هدى لبنى اسرٰءيل,Tafsir text placeholder for verse 32:23
32:24,وجعلنا منهم ائمة يهدون بامرنا لما صبروا ۖ وكانوا بـٔايـٰتنا يوقنون,Tafsir text placeholder for verse 32:24
32:25,ان ربك هو يفصل بينهم يوم القيـٰمة فيما كانوا فيه يختلفون,Tafsir text placeholder for verse 32:25
32:26,اولم يهد لهم كم اهلكنا من قبلهم من القرون يمشون فى مسـٰكنهم ۚ ان فى ذٰلك لـٔايـٰت ۖ افلا يسمعون,Tafsir text placeholder for verse 32:26
32:27,اولم يروا انا نسوق الماء الى الارض الجرز فنخرج به زرعا تاكل منه انعـٰمهم وانفسهم ۖ افلا يبصرون,Tafsir text placeholder for verse 32:27
32:28,ويقولون متىٰ هـٰذا الفتح ان كنتم صـٰدقين,Tafsir text placeholder for verse 32:28
32:29,قل يوم الفتح لا ينفع الذين كفروا ايمـٰنهم ولا هم ينظرون,Tafsir text placeholder for verse 32:29
32:30,فاعرض عنهم وانتظر انهم منتظرون,Tafsir text placeholder for verse 32:30
33:1,يـٰايها النبى اتق الله ولا تطع الكـٰفرين والمنـٰفقين ۗ ان الله كان عليما حكيما,Tafsir text placeholder for verse 33:1
33:2,واتبع ما يوحىٰ اليك من ربك ۚ ان الله كان بما تعملون خبيرا,Tafsir text placeholder for verse 33:2
33:3,وتوكل على الله ۚ وكفىٰ بالله وكيلا,Tafsir text placeholder for verse 33:3
33:4,ما جعل الله لرجل من قلبين فى جوفه ۚ وما جعل ازوٰجكم الـٰـٔى تظـٰهرون منهن امهـٰتكم ۚ وما جعل ادعياءكم ابناءكم ۚ ذٰلكم قولكم بافوٰهكم ۖ والله يقول الحق وهو يهدى السبيل,Tafsir text placeholder for verse 33:4
33:5,ادعوهم لـٔابائهم هو اقسط عند الله ۚ فان لم تعلموا ءاباءهم فاخوٰنكم فى الدين وموٰليكم ۚ وليس عليكم جناح فيما اخطاتم به ولـٰكن ما تعمدت قلوبكم ۚ وكان الله غفورا رحيما,Tafsir text placeholder for verse 33:5
33:6,النبى اولىٰ بالمؤمنين من انفسهم ۖ وازوٰجه امهـٰتهم ۗ واولوا الارحام بعضهم اولىٰ ببعض فى كتـٰب الله من المؤمنين والمهـٰجرين الا ان تفعلوا الىٰ اوليائكم معروفا ۚ كان ذٰلك فى الكتـٰب مسطورا,Tafsir text placeholder for verse 33:6
33:7,واذ اخذنا من النبيـۧن ميثـٰقهم ومنك ومن نوح وابرٰهيم وموسىٰ وعيسى ابن مريم ۖ واخذنا منهم ميثـٰقا غليظا,Tafsir text placeholder for verse 33:7
33:8,ليسـٔل الصـٰدقين عن صدقهم ۚ واعد للكـٰفرين عذابا اليما,Tafsir text placeholder for verse 33:8
33:9,يـٰايها الذين ءامنوا اذكروا نعمة الله عليكم اذ جاءتكم جنود فارسلنا عليهم ريحا وجنودا لم تروها ۚ وكان الله بما تعملون بصيرا,Tafsir text placeholder for verse 33:9
33:10,اذ جاءوكم من فوقكم ومن اسفل منكم واذ زاغت الابصـٰر وبلغت القلوب الحناجر وتظنون بالله الظنونا۠,Tafsir text placeholder for verse 33:10
33:11,هنالك ابتلى المؤمنون وزلزلوا زلزالا شديدا,Tafsir text placeholder for verse 33:11
33:12,واذ يقول المنـٰفقون والذين فى قلوبهم مرض ما وعدنا الله ورسوله الا غرورا,Tafsir text placeholder for verse 33:12
33:13,واذ قالت طائفة منهم يـٰاهل يثرب لا مقام لكم فارجعوا ۚ ويستـٔذن فريق منهم النبى يقولون ان بيوتنا عورة وما هى بعورة ۖ ان يريدون الا فرارا,Tafsir text placeholder for verse 33:13
33:14,ولو دخلت عليهم من اقطارها ثم سئلوا الفتنة لـٔاتوها وما تلبثوا بها الا يسيرا,Tafsir text placeholder for verse 33:14
33:15,ولقد كانوا عـٰهدوا الله من قبل لا يولون الادبـٰر ۚ وكان عهد الله مسـٔولا,Tafsir text placeholder for verse 33:15
33:16,قل لن ينفعكم الفرار ان فررتم من الموت او القتل واذا لا تمتعون الا قليلا,Tafsir text placeholder for verse 33:16
33:17,قل من ذا الذى يعصمكم من الله ان اراد بكم سوءا او اراد بكم رحمة ۚ ولا يجدون لهم من دون الله وليا ولا نصيرا,Tafsir text placeholder for verse 33:17
33:18,قد يعلم الله المعوقين منكم والقائلين لاخوٰنهم هلم الينا ۖ ولا ياتون الباس الا قليلا,Tafsir text placeholder for verse 33:18
33:19,اشحة عليكم ۖ فاذا جاء الخوف رايتهم ينظرون اليك تدور اعينهم كالذى يغشىٰ عليه من الموت ۖ فاذا ذهب الخوف سلقوكم بالسنة حداد اشحة على الخير ۚ اولـٰئك لم يؤمنوا فاحبط الله اعمـٰلهم ۚ وكان ذٰلك على الله يسيرا,Tafsir text placeholder for verse 33:19
33:20,يحسبون الاحزاب لم يذهبوا ۖ وان يات الاحزاب يودوا لو انهم بادون فى الاعراب يسـٔلون عن انبائكم ۖ ولو كانوا فيكم ما قـٰتلوا الا قليلا,Tafsir text placeholder for verse 33:20
33:21,لقد كان لكم فى رسول الله اسوة حسنة لمن كان يرجوا الله واليوم الـٔاخر وذكر الله كثيرا,Tafsir text placeholder for verse 33:21
33:22,ولما رءا المؤمنون الاحزاب قالوا هـٰذا ما وعدنا الله ورسوله وصدق الله ورسوله ۚ وما زادهم الا ايمـٰنا وتسليما,Tafsir text placeholder for verse 33:22
33:23,من المؤمنين رجال صدقوا ما عـٰهدوا الله عليه ۖ فمنهم من قضىٰ نحبه ومنهم من ينتظر ۖ وما بدلوا تبديلا,Tafsir text placeholder for verse 33:23
33:24,ليجزى الله الصـٰدقين بصدقهم ويعذب المنـٰفقين ان شاء او يتوب عليهم ۚ ان الله كان غفورا رحيما,Tafsir text placeholder for verse 33:24
33:25,ورد الله الذين كفروا بغيظهم لم ينالوا خيرا ۚ وكفى الله المؤمنين القتال ۚ وكان الله قويا عزيزا,Tafsir text placeholder for verse 33:25
33:26,وانزل الذين ظـٰهروهم من اهل الكتـٰب من صياصيهم وقذف فى قلوبهم الرعب فريقا تقتلون وتاسرون فريقا,Tafsir text placeholder for verse 33:26
33:27,واورثكم ارضهم وديـٰرهم واموٰلهم وارضا لم تطـٔوها ۚ وكان الله علىٰ كل شىء قديرا,Tafsir text placeholder for verse 33:27
33:28,يـٰايها النبى قل لازوٰجك ان كنتن تردن الحيوٰة الدنيا وزينتها فتعالين امتعكن واسرحكن سراحا جميلا,Tafsir text placeholder for verse 33:28
33:29,وان كنتن تردن الله ورسوله والدار الـٔاخرة فان الله اعد للمحسنـٰت منكن اجرا عظيما,Tafsir text placeholder for verse 33:29
33:30,يـٰنساء النبى من يات منكن بفـٰحشة مبينة يضـٰعف لها العذاب ضعفين ۚ وكان ذٰلك على الله يسيرا,Tafsir text placeholder for verse 33:30
33:31,ومن يقنت منكن لله ورسوله وتعمل صـٰلحا نؤتها اجرها مرتين واعتدنا لها رزقا كريما,Tafsir text placeholder for verse 33:31
33:32,يـٰنساء النبى لستن كاحد من النساء ۚ ان اتقيتن فلا تخضعن بالقول فيطمع الذى فى قلبه مرض وقلن قولا معروفا,Tafsir text placeholder for verse 33:32
33:33,وقرن فى بيوتكن ولا تبرجن تبرج الجـٰهلية الاولىٰ ۖ واقمن الصلوٰة وءاتين الزكوٰة واطعن الله ورسوله ۚ انما يريد الله ليذهب عنكم الرجس اهل البيت ويطهركم تطهيرا,Tafsir text placeholder for verse 33:33
33:34,واذكرن ما يتلىٰ فى بيوتكن من ءايـٰت الله والحكمة ۚ ان الله كان لطيفا خبيرا,Tafsir text placeholder for verse 33:34
33:35,ان المسلمين والمسلمـٰت والمؤمنين والمؤمنـٰت والقـٰنتين والقـٰنتـٰت والصـٰدقين والصـٰدقـٰت والصـٰبرين والصـٰبرٰت والخـٰشعين والخـٰشعـٰت والمتصدقين والمتصدقـٰت والصـٰئمين والصـٰئمـٰت والحـٰفظين فروجهم والحـٰفظـٰت والذٰكرين الله كثيرا والذٰكرٰت اعد الله لهم مغفرة واجرا عظيما,Tafsir text placeholder for verse 33:35
33:36,وما كان لمؤمن ولا مؤمنة اذا قضى الله ورسوله امرا ان يكون لهم الخيرة من امرهم ۗ ومن يعص الله ورسوله فقد ضل ضلـٰلا مبينا,Tafsir text placeholder for verse 33:36
33:37,واذ تقول للذى انعم الله عليه وانعمت عليه امسك عليك زوجك واتق الله وتخفى فى نفسك ما الله مبديه وتخشى الناس والله احق ان تخشىٰه ۖ فلما قضىٰ زيد منها وطرا زوجنـٰكها لكى لا يكون على المؤمنين حرج فى ازوٰج ادعيائهم اذا قضوا منهن وطرا ۚ وكان امر الله مفعولا,Tafsir text placeholder for verse 33:37
33:38,ما كان على النبى من حرج فيما فرض الله له ۖ سنة الله فى الذين خلوا من قبل ۚ وكان امر الله قدرا مقدورا,Tafsir text placeholder for verse 33:38
33:39,الذين يبلغون رسـٰلـٰت الله ويخشونه ولا يخشون احدا الا الله ۗ وكفىٰ بالله حسيبا,Tafsir text placeholder for verse 33:39
33:40,ما كان محمد ابا احد من رجالكم ولـٰكن رسول الله وخاتم النبيـۧن ۗ وكان الله بكل شىء عليما,Tafsir text placeholder for verse 33:40
33:41,يـٰايها الذين ءامنوا اذكروا الله ذكرا كثيرا,Tafsir text placeholder for verse 33:41
33:42,وسبحوه بكرة واصيلا,Tafsir text placeholder for verse 33:42
33:43,هو الذى يصلى عليكم وملـٰئكته ليخرجكم من الظلمـٰت الى النور ۚ وكان بالمؤمنين رحيما,Tafsir text placeholder for verse 33:43
33:44,تحيتهم يوم يلقونه سلـٰم ۚ واعد لهم اجرا كريما,Tafsir text placeholder for verse 33:44
33:45,يـٰايها النبى انا ارسلنـٰك شـٰهدا ومبشرا ونذيرا,Tafsir text placeholder for verse 33:45
33:46,وداعيا الى الله باذنه وسراجا منيرا,Tafsir text placeholder for verse 33:46
33:47,وبشر المؤمنين بان لهم من الله فضلا كبيرا,Tafsir text placeholder for verse 33:47
33:48,ولا تطع الكـٰفرين والمنـٰفقين ودع اذىٰهم وتوكل على الله ۚ وكفىٰ بالله وكيلا,Tafsir text placeholder for verse 33:48
33:49,يـٰايها الذين ءامنوا اذا نكحتم المؤمنـٰت ثم طلقتموهن من قبل ان تمسوهن فما لكم عليهن من عدة تعتدونها ۖ فمتعوهن وسرحوهن سراحا جميلا,Tafsir text placeholder for verse 33:49
33:50,يـٰايها النبى انا احللنا لك ازوٰجك الـٰتى ءاتيت اجورهن وما ملكت يمينك مما افاء الله عليك وبنات عمك وبنات عمـٰتك وبنات خالك وبنات خـٰلـٰتك الـٰتى هاجرن معك وامراة مؤمنة ان وهبت نفسها للنبى ان اراد النبى ان يستنكحها خالصة لك من دون المؤمنين ۗ قد علمنا ما فرضنا عليهم فى ازوٰجهم وما ملكت ايمـٰنهم لكيلا يكون عليك حرج ۗ وكان الله غفورا رحيما,Tafsir text placeholder for verse 33:50
33:51,ترجى من تشاء منهن وتـٔوى اليك من تشاء ۖ ومن ابتغيت ممن عزلت فلا جناح عليك ۚ ذٰلك ادنىٰ ان تقر اعينهن ولا يحزن ويرضين بما ءاتيتهن كلهن ۚ والله يعلم ما فى قلوبكم ۚ وكان الله عليما حليما,Tafsir text placeholder for verse 33:51
33:52,لا يحل لك النساء من بعد ولا ان تبدل بهن من ازوٰج ولو اعجبك حسنهن الا ما ملكت يمينك ۗ وكان الله علىٰ كل شىء رقيبا,Tafsir text placeholder for verse 33:52
33:53,يـٰايها الذين ءامنوا لا تدخلوا بيوت النبى الا ان يؤذن لكم الىٰ طعام غير نـٰظرين انىٰه ولـٰكن اذا دعيتم فادخلوا فاذا طعمتم فانتشروا ولا مستـٔنسين لحديث ۚ ان ذٰلكم كان يؤذى النبى فيستحيۦ منكم ۖ والله لا يستحيۦ من الحق ۚ واذا سالتموهن متـٰعا فسـٔلوهن من وراء حجاب ۚ ذٰلكم اطهر لقلوبكم وقلوبهن ۚ وما كان لكم ان تؤذوا رسول الله ولا ان تنكحوا ازوٰجه من بعده ابدا ۚ ان ذٰلكم كان عند الله عظيما,Tafsir text placeholder for verse 33:53
33:54,ان تبدوا شيـٔا او تخفوه فان الله كان بكل شىء عليما,Tafsir text placeholder for verse 33:54
33:55,لا جناح عليهن فى ءابائهن ولا ابنائهن ولا اخوٰنهن ولا ابناء اخوٰنهن ولا ابناء اخوٰتهن ولا نسائهن ولا ما ملكت ايمـٰنهن ۗ واتقين الله ۚ ان الله كان علىٰ كل شىء شهيدا,Tafsir text placeholder for verse 33:55
33:56,ان الله وملـٰئكته يصلون على النبى ۚ يـٰايها الذين ءامنوا صلوا عليه وسلموا تسليما,Tafsir text placeholder for verse 33:56
33:57,ان الذين يؤذون الله ورسوله لعنهم الله فى الدنيا والـٔاخرة واعد لهم عذابا مهينا,Tafsir text placeholder for verse 33:57
33:58,والذين يؤذون المؤمنين والمؤمنـٰت بغير ما اكتسبوا فقد احتملوا بهتـٰنا واثما مبينا,Tafsir text placeholder for verse 33:58
33:59,يـٰايها النبى قل لازوٰجك وبناتك ونساء المؤمنين يدنين عليهن من جلـٰبيبهن ۚ ذٰلك ادنىٰ ان يعرفن فلا يؤذين ۗ وكان الله غفورا رحيما,Tafsir text placeholder for verse 33:59
33:60,لئن لم ينته المنـٰفقون والذين فى قلوبهم مرض والمرجفون فى المدينة لنغرينك بهم ثم لا يجاورونك فيها الا قليلا,Tafsir text placeholder for verse 33:60
33:61,ملعونين ۖ اينما ثقفوا اخذوا وقتلوا تقتيلا,Tafsir text placeholder for verse 33:61
33:62,سنة الله فى الذين خلوا من قبل ۖ ولن تجد لسنة الله تبديلا,Tafsir text placeholder for verse 33:62
33:63,يسـٔلك الناس عن الساعة ۖ قل انما علمها عند الله ۚ وما يدريك لعل الساعة تكون قريبا,Tafsir text placeholder for verse 33:63
33:64,ان الله لعن الكـٰفرين واعد لهم سعيرا,Tafsir text placeholder for verse 33:64
33:65,خـٰلدين فيها ابدا ۖ لا يجدون وليا ولا نصيرا,Tafsir text placeholder for verse 33:65
33:66,يوم تقلب وجوههم فى النار يقولون يـٰليتنا اطعنا الله واطعنا الرسولا۠,Tafsir text placeholder for verse 33:66
33:67,وقالوا ربنا انا اطعنا سادتنا وكبراءنا فاضلونا السبيلا۠,Tafsir text placeholder for verse 33:67
33:68,ربنا ءاتهم ضعفين من العذاب والعنهم لعنا كبيرا,Tafsir text placeholder for verse 33:68
33:69,يـٰايها الذين ءامنوا لا تكونوا كالذين ءاذوا موسىٰ فبراه الله مما قالوا ۚ وكان عند الله وجيها,Tafsir text placeholder for verse 33:69
33:70,يـٰايها الذين ءامنوا اتقوا الله وقولوا قولا سديدا,Tafsir text placeholder for verse 33:70
33:71,يصلح لكم اعمـٰلكم ويغفر لكم ذنوبكم ۗ ومن يطع الله ورسوله فقد فاز فوزا عظيما,Tafsir text placeholder for verse 33:71
33:72,انا عرضنا الامانة على السمـٰوٰت والارض والجبال فابين ان يحملنها واشفقن منها وحملها الانسـٰن ۖ انه كان ظلوما جهولا,Tafsir text placeholder for verse 33:72
33:73,ليعذب الله المنـٰفقين والمنـٰفقـٰت والمشركين والمشركـٰت ويتوب الله على المؤمنين والمؤمنـٰت ۗ وكان الله غفورا رحيما,Tafsir text placeholder for verse 33:73
34:1,الحمد لله الذى له ما فى السمـٰوٰت وما فى الارض وله الحمد فى الـٔاخرة ۚ وهو الحكيم الخبير,Tafsir text placeholder for verse 34:1
34:2,يعلم ما يلج فى الارض وما يخرج منها وما ينزل من السماء وما يعرج فيها ۚ وهو الرحيم الغفور,Tafsir text placeholder for verse 34:2
34:3,وقال الذين كفروا لا تاتينا الساعة ۖ قل بلىٰ وربى لتاتينكم عـٰلم الغيب ۖ لا يعزب عنه مثقال ذرة فى السمـٰوٰت ولا فى الارض ولا اصغر من ذٰلك ولا اكبر الا فى كتـٰب مبين,Tafsir text placeholder for verse 34:3
34:4,ليجزى الذين ءامنوا وعملوا الصـٰلحـٰت ۚ اولـٰئك لهم مغفرة ورزق كريم,Tafsir text placeholder for verse 34:4
34:5,والذين سعو فى ءايـٰتنا معـٰجزين اولـٰئك لهم عذاب من رجز اليم,Tafsir text placeholder for verse 34:5
34:6,ويرى الذين اوتوا العلم الذى انزل اليك من ربك هو الحق ويهدى الىٰ صرٰط العزيز الحميد,Tafsir text placeholder for verse 34:6
34:7,وقال الذين كفروا هل ندلكم علىٰ رجل ينبئكم اذا مزقتم كل ممزق انكم لفى خلق جديد,Tafsir text placeholder for verse 34:7
34:8,افترىٰ على الله كذبا ام به جنة ۗ بل الذين لا يؤمنون بالـٔاخرة فى العذاب والضلـٰل البعيد,Tafsir text placeholder for verse 34:8
34:9,افلم يروا الىٰ ما بين ايديهم وما خلفهم من السماء والارض ۚ ان نشا نخسف بهم الارض او نسقط عليهم كسفا من السماء ۚ ان فى ذٰلك لـٔاية لكل عبد منيب,Tafsir text placeholder for verse 34:9
34:10,ولقد ءاتينا داوۥد منا فضلا ۖ يـٰجبال اوبى معه والطير ۖ والنا له الحديد,Tafsir text placeholder for verse 34:10
34:11,ان اعمل سـٰبغـٰت وقدر فى السرد ۖ واعملوا صـٰلحا ۖ انى بما تعملون بصير,Tafsir text placeholder for verse 34:11
34:12,ولسليمـٰن الريح غدوها شهر ورواحها شهر ۖ واسلنا له عين القطر ۖ ومن الجن من يعمل بين يديه باذن ربه ۖ ومن يزغ منهم عن امرنا نذقه من عذاب السعير,Tafsir text placeholder for verse 34:12
34:13,يعملون له ما يشاء من محـٰريب وتمـٰثيل وجفان كالجواب وقدور راسيـٰت ۚ اعملوا ءال داوۥد شكرا ۚ وقليل من عبادى الشكور,Tafsir text placeholder for verse 34:13
34:14,فلما قضينا عليه الموت ما دلهم علىٰ موته الا دابة الارض تاكل منساته ۖ فلما خر تبينت الجن ان لو كانوا يعلمون الغيب ما لبثوا فى العذاب المهين,Tafsir text placeholder for verse 34:14
34:15,لقد كان لسبا فى مسكنهم ءاية ۖ جنتان عن يمين وشمال ۖ كلوا من رزق ربكم واشكروا له ۚ بلدة طيبة ورب غفور,Tafsir text placeholder for verse 34:15
34:16,فاعرضوا فارسلنا عليهم سيل العرم وبدلنـٰهم بجنتيهم جنتين ذواتى اكل خمط واثل وشىء من سدر قليل,Tafsir text placeholder for verse 34:16
34:17,ذٰلك جزينـٰهم بما كفروا ۖ وهل نجـٰزى الا الكفور,Tafsir text placeholder for verse 34:17
34:18,وجعلنا بينهم وبين القرى التى بـٰركنا فيها قرى ظـٰهرة وقدرنا فيها السير ۖ سيروا فيها ليالى واياما ءامنين,Tafsir text placeholder for verse 34:18
34:19,فقالوا ربنا بـٰعد بين اسفارنا وظلموا انفسهم فجعلنـٰهم احاديث ومزقنـٰهم كل ممزق ۚ ان فى ذٰلك لـٔايـٰت لكل صبار شكور,Tafsir text placeholder for verse 34:19
34:20,ولقد صدق عليهم ابليس ظنه فاتبعوه الا فريقا من المؤمنين,Tafsir text placeholder for verse 34:20
34:21,وما كان له عليهم من سلطـٰن الا لنعلم من يؤمن بالـٔاخرة ممن هو منها فى شك ۗ وربك علىٰ كل شىء حفيظ,Tafsir text placeholder for verse 34:21
34:22,قل ادعوا الذين زعمتم من دون الله ۖ لا يملكون مثقال ذرة فى السمـٰوٰت ولا فى الارض وما لهم فيهما من شرك وما له منهم من ظهير,Tafsir text placeholder for verse 34:22
34:23,ولا تنفع الشفـٰعة عنده الا لمن اذن له ۚ حتىٰ اذا فزع عن قلوبهم قالوا ماذا قال ربكم ۖ قالوا الحق ۖ وهو العلى الكبير,Tafsir text placeholder for verse 34:23
34:24,قل من يرزقكم من السمـٰوٰت والارض ۖ قل الله ۖ وانا او اياكم لعلىٰ هدى او فى ضلـٰل مبين,Tafsir text placeholder for verse 34:24
34:25,قل لا تسـٔلون عما اجرمنا ولا نسـٔل عما تعملون,Tafsir text placeholder for verse 34:25
34:26,قل يجمع بيننا ربنا ثم يفتح بيننا بالحق وهو الفتاح العليم,Tafsir text placeholder for verse 34:26
34:27,قل ارونى الذين الحقتم به شركاء ۖ كلا ۚ بل هو الله العزيز الحكيم,Tafsir text placeholder for verse 34:27
34:28,وما ارسلنـٰك الا كافة للناس بشيرا ونذيرا ولـٰكن اكثر الناس لا يعلمون,Tafsir text placeholder for verse 34:28
34:29,ويقولون متىٰ هـٰذا الوعد ان كنتم صـٰدقين,Tafsir text placeholder for verse 34:29
34:30,قل لكم ميعاد يوم لا تستـٔخرون عنه ساعة ولا تستقدمون,Tafsir text placeholder for verse 34:30
34:31,وقال الذين كفروا لن نؤمن بهـٰذا القرءان ولا بالذى بين يديه ۗ ولو ترىٰ اذ الظـٰلمون موقوفون عند ربهم يرجع بعضهم الىٰ بعض القول يقول الذين استضعفوا للذين استكبروا لولا انتم لكنا مؤمنين,Tafsir text placeholder for verse 34:31
34:32,قال الذين استكبروا للذين استضعفوا انحن صددنـٰكم عن الهدىٰ بعد اذ جاءكم ۖ بل كنتم مجرمين,Tafsir text placeholder for verse 34:32
34:33,وقال الذين استضعفوا للذين استكبروا بل مكر اليل والنهار اذ تامروننا ان نكفر بالله ونجعل له اندادا ۚ واسروا الندامة لما راوا العذاب وجعلنا الاغلـٰل فى اعناق الذين كفروا ۚ هل يجزون الا ما كانوا يعملون,Tafsir text placeholder for verse 34:33
34:34,وما ارسلنا فى قرية من نذير الا قال مترفوها انا بما ارسلتم به كـٰفرون,Tafsir text placeholder for verse 34:34
34:35,وقالوا نحن اكثر اموٰلا واولـٰدا وما نحن بمعذبين,Tafsir text placeholder for verse 34:35
34:36,قل ان ربى يبسط الرزق لمن يشاء ويقدر ولـٰكن اكثر الناس لا يعلمون,Tafsir text placeholder for verse 34:36
34:37,وما اموٰلكم ولا اولـٰدكم بالتى تقربكم عندنا زلفىٰ الا من ءامن وعمل صـٰلحا فاولـٰئك لهم جزاء الضعف بما عملوا وهم فى الغرفـٰت ءامنون,Tafsir text placeholder for verse 34:37
34:38,والذين يسعون فى ءايـٰتنا معـٰجزين اولـٰئك فى العذاب محضرون,Tafsir text placeholder for verse 34:38
34:39,قل ان ربى يبسط الرزق لمن يشاء من عباده ويقدر له ۚ وما انفقتم من شىء فهو يخلفه ۖ وهو خير الرٰزقين,Tafsir text placeholder for verse 34:39
34:40,ويوم يحشرهم جميعا ثم يقول للملـٰئكة اهـٰؤلاء اياكم كانوا يعبدون,Tafsir text placeholder for verse 34:40
34:41,قالوا سبحـٰنك انت ولينا من دونهم ۖ بل كانوا يعبدون الجن ۖ اكثرهم بهم مؤمنون,Tafsir text placeholder for verse 34:41
34:42,فاليوم لا يملك بعضكم لبعض نفعا ولا ضرا ونقول للذين ظلموا ذوقوا عذاب النار التى كنتم بها تكذبون,Tafsir text placeholder for verse 34:42
34:43,واذا تتلىٰ عليهم ءايـٰتنا بينـٰت قالوا ما هـٰذا الا رجل يريد ان يصدكم عما كان يعبد ءاباؤكم وقالوا ما هـٰذا الا افك مفترى ۚ وقال الذين كفروا للحق لما جاءهم ان هـٰذا الا سحر مبين,Tafsir text placeholder for verse 34:43
34:44,وما ءاتينـٰهم من كتب يدرسونها ۖ وما ارسلنا اليهم قبلك من نذير,Tafsir text placeholder for verse 34:44
34:45,وكذب الذين من قبلهم وما بلغوا معشار ما ءاتينـٰهم فكذبوا رسلى ۖ فكيف كان نكير,Tafsir text placeholder for verse 34:45
34:46,قل انما اعظكم بوٰحدة ۖ ان تقوموا لله مثنىٰ وفرٰدىٰ ثم تتفكروا ۚ ما بصاحبكم من جنة ۚ ان هو الا نذير لكم بين يدى عذاب شديد,Tafsir text placeholder for verse 34:46
34:47,قل ما سالتكم من اجر فهو لكم ۖ ان اجرى الا على الله ۖ وهو علىٰ كل شىء شهيد,Tafsir text placeholder for verse 34:47
34:48,قل ان ربى يقذف بالحق علـٰم الغيوب,Tafsir text placeholder for verse 34:48
34:49,قل جاء الحق وما يبدئ البـٰطل وما يعيد,Tafsir text placeholder for verse 34:49
34:50,قل ان ضللت فانما اضل علىٰ نفسى ۖ وان اهتديت فبما يوحى الى ربى ۚ انه سميع قريب,Tafsir text placeholder for verse 34:50
34:51,ولو ترىٰ اذ فزعوا فلا فوت واخذوا من مكان قريب,Tafsir text placeholder for verse 34:51
34:52,وقالوا ءامنا به وانىٰ لهم التناوش من مكان بعيد,Tafsir text placeholder for verse 34:52
34:53,وقد كفروا به من قبل ۖ ويقذفون بالغيب من مكان بعيد,Tafsir text placeholder for verse 34:53
34:54,وحيل بينهم وبين ما يشتهون كما فعل باشياعهم من قبل ۚ انهم كانوا فى شك مريب,Tafsir text placeholder for verse 34:54
35:1,الحمد لله فاطر السمـٰوٰت والارض جاعل الملـٰئكة رسلا اولى اجنحة مثنىٰ وثلـٰث وربـٰع ۚ يزيد فى الخلق ما يشاء ۚ ان الله علىٰ كل شىء قدير,Tafsir text placeholder for verse 35:1
35:2,ما يفتح الله للناس من رحمة فلا ممسك لها ۖ وما يمسك فلا مرسل له من بعده ۚ وهو العزيز الحكيم,Tafsir text placeholder for verse 35:2
35:3,يـٰايها الناس اذكروا نعمت الله عليكم ۚ هل من خـٰلق غير الله يرزقكم من السماء والارض ۚ لا الـٰه الا هو ۖ فانىٰ تؤفكون,Tafsir text placeholder for verse 35:3
35:4,وان يكذبوك فقد كذبت رسل من قبلك ۚ والى الله ترجع الامور,Tafsir text placeholder for verse 35:4
35:5,يـٰايها الناس ان وعد الله حق ۖ فلا تغرنكم الحيوٰة الدنيا ۖ ولا يغرنكم بالله الغرور,Tafsir text placeholder for verse 35:5
35:6,ان الشيطـٰن لكم عدو فاتخذوه عدوا ۚ انما يدعوا حزبه ليكونوا من اصحـٰب السعير,Tafsir text placeholder for verse 35:6
35:7,الذين كفروا لهم عذاب شديد ۖ والذين ءامنوا وعملوا الصـٰلحـٰت لهم مغفرة واجر كبير,Tafsir text placeholder for verse 35:7
35:8,افمن زين له سوء عمله فرءاه حسنا ۖ فان الله يضل من يشاء ويهدى من يشاء ۖ فلا تذهب نفسك عليهم حسرٰت ۚ ان الله عليم بما يصنعون,Tafsir text placeholder for verse 35:8
35:9,والله الذى ارسل الريـٰح فتثير سحابا فسقنـٰه الىٰ بلد ميت فاحيينا به الارض بعد موتها ۚ كذٰلك النشور,Tafsir text placeholder for verse 35:9
35:10,من كان يريد العزة فلله العزة جميعا ۚ اليه يصعد الكلم الطيب والعمل الصـٰلح يرفعه ۚ والذين يمكرون السيـٔات لهم عذاب شديد ۖ ومكر اولـٰئك هو يبور,Tafsir text placeholder for verse 35:10
35:11,والله خلقكم من تراب ثم من نطفة ثم جعلكم ازوٰجا ۚ وما تحمل من انثىٰ ولا تضع الا بعلمه ۚ وما يعمر من معمر ولا ينقص من عمره الا فى كتـٰب ۚ ان ذٰلك على الله يسير,Tafsir text placeholder for verse 35:11
35:12,وما يستوى البحران هـٰذا عذب فرات سائغ شرابه وهـٰذا ملح اجاج ۖ ومن كل تاكلون لحما طريا وتستخرجون حلية تلبسونها ۖ وترى الفلك فيه مواخر لتبتغوا من فضله ولعلكم تشكرون,Tafsir text placeholder for verse 35:12
35:13,يولج اليل فى النهار ويولج النهار فى اليل وسخر الشمس والقمر كل يجرى لاجل مسمى ۚ ذٰلكم الله ربكم له الملك ۚ والذين تدعون من دونه ما يملكون من قطمير,Tafsir text placeholder for verse 35:13
35:14,ان تدعوهم لا يسمعوا دعاءكم ولو سمعوا ما استجابوا لكم ۖ ويوم القيـٰمة يكفرون بشرككم ۚ ولا ينبئك مثل خبير,Tafsir text placeholder for verse 35:14
35:15,يـٰايها الناس انتم الفقراء الى الله ۖ والله هو الغنى الحميد,Tafsir text placeholder for verse 35:15
35:16,ان يشا يذهبكم ويات بخلق جديد,Tafsir text placeholder for verse 35:16
35:17,وما ذٰلك على الله بعزيز,Tafsir text placeholder for verse 35:17
35:18,ولا تزر وازرة وزر اخرىٰ ۚ وان تدع مثقلة الىٰ حملها لا يحمل منه شىء ولو كان ذا قربىٰ ۗ انما تنذر الذين يخشون ربهم بالغيب واقاموا الصلوٰة ۚ ومن تزكىٰ فانما يتزكىٰ لنفسه ۚ والى الله المصير,Tafsir text placeholder for verse 35:18
35:19,وما يستوى الاعمىٰ والبصير,Tafsir text placeholder for verse 35:19
35:20,ولا الظلمـٰت ولا النور,Tafsir text placeholder for verse 35:20
35:21,ولا الظل ولا الحرور,Tafsir text placeholder for verse 35:21
35:22,وما يستوى الاحياء ولا الاموٰت ۚ ان الله يسمع من يشاء ۖ وما انت بمسمع من فى القبور,Tafsir text placeholder for verse 35:22
35:23,ان انت الا نذير,Tafsir text placeholder for verse 35:23
35:24,انا ارسلنـٰك بالحق بشيرا ونذيرا ۚ وان من امة الا خلا فيها نذير,Tafsir text placeholder for verse 35:24
35:25,وان يكذبوك فقد كذب الذين من قبلهم جاءتهم رسلهم بالبينـٰت وبالزبر وبالكتـٰب المنير,Tafsir text placeholder for verse 35:25
35:26,ثم اخذت الذين كفروا ۖ فكيف كان نكير,Tafsir text placeholder for verse 35:26
35:27,الم تر ان الله انزل من السماء ماء فاخرجنا به ثمرٰت مختلفا الوٰنها ۚ ومن الجبال جدد بيض وحمر مختلف الوٰنها وغرابيب سود,Tafsir text placeholder for verse 35:27
35:28,ومن الناس والدواب والانعـٰم مختلف الوٰنه كذٰلك ۗ انما يخشى الله من عباده العلمـٰؤا۟ ۗ ان الله عزيز غفور,Tafsir text placeholder for verse 35:28
35:29,ان الذين يتلون كتـٰب الله واقاموا الصلوٰة وانفقوا مما رزقنـٰهم سرا وعلانية يرجون تجـٰرة لن تبور,Tafsir text placeholder for verse 35:29
35:30,ليوفيهم اجورهم ويزيدهم من فضله ۚ انه غفور شكور,Tafsir text placeholder for verse 35:30
35:31,والذى اوحينا اليك من الكتـٰب هو الحق مصدقا لما بين يديه ۗ ان الله بعباده لخبير بصير,Tafsir text placeholder for verse 35:31
35:32,ثم اورثنا الكتـٰب الذين اصطفينا من عبادنا ۖ فمنهم ظالم لنفسه ومنهم مقتصد ومنهم سابق بالخيرٰت باذن الله ۚ ذٰلك هو الفضل الكبير,Tafsir text placeholder for verse 35:32
35:33,جنـٰت عدن يدخلونها يحلون فيها من اساور من ذهب ولؤلؤا ۖ ولباسهم فيها حرير,Tafsir text placeholder for verse 35:33
35:34,وقالوا الحمد لله الذى اذهب عنا الحزن ۖ ان ربنا لغفور شكور,Tafsir text placeholder for verse 35:34
35:35,الذى احلنا دار المقامة من فضله لا يمسنا فيها نصب ولا يمسنا فيها لغوب,Tafsir text placeholder for verse 35:35
35:36,والذين كفروا لهم نار جهنم لا يقضىٰ عليهم فيموتوا ولا يخفف عنهم من عذابها ۚ كذٰلك نجزى كل كفور,Tafsir text placeholder for verse 35:36
35:37,وهم يصطرخون فيها ربنا اخرجنا نعمل صـٰلحا غير الذى كنا نعمل ۚ اولم نعمركم ما يتذكر فيه من تذكر وجاءكم النذير ۖ فذوقوا فما للظـٰلمين من نصير,Tafsir text placeholder for verse 35:37
35:38,ان الله عـٰلم غيب السمـٰوٰت والارض ۚ انه عليم بذات الصدور,Tafsir text placeholder for verse 35:38
35:39,هو الذى جعلكم خلـٰئف فى الارض ۚ فمن كفر فعليه كفره ۖ ولا يزيد الكـٰفرين كفرهم عند ربهم الا مقتا ۖ ولا يزيد الكـٰفرين كفرهم الا خسارا,Tafsir text placeholder for verse 35:39
35:40,قل ارءيتم شركاءكم الذين تدعون من دون الله ارونى ماذا خلقوا من الارض ام لهم شرك فى السمـٰوٰت ام ءاتينـٰهم كتـٰبا فهم علىٰ بينت منه ۚ بل ان يعد الظـٰلمون بعضهم بعضا الا غرورا,Tafsir text placeholder for verse 35:40
35:41,ان الله يمسك السمـٰوٰت والارض ان تزولا ۚ ولئن زالتا ان امسكهما من احد من بعده ۚ انه كان حليما غفورا,Tafsir text placeholder for verse 35:41
35:42,واقسموا بالله جهد ايمـٰنهم لئن جاءهم نذير ليكونن اهدىٰ من احدى الامم ۖ فلما جاءهم نذير ما زادهم الا نفورا,Tafsir text placeholder for verse 35:42
35:43,استكبارا فى الارض ومكر السيئ ۚ ولا يحيق المكر السيئ الا باهله ۚ فهل ينظرون الا سنت الاولين ۚ فلن تجد لسنت الله تبديلا ۖ ولن تجد لسنت الله تحويلا,Tafsir text placeholder for verse 35:43
35:44,اولم يسيروا فى الارض فينظروا كيف كان عـٰقبة الذين من قبلهم وكانوا اشد منهم قوة ۚ وما كان الله ليعجزه من شىء فى السمـٰوٰت ولا فى الارض ۚ انه كان عليما قديرا,Tafsir text placeholder for verse 35:44
35:45,ولو يؤاخذ الله الناس بما كسبوا ما ترك علىٰ ظهرها من دابة ولـٰكن يؤخرهم الىٰ اجل مسمى ۖ فاذا جاء اجلهم فان الله كان بعباده بصيرا,Tafsir text placeholder for verse 35:45
36:1,يس,Tafsir text placeholder for verse 36:1
36:2,والقرءان الحكيم,Tafsir text placeholder for verse 36:2
36:3,انك لمن المرسلين,Tafsir text placeholder for verse 36:3
36:4,علىٰ صرٰط مستقيم,Tafsir text placeholder for verse 36:4
36:5,تنزيل العزيز الرحيم,Tafsir text placeholder for verse 36:5
36:6,لتنذر قوما ما انذر ءاباؤهم فهم غـٰفلون,Tafsir text placeholder for verse 36:6
36:7,لقد حق القول علىٰ اكثرهم فهم لا يؤمنون,Tafsir text placeholder for verse 36:7
36:8,انا جعلنا فى اعنـٰقهم اغلـٰلا فهى الى الاذقان فهم مقمحون,Tafsir text placeholder for verse 36:8
36:9,وجعلنا من بين ايديهم سدا ومن خلفهم سدا فاغشينـٰهم فهم لا يبصرون,Tafsir text placeholder for verse 36:9
36:10,وسواء عليهم ءانذرتهم ام لم تنذرهم لا يؤمنون,Tafsir text placeholder for verse 36:10
36:11,انما تنذر من اتبع الذكر وخشى الرحمـٰن بالغيب ۖ فبشره بمغفرة واجر كريم,Tafsir text placeholder for verse 36:11
36:12,انا نحن نحى الموتىٰ ونكتب ما قدموا وءاثـٰرهم ۚ وكل شىء احصينـٰه فى امام مبين,Tafsir text placeholder for verse 36:12
36:13,واضرب لهم مثلا اصحـٰب القرية اذ جاءها المرسلون,Tafsir text placeholder for verse 36:13
36:14,اذ ارسلنا اليهم اثنين فكذبوهما فعززنا بثالث فقالوا انا اليكم مرسلون,Tafsir text placeholder for verse 36:14
36:15,قالوا ما انتم الا بشر مثلنا وما انزل الرحمـٰن من شىء ان انتم الا تكذبون,Tafsir text placeholder for verse 36:15
36:16,قالوا ربنا يعلم انا اليكم لمرسلون,Tafsir text placeholder for verse 36:16
36:17,وما علينا الا البلـٰغ المبين,Tafsir text placeholder for verse 36:17
36:18,قالوا انا تطيرنا بكم ۖ لئن لم تنتهوا لنرجمنكم وليمسنكم منا عذاب اليم,Tafsir text placeholder for verse 36:18
36:19,قالوا طـٰئركم معكم ۚ ائن ذكرتم ۚ بل انتم قوم مسرفون,Tafsir text placeholder for verse 36:19
36:20,وجاء من اقصا المدينة رجل يسعىٰ قال يـٰقوم اتبعوا المرسلين,Tafsir text placeholder for verse 36:20
36:21,اتبعوا من لا يسـٔلكم اجرا وهم مهتدون,Tafsir text placeholder for verse 36:21
36:22,وما لى لا اعبد الذى فطرنى واليه ترجعون,Tafsir text placeholder for verse 36:22
36:23,ءاتخذ من دونه ءالهة ان يردن الرحمـٰن بضر لا تغن عنى شفـٰعتهم شيـٔا ولا ينقذون,Tafsir text placeholder for verse 36:23
36:24,انى اذا لفى ضلـٰل مبين,Tafsir text placeholder for verse 36:24
36:25,انى ءامنت بربكم فاسمعون,Tafsir text placeholder for verse 36:25
36:26,قيل ادخل الجنة ۖ قال يـٰليت قومى يعلمون,Tafsir text placeholder for verse 36:26
36:27,بما غفر لى ربى وجعلنى من المكرمين,Tafsir text placeholder for verse 36:27
36:28,وما انزلنا علىٰ قومه من بعده من جند من السماء وما كنا منزلين,Tafsir text placeholder for verse 36:28
36:29,ان كانت الا صيحة وٰحدة فاذا هم خـٰمدون,Tafsir text placeholder for verse 36:29
36:30,يـٰحسرة على العباد ۚ ما ياتيهم من رسول الا كانوا به يستهزءون,Tafsir text placeholder for verse 36:30
36:31,الم يروا كم اهلكنا قبلهم من القرون انهم اليهم لا يرجعون,Tafsir text placeholder for verse 36:31
36:32,وان كل لما جميع لدينا محضرون,Tafsir text placeholder for verse 36:32
36:33,وءاية لهم الارض الميتة احيينـٰها واخرجنا منها حبا فمنه ياكلون,Tafsir text placeholder for verse 36:33
36:34,وجعلنا فيها جنـٰت من نخيل واعنـٰب وفجرنا فيها من العيون,Tafsir text placeholder for verse 36:34
36:35,لياكلوا من ثمره وما عملته ايديهم ۖ افلا يشكرون,Tafsir text placeholder for verse 36:35
36:36,سبحـٰن الذى خلق الازوٰج كلها مما تنبت الارض ومن انفسهم ومما لا يعلمون,Tafsir text placeholder for verse 36:36
36:37,وءاية لهم اليل نسلخ منه النهار فاذا هم مظلمون,Tafsir text placeholder for verse 36:37
36:38,والشمس تجرى لمستقر لها ۚ ذٰلك تقدير العزيز العليم,Tafsir text placeholder for verse 36:38
36:39,والقمر قدرنـٰه منازل حتىٰ عاد كالعرجون القديم,Tafsir text placeholder for verse 36:39
36:40,لا الشمس ينبغى لها ان تدرك القمر ولا اليل سابق النهار ۚ وكل فى فلك يسبحون,Tafsir text placeholder for verse 36:40
36:41,وءاية لهم انا حملنا ذريتهم فى الفلك المشحون,Tafsir text placeholder for verse 36:41
36:42,وخلقنا لهم من مثله ما يركبون,Tafsir text placeholder for verse 36:42
36:43,وان نشا نغرقهم فلا صريخ لهم ولا هم ينقذون,Tafsir text placeholder for verse 36:43
36:44,الا رحمة منا ومتـٰعا الىٰ حين,Tafsir text placeholder for verse 36:44
36:45,واذا قيل لهم اتقوا ما بين ايديكم وما خلفكم لعلكم ترحمون,Tafsir text placeholder for verse 36:45
36:46,وما تاتيهم من ءاية من ءايـٰت ربهم الا كانوا عنها معرضين,Tafsir text placeholder for verse 36:46
36:47,واذا قيل لهم انفقوا مما رزقكم الله قال الذين كفروا للذين ءامنوا انطعم من لو يشاء الله اطعمه ان انتم الا فى ضلـٰل مبين,Tafsir text placeholder for verse 36:47
36:48,ويقولون متىٰ هـٰذا الوعد ان كنتم صـٰدقين,Tafsir text placeholder for verse 36:48
36:49,ما ينظرون الا صيحة وٰحدة تاخذهم وهم يخصمون,Tafsir text placeholder for verse 36:49
36:50,فلا يستطيعون توصية ولا الىٰ اهلهم يرجعون,Tafsir text placeholder for verse 36:50
36:51,ونفخ فى الصور فاذا هم من الاجداث الىٰ ربهم ينسلون,Tafsir text placeholder for verse 36:51
36:52,قالوا يـٰويلنا من بعثنا من مرقدنا ۜ ۗ هـٰذا ما وعد الرحمـٰن وصدق المرسلون,Tafsir text placeholder for verse 36:52
36:53,ان كانت الا صيحة وٰحدة فاذا هم جميع لدينا محضرون,Tafsir text placeholder for verse 36:53
36:54,فاليوم لا تظلم نفس شيـٔا ولا تجزون الا ما كنتم تعملون,Tafsir text placeholder for verse 36:54
36:55,ان اصحـٰب الجنة اليوم فى شغل فـٰكهون,Tafsir text placeholder for verse 36:55
36:56,هم وازوٰجهم فى ظلـٰل على الارائك متكـٔون,Tafsir text placeholder for verse 36:56
36:57,لهم فيها فـٰكهة ولهم ما يدعون,Tafsir text placeholder for verse 36:57
36:58,سلـٰم قولا من رب رحيم,Tafsir text placeholder for verse 36:58
36:59,وامتـٰزوا اليوم ايها المجرمون,Tafsir text placeholder for verse 36:59
36:60,الم اعهد اليكم يـٰبنى ءادم ان لا تعبدوا الشيطـٰن ۖ انه لكم عدو مبين,Tafsir text placeholder for verse 36:60
36:61,وان اعبدونى ۚ هـٰذا صرٰط مستقيم,Tafsir text placeholder for verse 36:61
36:62,ولقد اضل منكم جبلا كثيرا ۖ افلم تكونوا تعقلون,Tafsir text placeholder for verse 36:62
36:63,هـٰذه جهنم التى كنتم توعدون,Tafsir text placeholder for verse 36:63
36:64,اصلوها اليوم بما كنتم تكفرون,Tafsir text placeholder for verse 36:64
36:65,اليوم نختم علىٰ افوٰههم وتكلمنا ايديهم وتشهد ارجلهم بما كانوا يكسبون,Tafsir text placeholder for verse 36:65
36:66,ولو نشاء لطمسنا علىٰ اعينهم فاستبقوا الصرٰط فانىٰ يبصرون,Tafsir text placeholder for verse 36:66
36:67,ولو نشاء لمسخنـٰهم علىٰ مكانتهم فما استطـٰعوا مضيا ولا يرجعون,Tafsir text placeholder for verse 36:67
36:68,ومن نعمره ننكسه فى الخلق ۖ افلا يعقلون,Tafsir text placeholder for verse 36:68
36:69,وما علمنـٰه الشعر وما ينبغى له ۚ ان هو الا ذكر وقرءان مبين,Tafsir text placeholder for verse 36:69
36:70,لينذر من كان حيا ويحق القول على الكـٰفرين,Tafsir text placeholder for verse 36:70
36:71,اولم يروا انا خلقنا لهم مما عملت ايدينا انعـٰما فهم لها مـٰلكون,Tafsir text placeholder for verse 36:71
36:72,وذللنـٰها لهم فمنها ركوبهم ومنها ياكلون,Tafsir text placeholder for verse 36:72
36:73,ولهم فيها منـٰفع ومشارب ۖ افلا يشكرون,Tafsir text placeholder for verse 36:73
36:74,واتخذوا من دون الله ءالهة لعلهم ينصرون,Tafsir text placeholder for verse 36:74
36:75,لا يستطيعون نصرهم وهم لهم جند محضرون,Tafsir text placeholder for verse 36:75
36:76,فلا يحزنك قولهم ۘ انا نعلم ما يسرون وما يعلنون,Tafsir text placeholder for verse 36:76
36:77,اولم ير الانسـٰن انا خلقنـٰه من نطفة فاذا هو خصيم مبين,Tafsir text placeholder for verse 36:77
36:78,وضرب لنا مثلا ونسى خلقه ۖ قال من يحى العظـٰم وهى رميم,Tafsir text placeholder for verse 36:78
36:79,قل يحييها الذى انشاها اول مرة ۖ وهو بكل خلق عليم,Tafsir text placeholder for verse 36:79
36:80,الذى جعل لكم من الشجر الاخضر نارا فاذا انتم منه توقدون,Tafsir text placeholder for verse 36:80
36:81,اوليس الذى خلق السمـٰوٰت والارض بقـٰدر علىٰ ان يخلق مثلهم ۚ بلىٰ وهو الخلـٰق العليم,Tafsir text placeholder for verse 36:81
36:82,انما امره اذا اراد شيـٔا ان يقول له كن فيكون,Tafsir text placeholder for verse 36:82
36:83,فسبحـٰن الذى بيده ملكوت كل شىء واليه ترجعون,Tafsir text placeholder for verse 36:83
37:1,والصـٰفـٰت صفا,Tafsir text placeholder for verse 37:1
37:2,فالزٰجرٰت زجرا,Tafsir text placeholder for verse 37:2
37:3,فالتـٰليـٰت ذكرا,Tafsir text placeholder for verse 37:3
37:4,ان الـٰهكم لوٰحد,Tafsir text placeholder for verse 37:4
37:5,رب السمـٰوٰت والارض وما بينهما ورب المشـٰرق,Tafsir text placeholder for verse 37:5
37:6,انا زينا السماء الدنيا بزينة الكواكب,Tafsir text placeholder for verse 37:6
37:7,وحفظا من كل شيطـٰن مارد,Tafsir text placeholder for verse 37:7
37:8,لا يسمعون الى الملا الاعلىٰ ويقذفون من كل جانب,Tafsir text placeholder for verse 37:8
37:9,دحورا ۖ ولهم عذاب واصب,Tafsir text placeholder for verse 37:9
37:10,الا من خطف الخطفة فاتبعه شهاب ثاقب,Tafsir text placeholder for verse 37:10
37:11,فاستفتهم اهم اشد خلقا ام من خلقنا ۚ انا خلقنـٰهم من طين لازب,Tafsir text placeholder for verse 37:11
37:12,بل عجبت ويسخرون,Tafsir text placeholder for verse 37:12
37:13,واذا ذكروا لا يذكرون,Tafsir text placeholder for verse 37:13
37:14,واذا راوا ءاية يستسخرون,Tafsir text placeholder for verse 37:14
37:15,وقالوا ان هـٰذا الا سحر مبين,Tafsir text placeholder for verse 37:15
37:16,اءذا متنا وكنا ترابا وعظـٰما اءنا لمبعوثون,Tafsir text placeholder for verse 37:16
37:17,اوءاباؤنا الاولون,Tafsir text placeholder for verse 37:17
37:18,قل نعم وانتم دٰخرون,Tafsir text placeholder for verse 37:18
37:19,فانما هى زجرة وٰحدة فاذا هم ينظرون,Tafsir text placeholder for verse 37:19
37:20,وقالوا يـٰويلنا هـٰذا يوم الدين,Tafsir text placeholder for verse 37:20
37:21,هـٰذا يوم الفصل الذى كنتم به تكذبون,Tafsir text placeholder for verse 37:21
37:22,احشروا الذين ظلموا وازوٰجهم وما كانوا يعبدون,Tafsir text placeholder for verse 37:22
37:23,من دون الله فاهدوهم الىٰ صرٰط الجحيم,Tafsir text placeholder for verse 37:23
37:24,وقفوهم ۖ انهم مسـٔولون,Tafsir text placeholder for verse 37:24
37:25,ما لكم لا تناصرون,Tafsir text placeholder for verse 37:25
37:26,بل هم اليوم مستسلمون,Tafsir text placeholder for verse 37:26
37:27,واقبل بعضهم علىٰ بعض يتساءلون,Tafsir text placeholder for verse 37:27
37:28,قالوا انكم كنتم تاتوننا عن اليمين,Tafsir text placeholder for verse 37:28
37:29,قالوا بل لم تكونوا مؤمنين,Tafsir text placeholder for verse 37:29
37:30,وما كان لنا عليكم من سلطـٰن ۖ بل كنتم قوما طـٰغين,Tafsir text placeholder for verse 37:30
37:31,فحق علينا قول ربنا ۖ انا لذائقون,Tafsir text placeholder for verse 37:31
37:32,فاغوينـٰكم انا كنا غـٰوين,Tafsir text placeholder for verse 37:32
37:33,فانهم يومئذ فى العذاب مشتركون,Tafsir text placeholder for verse 37:33
37:34,انا كذٰلك نفعل بالمجرمين,Tafsir text placeholder for verse 37:34
37:35,انهم كانوا اذا قيل لهم لا الـٰه الا الله يستكبرون,Tafsir text placeholder for verse 37:35
37:36,ويقولون ائنا لتاركوا ءالهتنا لشاعر مجنون,Tafsir text placeholder for verse 37:36
37:37,بل جاء بالحق وصدق المرسلين,Tafsir text placeholder for verse 37:37
37:38,انكم لذائقوا العذاب الاليم,Tafsir text placeholder for verse 37:38
37:39,وما تجزون الا ما كنتم تعملون,Tafsir text placeholder for verse 37:39
37:40,الا عباد الله المخلصين,Tafsir text placeholder for verse 37:40
37:41,اولـٰئك لهم رزق معلوم,Tafsir text placeholder for verse 37:41
37:42,فوٰكه ۖ وهم مكرمون,Tafsir text placeholder for verse 37:42
37:43,فى جنـٰت النعيم,Tafsir text placeholder for verse 37:43
37:44,علىٰ سرر متقـٰبلين,Tafsir text placeholder for verse 37:44
37:45,يطاف عليهم بكاس من معين,Tafsir text placeholder for verse 37:45
37:46,بيضاء لذة للشـٰربين,Tafsir text placeholder for verse 37:46
37:47,لا فيها غول ولا هم عنها ينزفون,Tafsir text placeholder for verse 37:47
37:48,وعندهم قـٰصرٰت الطرف عين,Tafsir text placeholder for verse 37:48
37:49,كانهن بيض مكنون,Tafsir text placeholder for verse 37:49
37:50,فاقبل بعضهم علىٰ بعض يتساءلون,Tafsir text placeholder for verse 37:50
37:51,قال قائل منهم انى كان لى قرين,Tafsir text placeholder for verse 37:51
37:52,يقول اءنك لمن المصدقين,Tafsir text placeholder for verse 37:52
37:53,اءذا متنا وكنا ترابا وعظـٰما اءنا لمدينون,Tafsir text placeholder for verse 37:53
37:54,قال هل انتم مطلعون,Tafsir text placeholder for verse 37:54
37:55,فاطلع فرءاه فى سواء الجحيم,Tafsir text placeholder for verse 37:55
37:56,قال تالله ان كدت لتردين,Tafsir text placeholder for verse 37:56
37:57,ولولا نعمة ربى لكنت من المحضرين,Tafsir text placeholder for verse 37:57
37:58,افما نحن بميتين,Tafsir text placeholder for verse 37:58
37:59,الا موتتنا الاولىٰ وما نحن بمعذبين,Tafsir text placeholder for verse 37:59
37:60,ان هـٰذا لهو الفوز العظيم,Tafsir text placeholder for verse 37:60
37:61,لمثل هـٰذا فليعمل العـٰملون,Tafsir text placeholder for verse 37:61
37:62,اذٰلك خير نزلا ام شجرة الزقوم,Tafsir text placeholder for verse 37:62
37:63,انا جعلنـٰها فتنة للظـٰلمين,Tafsir text placeholder for verse 37:63
37:64,انها شجرة تخرج فى اصل الجحيم,Tafsir text placeholder for verse 37:64
37:65,طلعها كانه رءوس الشيـٰطين,Tafsir text placeholder for verse 37:65
37:66,فانهم لـٔاكلون منها فمالـٔون منها البطون,Tafsir text placeholder for verse 37:66
37:67,ثم ان لهم عليها لشوبا من حميم,Tafsir text placeholder for verse 37:67
37:68,ثم ان مرجعهم لالى الجحيم,Tafsir text placeholder for verse 37:68
37:69,انهم الفوا ءاباءهم ضالين,Tafsir text placeholder for verse 37:69
37:70,فهم علىٰ ءاثـٰرهم يهرعون,Tafsir text placeholder for verse 37:70
37:71,ولقد ضل قبلهم اكثر الاولين,Tafsir text placeholder for verse 37:71
37:72,ولقد ارسلنا فيهم منذرين,Tafsir text placeholder for verse 37:72
37:73,فانظر كيف كان عـٰقبة المنذرين,Tafsir text placeholder for verse 37:73
37:74,الا عباد الله المخلصين,Tafsir text placeholder for verse 37:74
37:75,ولقد نادىٰنا نوح فلنعم المجيبون,Tafsir text placeholder for verse 37:75
37:76,ونجينـٰه واهله من الكرب العظيم,Tafsir text placeholder for verse 37:76
37:77,وجعلنا ذريته هم الباقين,Tafsir text placeholder for verse 37:77
37:78,وتركنا عليه فى الـٔاخرين,Tafsir text placeholder for verse 37:78
37:79,سلـٰم علىٰ نوح فى العـٰلمين,Tafsir text placeholder for verse 37:79
37:80,انا كذٰلك نجزى المحسنين,Tafsir text placeholder for verse 37:80
37:81,انه من عبادنا المؤمنين,Tafsir text placeholder for verse 37:81
37:82,ثم اغرقنا الـٔاخرين,Tafsir text placeholder for verse 37:82
37:83,وان من شيعته لابرٰهيم,Tafsir text placeholder for verse 37:83
37:84,اذ جاء ربه بقلب سليم,Tafsir text placeholder for verse 37:84
37:85,اذ قال لابيه وقومه ماذا تعبدون,Tafsir text placeholder for verse 37:85
37:86,ائفكا ءالهة دون الله تريدون,Tafsir text placeholder for verse 37:86
37:87,فما ظنكم برب العـٰلمين,Tafsir text placeholder for verse 37:87
37:88,فنظر نظرة فى النجوم,Tafsir text placeholder for verse 37:88
37:89,فقال انى سقيم,Tafsir text placeholder for verse 37:89
37:90,فتولوا عنه مدبرين,Tafsir text placeholder for verse 37:90
37:91,فراغ الىٰ ءالهتهم فقال الا تاكلون,Tafsir text placeholder for verse 37:91
37:92,ما لكم لا تنطقون,Tafsir text placeholder for verse 37:92
37:93,فراغ عليهم ضربا باليمين,Tafsir text placeholder for verse 37:93
37:94,فاقبلوا اليه يزفون,Tafsir text placeholder for verse 37:94
37:95,قال اتعبدون ما تنحتون,Tafsir text placeholder for verse 37:95
37:96,والله خلقكم وما تعملون,Tafsir text placeholder for verse 37:96
37:97,قالوا ابنوا له بنيـٰنا فالقوه فى الجحيم,Tafsir text placeholder for verse 37:97
37:98,فارادوا به كيدا فجعلنـٰهم الاسفلين,Tafsir text placeholder for verse 37:98
37:99,وقال انى ذاهب الىٰ ربى سيهدين,Tafsir text placeholder for verse 37:99
37:100,رب هب لى من الصـٰلحين,Tafsir text placeholder for verse 37:100
37:101,فبشرنـٰه بغلـٰم حليم,Tafsir text placeholder for verse 37:101
37:102,فلما بلغ معه السعى قال يـٰبنى انى ارىٰ فى المنام انى اذبحك فانظر ماذا ترىٰ ۚ قال يـٰابت افعل ما تؤمر ۖ ستجدنى ان شاء الله من الصـٰبرين,Tafsir text placeholder for verse 37:102
37:103,فلما اسلما وتله للجبين,Tafsir text placeholder for verse 37:103
37:104,ونـٰدينـٰه ان يـٰابرٰهيم,Tafsir text placeholder for verse 37:104
37:105,قد صدقت الرءيا ۚ انا كذٰلك نجزى المحسنين,Tafsir text placeholder for verse 37:105
37:106,ان هـٰذا لهو البلـٰؤا۟ المبين,Tafsir text placeholder for verse 37:106
37:107,وفدينـٰه بذبح عظيم,Tafsir text placeholder for verse 37:107
37:108,وتركنا عليه فى الـٔاخرين,Tafsir text placeholder for verse 37:108
37:109,سلـٰم علىٰ ابرٰهيم,Tafsir text placeholder for verse 37:109
37:110,كذٰلك نجزى المحسنين,Tafsir text placeholder for verse 37:110
37:111,انه من عبادنا المؤمنين,Tafsir text placeholder for verse 37:111
37:112,وبشرنـٰه باسحـٰق نبيا من الصـٰلحين,Tafsir text placeholder for verse 37:112
37:113,وبـٰركنا عليه وعلىٰ اسحـٰق ۚ ومن ذريتهما محسن وظالم لنفسه مبين,Tafsir text placeholder for verse 37:113
37:114,ولقد مننا علىٰ موسىٰ وهـٰرون,Tafsir text placeholder for verse 37:114
37:115,ونجينـٰهما وقومهما من الكرب العظيم,Tafsir text placeholder for verse 37:115
37:116,ونصرنـٰهم فكانوا هم الغـٰلبين,Tafsir text placeholder for verse 37:116
37:117,وءاتينـٰهما الكتـٰب المستبين,Tafsir text placeholder for verse 37:117
37:118,وهدينـٰهما الصرٰط المستقيم,Tafsir text placeholder for verse 37:118
37:119,وتركنا عليهما فى الـٔاخرين,Tafsir text placeholder for verse 37:119
37:120,سلـٰم علىٰ موسىٰ وهـٰرون,Tafsir text placeholder for verse 37:120
37:121,انا كذٰلك نجزى المحسنين,Tafsir text placeholder for verse 37:121
37:122,انهما من عبادنا المؤمنين,Tafsir text placeholder for verse 37:122
37:123,وان الياس لمن المرسلين,Tafsir text placeholder for verse 37:123
37:124,اذ قال لقومه الا تتقون,Tafsir text placeholder for verse 37:124
37:125,اتدعون بعلا وتذرون احسن الخـٰلقين,Tafsir text placeholder for verse 37:125
37:126,الله ربكم ورب ءابائكم الاولين,Tafsir text placeholder for verse 37:126
37:127,فكذبوه فانهم لمحضرون,Tafsir text placeholder for verse 37:127
37:128,الا عباد الله المخلصين,Tafsir text placeholder for verse 37:128
37:129,وتركنا عليه فى الـٔاخرين,Tafsir text placeholder for verse 37:129
37:130,سلـٰم علىٰ ال ياسين,Tafsir text placeholder for verse 37:130
37:131,انا كذٰلك نجزى المحسنين,Tafsir text placeholder for verse 37:131
37:132,انه من عبادنا المؤمنين,Tafsir text placeholder for verse 37:132
37:133,وان لوطا لمن المرسلين,Tafsir text placeholder for verse 37:133
37:134,اذ نجينـٰه واهله اجمعين,Tafsir text placeholder for verse 37:134
37:135,الا عجوزا فى الغـٰبرين,Tafsir text placeholder for verse 37:135
37:136,ثم دمرنا الـٔاخرين,Tafsir text placeholder for verse 37:136
37:137,وانكم لتمرون عليهم مصبحين,Tafsir text placeholder for verse 37:137
37:138,وباليل ۗ افلا تعقلون,Tafsir text placeholder for verse 37:138
37:139,وان يونس لمن المرسلين,Tafsir text placeholder for verse 37:139
37:140,اذ ابق الى الفلك المشحون,Tafsir text placeholder for verse 37:140
37:141,فساهم فكان من المدحضين,Tafsir text placeholder for verse 37:141
37:142,فالتقمه الحوت وهو مليم,Tafsir text placeholder for verse 37:142
37:143,فلولا انه كان من المسبحين,Tafsir text placeholder for verse 37:143
37:144,للبث فى بطنه الىٰ يوم يبعثون,Tafsir text placeholder for verse 37:144
37:145,فنبذنـٰه بالعراء وهو سقيم,Tafsir text placeholder for verse 37:145
37:146,وانبتنا عليه شجرة من يقطين,Tafsir text placeholder for verse 37:146
37:147,وارسلنـٰه الىٰ ما۟ئة الف او يزيدون,Tafsir text placeholder for verse 37:147
37:148,فـٔامنوا فمتعنـٰهم الىٰ حين,Tafsir text placeholder for verse 37:148
37:149,فاستفتهم الربك البنات ولهم البنون,Tafsir text placeholder for verse 37:149
37:150,ام خلقنا الملـٰئكة انـٰثا وهم شـٰهدون,Tafsir text placeholder for verse 37:150
37:151,الا انهم من افكهم ليقولون,Tafsir text placeholder for verse 37:151
37:152,ولد الله وانهم لكـٰذبون,Tafsir text placeholder for verse 37:152
37:153,اصطفى البنات على البنين,Tafsir text placeholder for verse 37:153
37:154,ما لكم كيف تحكمون,Tafsir text placeholder for verse 37:154
37:155,افلا تذكرون,Tafsir text placeholder for verse 37:155
37:156,ام لكم سلطـٰن مبين,Tafsir text placeholder for verse 37:156
37:157,فاتوا بكتـٰبكم ان كنتم صـٰدقين,Tafsir text placeholder for verse 37:157
37:158,وجعلوا بينه وبين الجنة نسبا ۚ ولقد علمت الجنة انهم لمحضرون,Tafsir text placeholder for verse 37:158
37:159,سبحـٰن الله عما يصفون,Tafsir text placeholder for verse 37:159
37:160,الا عباد الله المخلصين,Tafsir text placeholder for verse 37:160
37:161,فانكم وما تعبدون,Tafsir text placeholder for verse 37:161
37:162,ما انتم عليه بفـٰتنين,Tafsir text placeholder for verse 37:162
37:163,الا من هو صال الجحيم,Tafsir text placeholder for verse 37:163
37:164,وما منا الا له مقام معلوم,Tafsir text placeholder for verse 37:164
37:165,وانا لنحن الصافون,Tafsir text placeholder for verse 37:165
37:166,وانا لنحن المسبحون,Tafsir text placeholder for verse 37:166
37:167,وان كانوا ليقولون,Tafsir text placeholder for verse 37:167
37:168,لو ان عندنا ذكرا من الاولين,Tafsir text placeholder for verse 37:168
37:169,لكنا عباد الله المخلصين,Tafsir text placeholder for verse 37:169
37:170,فكفروا به ۖ فسوف يعلمون,Tafsir text placeholder for verse 37:170
37:171,ولقد سبقت كلمتنا لعبادنا المرسلين,Tafsir text placeholder for verse 37:171
37:172,انهم لهم المنصورون,Tafsir text placeholder for verse 37:172
37:173,وان جندنا لهم الغـٰلبون,Tafsir text placeholder for verse 37:173
37:174,فتول عنهم حتىٰ حين,Tafsir text placeholder for verse 37:174
37:175,وابصرهم فسوف يبصرون,Tafsir text placeholder for verse 37:175
37:176,افبعذابنا يستعجلون,Tafsir text placeholder for verse 37:176
37:177,فاذا نزل بساحتهم فساء صباح المنذرين,Tafsir text placeholder for verse 37:177
37:178,وتول عنهم حتىٰ حين,Tafsir text placeholder for verse 37:178
37:179,وابصر فسوف يبصرون,Tafsir text placeholder for verse 37:179
37:180,سبحـٰن ربك رب العزة عما يصفون,Tafsir text placeholder for verse 37:180
37:181,وسلـٰم على المرسلين,Tafsir text placeholder for verse 37:181
37:182,والحمد لله رب العـٰلمين,Tafsir text placeholder for verse 37:182
38:1,ص ۚ والقرءان ذى الذكر,Tafsir text placeholder for verse 38:1
38:2,بل الذين كفروا فى عزة وشقاق,Tafsir text placeholder for verse 38:2
38:3,كم اهلكنا من قبلهم من قرن فنادوا ولات حين مناص,Tafsir text placeholder for verse 38:3
38:4,وعجبوا ان جاءهم منذر منهم ۖ وقال الكـٰفرون هـٰذا سـٰحر كذاب,Tafsir text placeholder for verse 38:4
38:5,اجعل الـٔالهة الـٰها وٰحدا ۖ ان هـٰذا لشىء عجاب,Tafsir text placeholder for verse 38:5
38:6,وانطلق الملا منهم ان امشوا واصبروا علىٰ ءالهتكم ۖ ان هـٰذا لشىء يراد,Tafsir text placeholder for verse 38:6
38:7,ما سمعنا بهـٰذا فى الملة الـٔاخرة ان هـٰذا الا اختلـٰق,Tafsir text placeholder for verse 38:7
38:8,اءنزل عليه الذكر من بيننا ۚ بل هم فى شك من ذكرى ۖ بل لما يذوقوا عذاب,Tafsir text placeholder for verse 38:8
38:9,ام عندهم خزائن رحمة ربك العزيز الوهاب,Tafsir text placeholder for verse 38:9
38:10,ام لهم ملك السمـٰوٰت والارض وما بينهما ۖ فليرتقوا فى الاسبـٰب,Tafsir text placeholder for verse 38:10
38:11,جند ما هنالك مهزوم من الاحزاب,Tafsir text placeholder for verse 38:11
38:12,كذبت قبلهم قوم نوح وعاد وفرعون ذو الاوتاد,Tafsir text placeholder for verse 38:12
38:13,وثمود وقوم لوط واصحـٰب لـٔيكة ۚ اولـٰئك الاحزاب,Tafsir text placeholder for verse 38:13
38:14,ان كل الا كذب الرسل فحق عقاب,Tafsir text placeholder for verse 38:14
38:15,وما ينظر هـٰؤلاء الا صيحة وٰحدة ما لها من فواق,Tafsir text placeholder for verse 38:15
38:16,وقالوا ربنا عجل لنا قطنا قبل يوم الحساب,Tafsir text placeholder for verse 38:16
38:17,اصبر علىٰ ما يقولون واذكر عبدنا داوۥد ذا الايد ۖ انه اواب,Tafsir text placeholder for verse 38:17
38:18,انا سخرنا الجبال معه يسبحن بالعشى والاشراق,Tafsir text placeholder for verse 38:18
38:19,والطير محشورة ۖ كل له اواب,Tafsir text placeholder for verse 38:19
38:20,وشددنا ملكه وءاتينـٰه الحكمة وفصل الخطاب,Tafsir text placeholder for verse 38:20
38:21,وهل اتىٰك نبؤا۟ الخصم اذ تسوروا المحراب,Tafsir text placeholder for verse 38:21
38:22,اذ دخلوا علىٰ داوۥد ففزع منهم ۖ قالوا لا تخف ۖ خصمان بغىٰ بعضنا علىٰ بعض فاحكم بيننا بالحق ولا تشطط واهدنا الىٰ سواء الصرٰط,Tafsir text placeholder for verse 38:22
38:23,ان هـٰذا اخى له تسع وتسعون نعجة ولى نعجة وٰحدة فقال اكفلنيها وعزنى فى الخطاب,Tafsir text placeholder for verse 38:23
38:24,قال لقد ظلمك بسؤال نعجتك الىٰ نعاجه ۖ وان كثيرا من الخلطاء ليبغى بعضهم علىٰ بعض الا الذين ءامنوا وعملوا الصـٰلحـٰت وقليل ما هم ۗ وظن داوۥد انما فتنـٰه فاستغفر ربه وخر راكعا واناب ۩,Tafsir text placeholder for verse 38:24
38:25,فغفرنا له ذٰلك ۖ وان له عندنا لزلفىٰ وحسن مـٔاب,Tafsir text placeholder for verse 38:25
38:26,يـٰداوۥد انا جعلنـٰك خليفة فى الارض فاحكم بين الناس بالحق ولا تتبع الهوىٰ فيضلك عن سبيل الله ۚ ان الذين يضلون عن سبيل الله لهم عذاب شديد بما نسوا يوم الحساب,Tafsir text placeholder for verse 38:26
38:27,وما خلقنا السماء والارض وما بينهما بـٰطلا ۚ ذٰلك ظن الذين كفروا ۚ فويل للذين كفروا من النار,Tafsir text placeholder for verse 38:27
38:28,ام نجعل الذين ءامنوا وعملوا الصـٰلحـٰت كالمفسدين فى الارض ام نجعل المتقين كالفجار,Tafsir text placeholder for verse 38:28
38:29,كتـٰب انزلنـٰه اليك مبـٰرك ليدبروا ءايـٰته وليتذكر اولوا الالبـٰب,Tafsir text placeholder for verse 38:29
38:30,ووهبنا لداوۥد سليمـٰن ۚ نعم العبد ۖ انه اواب,Tafsir text placeholder for verse 38:30
38:31,اذ عرض عليه بالعشى الصـٰفنـٰت الجياد,Tafsir text placeholder for verse 38:31
38:32,فقال انى احببت حب الخير عن ذكر ربى حتىٰ توارت بالحجاب,Tafsir text placeholder for verse 38:32
38:33,ردوها على ۖ فطفق مسحا بالسوق والاعناق,Tafsir text placeholder for verse 38:33
38:34,ولقد فتنا سليمـٰن والقينا علىٰ كرسيه جسدا ثم اناب,Tafsir text placeholder for verse 38:34
38:35,قال رب اغفر لى وهب لى ملكا لا ينبغى لاحد من بعدى ۖ انك انت الوهاب,Tafsir text placeholder for verse 38:35
38:36,فسخرنا له الريح تجرى بامره رخاء حيث اصاب,Tafsir text placeholder for verse 38:36
38:37,والشيـٰطين كل بناء وغواص,Tafsir text placeholder for verse 38:37
38:38,وءاخرين مقرنين فى الاصفاد,Tafsir text placeholder for verse 38:38
38:39,هـٰذا عطاؤنا فامنن او امسك بغير حساب,Tafsir text placeholder for verse 38:39
38:40,وان له عندنا لزلفىٰ وحسن مـٔاب,Tafsir text placeholder for verse 38:40
38:41,واذكر عبدنا ايوب اذ نادىٰ ربه انى مسنى الشيطـٰن بنصب وعذاب,Tafsir text placeholder for verse 38:41
38:42,اركض برجلك ۖ هـٰذا مغتسل بارد وشراب,Tafsir text placeholder for verse 38:42
38:43,ووهبنا له اهله ومثلهم معهم رحمة منا وذكرىٰ لاولى الالبـٰب,Tafsir text placeholder for verse 38:43
38:44,وخذ بيدك ضغثا فاضرب به ولا تحنث ۗ انا وجدنـٰه صابرا ۚ نعم العبد ۖ انه اواب,Tafsir text placeholder for verse 38:44
38:45,واذكر عبـٰدنا ابرٰهيم واسحـٰق ويعقوب اولى الايدى والابصـٰر,Tafsir text placeholder for verse 38:45
38:46,انا اخلصنـٰهم بخالصة ذكرى الدار,Tafsir text placeholder for verse 38:46
38:47,وانهم عندنا لمن المصطفين الاخيار,Tafsir text placeholder for verse 38:47
38:48,واذكر اسمـٰعيل واليسع وذا الكفل ۖ وكل من الاخيار,Tafsir text placeholder for verse 38:48
38:49,هـٰذا ذكر ۚ وان للمتقين لحسن مـٔاب,Tafsir text placeholder for verse 38:49
38:50,جنـٰت عدن مفتحة لهم الابوٰب,Tafsir text placeholder for verse 38:50
38:51,متكـٔين فيها يدعون فيها بفـٰكهة كثيرة وشراب,Tafsir text placeholder for verse 38:51
38:52,وعندهم قـٰصرٰت الطرف اتراب,Tafsir text placeholder for verse 38:52
38:53,هـٰذا ما توعدون ليوم الحساب,Tafsir text placeholder for verse 38:53
38:54,ان هـٰذا لرزقنا ما له من نفاد,Tafsir text placeholder for verse 38:54
38:55,هـٰذا ۚ وان للطـٰغين لشر مـٔاب,Tafsir text placeholder for verse 38:55
38:56,جهنم يصلونها فبئس المهاد,Tafsir text placeholder for verse 38:56
38:57,هـٰذا فليذوقوه حميم وغساق,Tafsir text placeholder for verse 38:57
38:58,وءاخر من شكله ازوٰج,Tafsir text placeholder for verse 38:58
38:59,هـٰذا فوج مقتحم معكم ۖ لا مرحبا بهم ۚ انهم صالوا النار,Tafsir text placeholder for verse 38:59
38:60,قالوا بل انتم لا مرحبا بكم ۖ انتم قدمتموه لنا ۖ فبئس القرار,Tafsir text placeholder for verse 38:60
38:61,قالوا ربنا من قدم لنا هـٰذا فزده عذابا ضعفا فى النار,Tafsir text placeholder for verse 38:61
38:62,وقالوا ما لنا لا نرىٰ رجالا كنا نعدهم من الاشرار,Tafsir text placeholder for verse 38:62
38:63,اتخذنـٰهم سخريا ام زاغت عنهم الابصـٰر,Tafsir text placeholder for verse 38:63
38:64,ان ذٰلك لحق تخاصم اهل النار,Tafsir text placeholder for verse 38:64
38:65,قل انما انا۠ منذر ۖ وما من الـٰه الا الله الوٰحد القهار,Tafsir text placeholder for verse 38:65
38:66,رب السمـٰوٰت والارض وما بينهما العزيز الغفـٰر,Tafsir text placeholder for verse 38:66
38:67,قل هو نبؤا۟ عظيم,Tafsir text placeholder for verse 38:67
38:68,انتم عنه معرضون,Tafsir text placeholder for verse 38:68
38:69,ما كان لى من علم بالملا الاعلىٰ اذ يختصمون,Tafsir text placeholder for verse 38:69
38:70,ان يوحىٰ الى الا انما انا۠ نذير مبين,Tafsir text placeholder for verse 38:70
38:71,اذ قال ربك للملـٰئكة انى خـٰلق بشرا من طين,Tafsir text placeholder for verse 38:71
38:72,فاذا سويته ونفخت فيه من روحى فقعوا له سـٰجدين,Tafsir text placeholder for verse 38:72
38:73,فسجد الملـٰئكة كلهم اجمعون,Tafsir text placeholder for verse 38:73
38:74,الا ابليس استكبر وكان من الكـٰفرين,Tafsir text placeholder for verse 38:74
38:75,قال يـٰابليس ما منعك ان تسجد لما خلقت بيدى ۖ استكبرت ام كنت من العالين,Tafsir text placeholder for verse 38:75
38:76,قال انا۠ خير منه ۖ خلقتنى من نار وخلقته من طين,Tafsir text placeholder for verse 38:76
38:77,قال فاخرج منها فانك رجيم,Tafsir text placeholder for verse 38:77
38:78,وان عليك لعنتى الىٰ يوم الدين,Tafsir text placeholder for verse 38:78
38:79,قال رب فانظرنى الىٰ يوم يبعثون,Tafsir text placeholder for verse 38:79
38:80,قال فانك من المنظرين,Tafsir text placeholder for verse 38:80
38:81,الىٰ يوم الوقت المعلوم,Tafsir text placeholder for verse 38:81
38:82,قال فبعزتك لاغوينهم اجمعين,Tafsir text placeholder for verse 38:82
38:83,الا عبادك منهم المخلصين,Tafsir text placeholder for verse 38:83
38:84,قال فالحق والحق اقول,Tafsir text placeholder for verse 38:84
38:85,لاملان جهنم منك وممن تبعك منهم اجمعين,Tafsir text placeholder for verse 38:85
38:86,قل ما اسـٔلكم عليه من اجر وما انا۠ من المتكلفين,Tafsir text placeholder for verse 38:86
38:87,ان هو الا ذكر للعـٰلمين,Tafsir text placeholder for verse 38:87
38:88,ولتعلمن نباه بعد حين,Tafsir text placeholder for verse 38:88
39:1,تنزيل الكتـٰب من الله العزيز الحكيم,Tafsir text placeholder for verse 39:1
39:2,انا انزلنا اليك الكتـٰب بالحق فاعبد الله مخلصا له الدين,Tafsir text placeholder for verse 39:2
39:3,الا لله الدين الخالص ۚ والذين اتخذوا من دونه اولياء ما نعبدهم الا ليقربونا الى الله زلفىٰ ان الله يحكم بينهم فى ما هم فيه يختلفون ۗ ان الله لا يهدى من هو كـٰذب كفار,Tafsir text placeholder for verse 39:3
39:4,لو اراد الله ان يتخذ ولدا لاصطفىٰ مما يخلق ما يشاء ۚ سبحـٰنه ۖ هو الله الوٰحد القهار,Tafsir text placeholder for verse 39:4
39:5,خلق السمـٰوٰت والارض بالحق ۖ يكور اليل على النهار ويكور النهار على اليل ۖ وسخر الشمس والقمر ۖ كل يجرى لاجل مسمى ۗ الا هو العزيز الغفـٰر,Tafsir text placeholder for verse 39:5
39:6,خلقكم من نفس وٰحدة ثم جعل منها زوجها وانزل لكم من الانعـٰم ثمـٰنية ازوٰج ۚ يخلقكم فى بطون امهـٰتكم خلقا من بعد خلق فى ظلمـٰت ثلـٰث ۚ ذٰلكم الله ربكم له الملك ۖ لا الـٰه الا هو ۖ فانىٰ تصرفون,Tafsir text placeholder for verse 39:6
39:7,ان تكفروا فان الله غنى عنكم ۖ ولا يرضىٰ لعباده الكفر ۖ وان تشكروا يرضه لكم ۗ ولا تزر وازرة وزر اخرىٰ ۗ ثم الىٰ ربكم مرجعكم فينبئكم بما كنتم تعملون ۚ انه عليم بذات الصدور,Tafsir text placeholder for verse 39:7
39:8,واذا مس الانسـٰن ضر دعا ربه منيبا اليه ثم اذا خوله نعمة منه نسى ما كان يدعوا اليه من قبل وجعل لله اندادا ليضل عن سبيله ۚ قل تمتع بكفرك قليلا ۖ انك من اصحـٰب النار,Tafsir text placeholder for verse 39:8
39:9,امن هو قـٰنت ءاناء اليل ساجدا وقائما يحذر الـٔاخرة ويرجوا رحمة ربه ۗ قل هل يستوى الذين يعلمون والذين لا يعلمون ۗ انما يتذكر اولوا الالبـٰب,Tafsir text placeholder for verse 39:9
39:10,قل يـٰعباد الذين ءامنوا اتقوا ربكم ۚ للذين احسنوا فى هـٰذه الدنيا حسنة ۗ وارض الله وٰسعة ۗ انما يوفى الصـٰبرون اجرهم بغير حساب,Tafsir text placeholder for verse 39:10
39:11,قل انى امرت ان اعبد الله مخلصا له الدين,Tafsir text placeholder for verse 39:11
39:12,وامرت لان اكون اول المسلمين,Tafsir text placeholder for verse 39:12
39:13,قل انى اخاف ان عصيت ربى عذاب يوم عظيم,Tafsir text placeholder for verse 39:13
39:14,قل الله اعبد مخلصا له دينى,Tafsir text placeholder for verse 39:14
39:15,فاعبدوا ما شئتم من دونه ۗ قل ان الخـٰسرين الذين خسروا انفسهم واهليهم يوم القيـٰمة ۗ الا ذٰلك هو الخسران المبين,Tafsir text placeholder for verse 39:15
39:16,لهم من فوقهم ظلل من النار ومن تحتهم ظلل ۚ ذٰلك يخوف الله به عباده ۚ يـٰعباد فاتقون,Tafsir text placeholder for verse 39:16
39:17,والذين اجتنبوا الطـٰغوت ان يعبدوها وانابوا الى الله لهم البشرىٰ ۚ فبشر عباد,Tafsir text placeholder for verse 39:17
39:18,الذين يستمعون القول فيتبعون احسنه ۚ اولـٰئك الذين هدىٰهم الله ۖ واولـٰئك هم اولوا الالبـٰب,Tafsir text placeholder for verse 39:18
39:19,افمن حق عليه كلمة العذاب افانت تنقذ من فى النار,Tafsir text placeholder for verse 39:19
39:20,لـٰكن الذين اتقوا ربهم لهم غرف من فوقها غرف مبنية تجرى من تحتها الانهـٰر ۖ وعد الله ۖ لا يخلف الله الميعاد,Tafsir text placeholder for verse 39:20
39:21,الم تر ان الله انزل من السماء ماء فسلكه ينـٰبيع فى الارض ثم يخرج به زرعا مختلفا الوٰنه ثم يهيج فترىٰه مصفرا ثم يجعله حطـٰما ۚ ان فى ذٰلك لذكرىٰ لاولى الالبـٰب,Tafsir text placeholder for verse 39:21
39:22,افمن شرح الله صدره للاسلـٰم فهو علىٰ نور من ربه ۚ فويل للقـٰسية قلوبهم من ذكر الله ۚ اولـٰئك فى ضلـٰل مبين,Tafsir text placeholder for verse 39:22
39:23,الله نزل احسن الحديث كتـٰبا متشـٰبها مثانى تقشعر منه جلود الذين يخشون ربهم ثم تلين جلودهم وقلوبهم الىٰ ذكر الله ۚ ذٰلك هدى الله يهدى به من يشاء ۚ ومن يضلل الله فما له من هاد,Tafsir text placeholder for verse 39:23
39:24,افمن يتقى بوجهه سوء العذاب يوم القيـٰمة ۚ وقيل للظـٰلمين ذوقوا ما كنتم تكسبون,Tafsir text placeholder for verse 39:24
39:25,كذب الذين من قبلهم فاتىٰهم العذاب من حيث لا يشعرون,Tafsir text placeholder for verse 39:25
39:26,فاذاقهم الله الخزى فى الحيوٰة الدنيا ۖ ولعذاب الـٔاخرة اكبر ۚ لو كانوا يعلمون,Tafsir text placeholder for verse 39:26
39:27,ولقد ضربنا للناس فى هـٰذا القرءان من كل مثل لعلهم يتذكرون,Tafsir text placeholder for verse 39:27
39:28,قرءانا عربيا غير ذى عوج لعلهم يتقون,Tafsir text placeholder for verse 39:28
39:29,ضرب الله مثلا رجلا فيه شركاء متشـٰكسون ورجلا سلما لرجل هل يستويان مثلا ۚ الحمد لله ۚ بل اكثرهم لا يعلمون,Tafsir text placeholder for verse 39:29
39:30,انك ميت وانهم ميتون,Tafsir text placeholder for verse 39:30
39:31,ثم انكم يوم القيـٰمة عند ربكم تختصمون,Tafsir text placeholder for verse 39:31
39:32,فمن اظلم ممن كذب على الله وكذب بالصدق اذ جاءه ۚ اليس فى جهنم مثوى للكـٰفرين,Tafsir text placeholder for verse 39:32
39:33,والذى جاء بالصدق وصدق به ۙ اولـٰئك هم المتقون,Tafsir text placeholder for verse 39:33
39:34,لهم ما يشاءون عند ربهم ۚ ذٰلك جزاء المحسنين,Tafsir text placeholder for verse 39:34
39:35,ليكفر الله عنهم اسوا الذى عملوا ويجزيهم اجرهم باحسن الذى كانوا يعملون,Tafsir text placeholder for verse 39:35
39:36,اليس الله بكاف عبده ۖ ويخوفونك بالذين من دونه ۚ ومن يضلل الله فما له من هاد,Tafsir text placeholder for verse 39:36
39:37,ومن يهد الله فما له من مضل ۗ اليس الله بعزيز ذى انتقام,Tafsir text placeholder for verse 39:37
39:38,ولئن سالتهم من خلق السمـٰوٰت والارض ليقولن الله ۚ قل افرءيتم ما تدعون من دون الله ان ارادنى الله بضر هل هن كـٰشفـٰت ضره او ارادنى برحمة هل هن ممسكـٰت رحمته ۚ قل حسبى الله ۖ عليه يتوكل المتوكلون,Tafsir text placeholder for verse 39:38
39:39,قل يـٰقوم اعملوا علىٰ مكانتكم انى عـٰمل ۖ فسوف تعلمون,Tafsir text placeholder for verse 39:39
39:40,من ياتيه عذاب يخزيه ويحل عليه عذاب مقيم,Tafsir text placeholder for verse 39:40
39:41,انا انزلنا عليك الكتـٰب للناس بالحق ۖ فمن اهتدىٰ فلنفسه ۖ ومن ضل فانما يضل عليها ۖ وما انت عليهم بوكيل,Tafsir text placeholder for verse 39:41
39:42,الله يتوفى الانفس حين موتها والتى لم تمت فى منامها ۖ فيمسك التى قضىٰ عليها الموت ويرسل الاخرىٰ الىٰ اجل مسمى ۚ ان فى ذٰلك لـٔايـٰت لقوم يتفكرون,Tafsir text placeholder for verse 39:42
39:43,ام اتخذوا من دون الله شفعاء ۚ قل اولو كانوا لا يملكون شيـٔا ولا يعقلون,Tafsir text placeholder for verse 39:43
39:44,قل لله الشفـٰعة جميعا ۖ له ملك السمـٰوٰت والارض ۖ ثم اليه ترجعون,Tafsir text placeholder for verse 39:44
39:45,واذا ذكر الله وحده اشمازت قلوب الذين لا يؤمنون بالـٔاخرة ۖ واذا ذكر الذين من دونه اذا هم يستبشرون,Tafsir text placeholder for verse 39:45
39:46,قل اللهم فاطر السمـٰوٰت والارض عـٰلم الغيب والشهـٰدة انت تحكم بين عبادك فى ما كانوا فيه يختلفون,Tafsir text placeholder for verse 39:46
39:47,ولو ان للذين ظلموا ما فى الارض جميعا ومثله معه لافتدوا به من سوء العذاب يوم القيـٰمة ۚ وبدا لهم من الله ما لم يكونوا يحتسبون,Tafsir text placeholder for verse 39:47
39:48,وبدا لهم سيـٔات ما كسبوا وحاق بهم ما كانوا به يستهزءون,Tafsir text placeholder for verse 39:48
39:49,فاذا مس الانسـٰن ضر دعانا ثم اذا خولنـٰه نعمة منا قال انما اوتيته علىٰ علم ۚ بل هى فتنة ولـٰكن اكثرهم لا يعلمون,Tafsir text placeholder for verse 39:49
39:50,قد قالها الذين من قبلهم فما اغنىٰ عنهم ما كانوا يكسبون,Tafsir text placeholder for verse 39:50
39:51,فاصابهم سيـٔات ما كسبوا ۚ والذين ظلموا من هـٰؤلاء سيصيبهم سيـٔات ما كسبوا وما هم بمعجزين,Tafsir text placeholder for verse 39:51
39:52,اولم يعلموا ان الله يبسط الرزق لمن يشاء ويقدر ۚ ان فى ذٰلك لـٔايـٰت لقوم يؤمنون,Tafsir text placeholder for verse 39:52
39:53,قل يـٰعبادى الذين اسرفوا علىٰ انفسهم لا تقنطوا من رحمة الله ۚ ان الله يغفر الذنوب جميعا ۚ انه هو الغفور الرحيم,Tafsir text placeholder for verse 39:53
39:54,وانيبوا الىٰ ربكم واسلموا له من قبل ان ياتيكم العذاب ثم لا تنصرون,Tafsir text placeholder for verse 39:54
39:55,واتبعوا احسن ما انزل اليكم من ربكم من قبل ان ياتيكم العذاب بغتة وانتم لا تشعرون,Tafsir text placeholder for verse 39:55
39:56,ان تقول نفس يـٰحسرتىٰ علىٰ ما فرطت فى جنب الله وان كنت لمن السـٰخرين,Tafsir text placeholder for verse 39:56
39:57,او تقول لو ان الله هدىٰنى لكنت من المتقين,Tafsir text placeholder for verse 39:57
39:58,او تقول حين ترى العذاب لو ان لى كرة فاكون من المحسنين,Tafsir text placeholder for verse 39:58
39:59,بلىٰ قد جاءتك ءايـٰتى فكذبت بها واستكبرت وكنت من الكـٰفرين,Tafsir text placeholder for verse 39:59
39:60,ويوم القيـٰمة ترى الذين كذبوا على الله وجوههم مسودة ۚ اليس فى جهنم مثوى للمتكبرين,Tafsir text placeholder for verse 39:60
39:61,وينجى الله الذين اتقوا بمفازتهم لا يمسهم السوء ولا هم يحزنون,Tafsir text placeholder for verse 39:61
39:62,الله خـٰلق كل شىء ۖ وهو علىٰ كل شىء وكيل,Tafsir text placeholder for verse 39:62
39:63,له مقاليد السمـٰوٰت والارض ۗ والذين كفروا بـٔايـٰت الله اولـٰئك هم الخـٰسرون,Tafsir text placeholder for verse 39:63
39:64,قل افغير الله تامرونى اعبد ايها الجـٰهلون,Tafsir text placeholder for verse 39:64
39:65,ولقد اوحى اليك والى الذين من قبلك لئن اشركت ليحبطن عملك ولتكونن من الخـٰسرين,Tafsir text placeholder for verse 39:65
39:66,بل الله فاعبد وكن من الشـٰكرين,Tafsir text placeholder for verse 39:66
39:67,وما قدروا الله حق قدره والارض جميعا قبضته يوم القيـٰمة والسمـٰوٰت مطويـٰت بيمينه ۚ سبحـٰنه وتعـٰلىٰ عما يشركون,Tafsir text placeholder for verse 39:67
39:68,ونفخ فى الصور فصعق من فى السمـٰوٰت ومن فى الارض الا من شاء الله ۖ ثم نفخ فيه اخرىٰ فاذا هم قيام ينظرون,Tafsir text placeholder for verse 39:68
39:69,واشرقت الارض بنور ربها ووضع الكتـٰب وجا۟ىء بالنبيـۧن والشهداء وقضى بينهم بالحق وهم لا يظلمون,Tafsir text placeholder for verse 39:69
39:70,ووفيت كل نفس ما عملت وهو اعلم بما يفعلون,Tafsir text placeholder for verse 39:70
39:71,وسيق الذين كفروا الىٰ جهنم زمرا ۖ حتىٰ اذا جاءوها فتحت ابوٰبها وقال لهم خزنتها الم ياتكم رسل منكم يتلون عليكم ءايـٰت ربكم وينذرونكم لقاء يومكم هـٰذا ۚ قالوا بلىٰ ولـٰكن حقت كلمة العذاب على الكـٰفرين,Tafsir text placeholder for verse 39:71
39:72,قيل ادخلوا ابوٰب جهنم خـٰلدين فيها ۖ فبئس مثوى المتكبرين,Tafsir text placeholder for verse 39:72
39:73,وسيق الذين اتقوا ربهم الى الجنة زمرا ۖ حتىٰ اذا جاءوها وفتحت ابوٰبها وقال لهم خزنتها سلـٰم عليكم طبتم فادخلوها خـٰلدين,Tafsir text placeholder for verse 39:73
39:74,وقالوا الحمد لله الذى صدقنا وعده واورثنا الارض نتبوا من الجنة حيث نشاء ۖ فنعم اجر العـٰملين,Tafsir text placeholder for verse 39:74
39:75,وترى الملـٰئكة حافين من حول العرش يسبحون بحمد ربهم ۖ وقضى بينهم بالحق وقيل الحمد لله رب العـٰلمين,Tafsir text placeholder for verse 39:75
40:1,حم,Tafsir text placeholder for verse 40:1
40:2,تنزيل الكتـٰب من الله العزيز العليم,Tafsir text placeholder for verse 40:2
40:3,غافر الذنب وقابل التوب شديد العقاب ذى الطول ۖ لا الـٰه الا هو ۖ اليه المصير,Tafsir text placeholder for verse 40:3
40:4,ما يجـٰدل فى ءايـٰت الله الا الذين كفروا فلا يغررك تقلبهم فى البلـٰد,Tafsir text placeholder for verse 40:4
40:5,كذبت قبلهم قوم نوح والاحزاب من بعدهم ۖ وهمت كل امة برسولهم لياخذوه ۖ وجـٰدلوا بالبـٰطل ليدحضوا به الحق فاخذتهم ۖ فكيف كان عقاب,Tafsir text placeholder for verse 40:5
40:6,وكذٰلك حقت كلمت ربك على الذين كفروا انهم اصحـٰب النار,Tafsir text placeholder for verse 40:6
40:7,الذين يحملون العرش ومن حوله يسبحون بحمد ربهم ويؤمنون به ويستغفرون للذين ءامنوا ربنا وسعت كل شىء رحمة وعلما فاغفر للذين تابوا واتبعوا سبيلك وقهم عذاب الجحيم,Tafsir text placeholder for verse 40:7
40:8,ربنا وادخلهم جنـٰت عدن التى وعدتهم ومن صلح من ءابائهم وازوٰجهم وذريـٰتهم ۚ انك انت العزيز الحكيم,Tafsir text placeholder for verse 40:8
40:9,وقهم السيـٔات ۚ ومن تق السيـٔات يومئذ فقد رحمته ۚ وذٰلك هو الفوز العظيم,Tafsir text placeholder for verse 40:9
40:10,ان الذين كفروا ينادون لمقت الله اكبر من مقتكم انفسكم اذ تدعون الى الايمـٰن فتكفرون,Tafsir text placeholder for verse 40:10
40:11,قالوا ربنا امتنا اثنتين واحييتنا اثنتين فاعترفنا بذنوبنا فهل الىٰ خروج من سبيل,Tafsir text placeholder for verse 40:11
40:12,ذٰلكم بانه اذا دعى الله وحده كفرتم ۖ وان يشرك به تؤمنوا ۚ فالحكم لله العلى الكبير,Tafsir text placeholder for verse 40:12
40:13,هو الذى يريكم ءايـٰته وينزل لكم من السماء رزقا ۚ وما يتذكر الا من ينيب,Tafsir text placeholder for verse 40:13
40:14,فادعوا الله مخلصين له الدين ولو كره الكـٰفرون,Tafsir text placeholder for verse 40:14
40:15,رفيع الدرجـٰت ذو العرش يلقى الروح من امره علىٰ من يشاء من عباده لينذر يوم التلاق,Tafsir text placeholder for verse 40:15
40:16,يوم هم بـٰرزون ۖ لا يخفىٰ على الله منهم شىء ۚ لمن الملك اليوم ۖ لله الوٰحد القهار,Tafsir text placeholder for verse 40:16
40:17,اليوم تجزىٰ كل نفس بما كسبت ۚ لا ظلم اليوم ۚ ان الله سريع الحساب,Tafsir text placeholder for verse 40:17
40:18,وانذرهم يوم الـٔازفة اذ القلوب لدى الحناجر كـٰظمين ۚ ما للظـٰلمين من حميم ولا شفيع يطاع,Tafsir text placeholder for verse 40:18
40:19,يعلم خائنة الاعين وما تخفى الصدور,Tafsir text placeholder for verse 40:19
40:20,والله يقضى بالحق ۖ والذين يدعون من دونه لا يقضون بشىء ۗ ان الله هو السميع البصير,Tafsir text placeholder for verse 40:20
40:21,اولم يسيروا فى الارض فينظروا كيف كان عـٰقبة الذين كانوا من قبلهم ۚ كانوا هم اشد منهم قوة وءاثارا فى الارض فاخذهم الله بذنوبهم وما كان لهم من الله من واق,Tafsir text placeholder for verse 40:21
40:22,ذٰلك بانهم كانت تاتيهم رسلهم بالبينـٰت فكفروا فاخذهم الله ۚ انه قوى شديد العقاب,Tafsir text placeholder for verse 40:22
40:23,ولقد ارسلنا موسىٰ بـٔايـٰتنا وسلطـٰن مبين,Tafsir text placeholder for verse 40:23
40:24,الىٰ فرعون وهـٰمـٰن وقـٰرون فقالوا سـٰحر كذاب,Tafsir text placeholder for verse 40:24
40:25,فلما جاءهم بالحق من عندنا قالوا اقتلوا ابناء الذين ءامنوا معه واستحيوا نساءهم ۚ وما كيد الكـٰفرين الا فى ضلـٰل,Tafsir text placeholder for verse 40:25
40:26,وقال فرعون ذرونى اقتل موسىٰ وليدع ربه ۖ انى اخاف ان يبدل دينكم او ان يظهر فى الارض الفساد,Tafsir text placeholder for verse 40:26
40:27,وقال موسىٰ انى عذت بربى وربكم من كل متكبر لا يؤمن بيوم الحساب,Tafsir text placeholder for verse 40:27
40:28,وقال رجل مؤمن من ءال فرعون يكتم ايمـٰنه اتقتلون رجلا ان يقول ربى الله وقد جاءكم بالبينـٰت من ربكم ۖ وان يك كـٰذبا فعليه كذبه ۖ وان يك صادقا يصبكم بعض الذى يعدكم ۖ ان الله لا يهدى من هو مسرف كذاب,Tafsir text placeholder for verse 40:28
40:29,يـٰقوم لكم الملك اليوم ظـٰهرين فى الارض فمن ينصرنا من باس الله ان جاءنا ۚ قال فرعون ما اريكم الا ما ارىٰ وما اهديكم الا سبيل الرشاد,Tafsir text placeholder for verse 40:29
40:30,وقال الذى ءامن يـٰقوم انى اخاف عليكم مثل يوم الاحزاب,Tafsir text placeholder for verse 40:30
40:31,مثل داب قوم نوح وعاد وثمود والذين من بعدهم ۚ وما الله يريد ظلما للعباد,Tafsir text placeholder for verse 40:31
40:32,ويـٰقوم انى اخاف عليكم يوم التناد,Tafsir text placeholder for verse 40:32
40:33,يوم تولون مدبرين ما لكم من الله من عاصم ۗ ومن يضلل الله فما له من هاد,Tafsir text placeholder for verse 40:33
40:34,ولقد جاءكم يوسف من قبل بالبينـٰت فما زلتم فى شك مما جاءكم به ۖ حتىٰ اذا هلك قلتم لن يبعث الله من بعده رسولا ۚ كذٰلك يضل الله من هو مسرف مرتاب,Tafsir text placeholder for verse 40:34
40:35,الذين يجـٰدلون فى ءايـٰت الله بغير سلطـٰن اتىٰهم ۖ كبر مقتا عند الله وعند الذين ءامنوا ۚ كذٰلك يطبع الله علىٰ كل قلب متكبر جبار,Tafsir text placeholder for verse 40:35
40:36,وقال فرعون يـٰهـٰمـٰن ابن لى صرحا لعلى ابلغ الاسبـٰب,Tafsir text placeholder for verse 40:36
40:37,اسبـٰب السمـٰوٰت فاطلع الىٰ الـٰه موسىٰ وانى لاظنه كـٰذبا ۚ وكذٰلك زين لفرعون سوء عمله وصد عن السبيل ۚ وما كيد فرعون الا فى تباب,Tafsir text placeholder for verse 40:37
40:38,وقال الذى ءامن يـٰقوم اتبعون اهدكم سبيل الرشاد,Tafsir text placeholder for verse 40:38
40:39,يـٰقوم انما هـٰذه الحيوٰة الدنيا متـٰع وان الـٔاخرة هى دار القرار,Tafsir text placeholder for verse 40:39
40:40,من عمل سيئة فلا يجزىٰ الا مثلها ۖ ومن عمل صـٰلحا من ذكر او انثىٰ وهو مؤمن فاولـٰئك يدخلون الجنة يرزقون فيها بغير حساب,Tafsir text placeholder for verse 40:40
40:41,ويـٰقوم ما لى ادعوكم الى النجوٰة وتدعوننى الى النار,Tafsir text placeholder for verse 40:41
40:42,تدعوننى لاكفر بالله واشرك به ما ليس لى به علم وانا۠ ادعوكم الى العزيز الغفـٰر,Tafsir text placeholder for verse 40:42
40:43,لا جرم انما تدعوننى اليه ليس له دعوة فى الدنيا ولا فى الـٔاخرة وان مردنا الى الله وان المسرفين هم اصحـٰب النار,Tafsir text placeholder for verse 40:43
40:44,فستذكرون ما اقول لكم ۚ وافوض امرى الى الله ۚ ان الله بصير بالعباد,Tafsir text placeholder for verse 40:44
40:45,فوقىٰه الله سيـٔات ما مكروا ۖ وحاق بـٔال فرعون سوء العذاب,Tafsir text placeholder for verse 40:45
40:46,النار يعرضون عليها غدوا وعشيا ۖ ويوم تقوم الساعة ادخلوا ءال فرعون اشد العذاب,Tafsir text placeholder for verse 40:46
40:47,واذ يتحاجون فى النار فيقول الضعفـٰؤا۟ للذين استكبروا انا كنا لكم تبعا فهل انتم مغنون عنا نصيبا من النار,Tafsir text placeholder for verse 40:47
40:48,قال الذين استكبروا انا كل فيها ان الله قد حكم بين العباد,Tafsir text placeholder for verse 40:48
40:49,وقال الذين فى النار لخزنة جهنم ادعوا ربكم يخفف عنا يوما من العذاب,Tafsir text placeholder for verse 40:49
40:50,قالوا اولم تك تاتيكم رسلكم بالبينـٰت ۖ قالوا بلىٰ ۚ قالوا فادعوا ۗ وما دعـٰؤا۟ الكـٰفرين الا فى ضلـٰل,Tafsir text placeholder for verse 40:50
40:51,انا لننصر رسلنا والذين ءامنوا فى الحيوٰة الدنيا ويوم يقوم الاشهـٰد,Tafsir text placeholder for verse 40:51
40:52,يوم لا ينفع الظـٰلمين معذرتهم ۖ ولهم اللعنة ولهم سوء الدار,Tafsir text placeholder for verse 40:52
40:53,ولقد ءاتينا موسى الهدىٰ واورثنا بنى اسرٰءيل الكتـٰب,Tafsir text placeholder for verse 40:53
40:54,هدى وذكرىٰ لاولى الالبـٰب,Tafsir text placeholder for verse 40:54
40:55,فاصبر ان وعد الله حق واستغفر لذنبك وسبح بحمد ربك بالعشى والابكـٰر,Tafsir text placeholder for verse 40:55
40:56,ان الذين يجـٰدلون فى ءايـٰت الله بغير سلطـٰن اتىٰهم ۙ ان فى صدورهم الا كبر ما هم ببـٰلغيه ۚ فاستعذ بالله ۖ انه هو السميع البصير,Tafsir text placeholder for verse 40:56
40:57,لخلق السمـٰوٰت والارض اكبر من خلق الناس ولـٰكن اكثر الناس لا يعلمون,Tafsir text placeholder for verse 40:57
40:58,وما يستوى الاعمىٰ والبصير والذين ءامنوا وعملوا الصـٰلحـٰت ولا المسىء ۚ قليلا ما تتذكرون,Tafsir text placeholder for verse 40:58
40:59,ان الساعة لـٔاتية لا ريب فيها ولـٰكن اكثر الناس لا يؤمنون,Tafsir text placeholder for verse 40:59
40:60,وقال ربكم ادعونى استجب لكم ۚ ان الذين يستكبرون عن عبادتى سيدخلون جهنم داخرين,Tafsir text placeholder for verse 40:60
40:61,الله الذى جعل لكم اليل لتسكنوا فيه والنهار مبصرا ۚ ان الله لذو فضل على الناس ولـٰكن اكثر الناس لا يشكرون,Tafsir text placeholder for verse 40:61
40:62,ذٰلكم الله ربكم خـٰلق كل شىء لا الـٰه الا هو ۖ فانىٰ تؤفكون,Tafsir text placeholder for verse 40:62
40:63,كذٰلك يؤفك الذين كانوا بـٔايـٰت الله يجحدون,Tafsir text placeholder for verse 40:63
40:64,الله الذى جعل لكم الارض قرارا والسماء بناء وصوركم فاحسن صوركم ورزقكم من الطيبـٰت ۚ ذٰلكم الله ربكم ۖ فتبارك الله رب العـٰلمين,Tafsir text placeholder for verse 40:64
40:65,هو الحى لا الـٰه الا هو فادعوه مخلصين له الدين ۗ الحمد لله رب العـٰلمين,Tafsir text placeholder for verse 40:65
40:66,قل انى نهيت ان اعبد الذين تدعون من دون الله لما جاءنى البينـٰت من ربى وامرت ان اسلم لرب العـٰلمين,Tafsir text placeholder for verse 40:66
40:67,هو الذى خلقكم من تراب ثم من نطفة ثم من علقة ثم يخرجكم طفلا ثم لتبلغوا اشدكم ثم لتكونوا شيوخا ۚ ومنكم من يتوفىٰ من قبل ۖ ولتبلغوا اجلا مسمى ولعلكم تعقلون,Tafsir text placeholder for verse 40:67
40:68,هو الذى يحيۦ ويميت ۖ فاذا قضىٰ امرا فانما يقول له كن فيكون,Tafsir text placeholder for verse 40:68
40:69,الم تر الى الذين يجـٰدلون فى ءايـٰت الله انىٰ يصرفون,Tafsir text placeholder for verse 40:69
40:70,الذين كذبوا بالكتـٰب وبما ارسلنا به رسلنا ۖ فسوف يعلمون,Tafsir text placeholder for verse 40:70
40:71,اذ الاغلـٰل فى اعنـٰقهم والسلـٰسل يسحبون,Tafsir text placeholder for verse 40:71
40:72,فى الحميم ثم فى النار يسجرون,Tafsir text placeholder for verse 40:72
40:73,ثم قيل لهم اين ما كنتم تشركون,Tafsir text placeholder for verse 40:73
40:74,من دون الله ۖ قالوا ضلوا عنا بل لم نكن ندعوا من قبل شيـٔا ۚ كذٰلك يضل الله الكـٰفرين,Tafsir text placeholder for verse 40:74
40:75,ذٰلكم بما كنتم تفرحون فى الارض بغير الحق وبما كنتم تمرحون,Tafsir text placeholder for verse 40:75
40:76,ادخلوا ابوٰب جهنم خـٰلدين فيها ۖ فبئس مثوى المتكبرين,Tafsir text placeholder for verse 40:76
40:77,فاصبر ان وعد الله حق ۚ فاما نرينك بعض الذى نعدهم او نتوفينك فالينا يرجعون,Tafsir text placeholder for verse 40:77
40:78,ولقد ارسلنا رسلا من قبلك منهم من قصصنا عليك ومنهم من لم نقصص عليك ۗ وما كان لرسول ان ياتى بـٔاية الا باذن الله ۚ فاذا جاء امر الله قضى بالحق وخسر هنالك المبطلون,Tafsir text placeholder for verse 40:78
40:79,الله الذى جعل لكم الانعـٰم لتركبوا منها ومنها تاكلون,Tafsir text placeholder for verse 40:79
40:80,ولكم فيها منـٰفع ولتبلغوا عليها حاجة فى صدوركم وعليها وعلى الفلك تحملون,Tafsir text placeholder for verse 40:80
40:81,ويريكم ءايـٰته فاى ءايـٰت الله تنكرون,Tafsir text placeholder for verse 40:81
40:82,افلم يسيروا فى الارض فينظروا كيف كان عـٰقبة الذين من قبلهم ۚ كانوا اكثر منهم واشد قوة وءاثارا فى الارض فما اغنىٰ عنهم ما كانوا يكسبون,Tafsir text placeholder for verse 40:82
40:83,فلما جاءتهم رسلهم بالبينـٰت فرحوا بما عندهم من العلم وحاق بهم ما كانوا به يستهزءون,Tafsir text placeholder for verse 40:83
40:84,فلما راوا باسنا قالوا ءامنا بالله وحده وكفرنا بما كنا به مشركين,Tafsir text placeholder for verse 40:84
40:85,فلم يك ينفعهم ايمـٰنهم لما راوا باسنا ۖ سنت الله التى قد خلت فى عباده ۖ وخسر هنالك الكـٰفرون,Tafsir text placeholder for verse 40:85
41:1,حم,Tafsir text placeholder for verse 41:1
41:2,تنزيل من الرحمـٰن الرحيم,Tafsir text placeholder for verse 41:2
41:3,كتـٰب فصلت ءايـٰته قرءانا عربيا لقوم يعلمون,Tafsir text placeholder for verse 41:3
41:4,بشيرا ونذيرا فاعرض اكثرهم فهم لا يسمعون,Tafsir text placeholder for verse 41:4
41:5,وقالوا قلوبنا فى اكنة مما تدعونا اليه وفى ءاذاننا وقر ومن بيننا وبينك حجاب فاعمل اننا عـٰملون,Tafsir text placeholder for verse 41:5
41:6,قل انما انا۠ بشر مثلكم يوحىٰ الى انما الـٰهكم الـٰه وٰحد فاستقيموا اليه واستغفروه ۗ وويل للمشركين,Tafsir text placeholder for verse 41:6
41:7,الذين لا يؤتون الزكوٰة وهم بالـٔاخرة هم كـٰفرون,Tafsir text placeholder for verse 41:7
41:8,ان الذين ءامنوا وعملوا الصـٰلحـٰت لهم اجر غير ممنون,Tafsir text placeholder for verse 41:8
41:9,قل ائنكم لتكفرون بالذى خلق الارض فى يومين وتجعلون له اندادا ۚ ذٰلك رب العـٰلمين,Tafsir text placeholder for verse 41:9
41:10,وجعل فيها روٰسى من فوقها وبـٰرك فيها وقدر فيها اقوٰتها فى اربعة ايام سواء للسائلين,Tafsir text placeholder for verse 41:10
41:11,ثم استوىٰ الى السماء وهى دخان فقال لها وللارض ائتيا طوعا او كرها قالتا اتينا طائعين,Tafsir text placeholder for verse 41:11
41:12,فقضىٰهن سبع سمـٰوات فى يومين واوحىٰ فى كل سماء امرها ۚ وزينا السماء الدنيا بمصـٰبيح وحفظا ۚ ذٰلك تقدير العزيز العليم,Tafsir text placeholder for verse 41:12
41:13,فان اعرضوا فقل انذرتكم صـٰعقة مثل صـٰعقة عاد وثمود,Tafsir text placeholder for verse 41:13
41:14,اذ جاءتهم الرسل من بين ايديهم ومن خلفهم الا تعبدوا الا الله ۖ قالوا لو شاء ربنا لانزل ملـٰئكة فانا بما ارسلتم به كـٰفرون,Tafsir text placeholder for verse 41:14
41:15,فاما عاد فاستكبروا فى الارض بغير الحق وقالوا من اشد منا قوة ۖ اولم يروا ان الله الذى خلقهم هو اشد منهم قوة ۖ وكانوا بـٔايـٰتنا يجحدون,Tafsir text placeholder for verse 41:15
41:16,فارسلنا عليهم ريحا صرصرا فى ايام نحسات لنذيقهم عذاب الخزى فى الحيوٰة الدنيا ۖ ولعذاب الـٔاخرة اخزىٰ ۖ وهم لا ينصرون,Tafsir text placeholder for verse 41:16
41:17,واما ثمود فهدينـٰهم فاستحبوا العمىٰ على الهدىٰ فاخذتهم صـٰعقة العذاب الهون بما كانوا يكسبون,Tafsir text placeholder for verse 41:17
41:18,ونجينا الذين ءامنوا وكانوا يتقون,Tafsir text placeholder for verse 41:18
41:19,ويوم يحشر اعداء الله الى النار فهم يوزعون,Tafsir text placeholder for verse 41:19
41:20,حتىٰ اذا ما جاءوها شهد عليهم سمعهم وابصـٰرهم وجلودهم بما كانوا يعملون,Tafsir text placeholder for verse 41:20
41:21,وقالوا لجلودهم لم شهدتم علينا ۖ قالوا انطقنا الله الذى انطق كل شىء وهو خلقكم اول مرة واليه ترجعون,Tafsir text placeholder for verse 41:21
41:22,وما كنتم تستترون ان يشهد عليكم سمعكم ولا ابصـٰركم ولا جلودكم ولـٰكن ظننتم ان الله لا يعلم كثيرا مما تعملون,Tafsir text placeholder for verse 41:22
41:23,وذٰلكم ظنكم الذى ظننتم بربكم اردىٰكم فاصبحتم من الخـٰسرين,Tafsir text placeholder for verse 41:23
41:24,فان يصبروا فالنار مثوى لهم ۖ وان يستعتبوا فما هم من المعتبين,Tafsir text placeholder for verse 41:24
41:25,وقيضنا لهم قرناء فزينوا لهم ما بين ايديهم وما خلفهم وحق عليهم القول فى امم قد خلت من قبلهم من الجن والانس ۖ انهم كانوا خـٰسرين,Tafsir text placeholder for verse 41:25
41:26,وقال الذين كفروا لا تسمعوا لهـٰذا القرءان والغوا فيه لعلكم تغلبون,Tafsir text placeholder for verse 41:26
41:27,فلنذيقن الذين كفروا عذابا شديدا ولنجزينهم اسوا الذى كانوا يعملون,Tafsir text placeholder for verse 41:27
41:28,ذٰلك جزاء اعداء الله النار ۖ لهم فيها دار الخلد ۖ جزاء بما كانوا بـٔايـٰتنا يجحدون,Tafsir text placeholder for verse 41:28
41:29,وقال الذين كفروا ربنا ارنا الذين اضلانا من الجن والانس نجعلهما تحت اقدامنا ليكونا من الاسفلين,Tafsir text placeholder for verse 41:29
41:30,ان الذين قالوا ربنا الله ثم استقـٰموا تتنزل عليهم الملـٰئكة الا تخافوا ولا تحزنوا وابشروا بالجنة التى كنتم توعدون,Tafsir text placeholder for verse 41:30
41:31,نحن اولياؤكم فى الحيوٰة الدنيا وفى الـٔاخرة ۖ ولكم فيها ما تشتهى انفسكم ولكم فيها ما تدعون,Tafsir text placeholder for verse 41:31
41:32,نزلا من غفور رحيم,Tafsir text placeholder for verse 41:32
41:33,ومن احسن قولا ممن دعا الى الله وعمل صـٰلحا وقال اننى من المسلمين,Tafsir text placeholder for verse 41:33
41:34,ولا تستوى الحسنة ولا السيئة ۚ ادفع بالتى هى احسن فاذا الذى بينك وبينه عدٰوة كانه ولى حميم,Tafsir text placeholder for verse 41:34
41:35,وما يلقىٰها الا الذين صبروا وما يلقىٰها الا ذو حظ عظيم,Tafsir text placeholder for verse 41:35
41:36,واما ينزغنك من الشيطـٰن نزغ فاستعذ بالله ۖ انه هو السميع العليم,Tafsir text placeholder for verse 41:36
41:37,ومن ءايـٰته اليل والنهار والشمس والقمر ۚ لا تسجدوا للشمس ولا للقمر واسجدوا لله الذى خلقهن ان كنتم اياه تعبدون,Tafsir text placeholder for verse 41:37
41:38,فان استكبروا فالذين عند ربك يسبحون له باليل والنهار وهم لا يسـٔمون ۩,Tafsir text placeholder for verse 41:38
41:39,ومن ءايـٰته انك ترى الارض خـٰشعة فاذا انزلنا عليها الماء اهتزت وربت ۚ ان الذى احياها لمحى الموتىٰ ۚ انه علىٰ كل شىء قدير,Tafsir text placeholder for verse 41:39
41:40,ان الذين يلحدون فى ءايـٰتنا لا يخفون علينا ۗ افمن يلقىٰ فى النار خير ام من ياتى ءامنا يوم القيـٰمة ۚ اعملوا ما شئتم ۖ انه بما تعملون بصير,Tafsir text placeholder for verse 41:40
41:41,ان الذين كفروا بالذكر لما جاءهم ۖ وانه لكتـٰب عزيز,Tafsir text placeholder for verse 41:41
41:42,لا ياتيه البـٰطل من بين يديه ولا من خلفه ۖ تنزيل من حكيم حميد,Tafsir text placeholder for verse 41:42
41:43,ما يقال لك الا ما قد قيل للرسل من قبلك ۚ ان ربك لذو مغفرة وذو عقاب اليم,Tafsir text placeholder for verse 41:43
41:44,ولو جعلنـٰه قرءانا اعجميا لقالوا لولا فصلت ءايـٰته ۖ ءاعجمى وعربى ۗ قل هو للذين ءامنوا هدى وشفاء ۖ والذين لا يؤمنون فى ءاذانهم وقر وهو عليهم عمى ۚ اولـٰئك ينادون من مكان بعيد,Tafsir text placeholder for verse 41:44
41:45,ولقد ءاتينا موسى الكتـٰب فاختلف فيه ۗ ولولا كلمة سبقت من ربك لقضى بينهم ۚ وانهم لفى شك منه مريب,Tafsir text placeholder for verse 41:45
41:46,من عمل صـٰلحا فلنفسه ۖ ومن اساء فعليها ۗ وما ربك بظلـٰم للعبيد,Tafsir text placeholder for verse 41:46
41:47,اليه يرد علم الساعة ۚ وما تخرج من ثمرٰت من اكمامها وما تحمل من انثىٰ ولا تضع الا بعلمه ۚ ويوم يناديهم اين شركاءى قالوا ءاذنـٰك ما منا من شهيد,Tafsir text placeholder for verse 41:47
41:48,وضل عنهم ما كانوا يدعون من قبل ۖ وظنوا ما لهم من محيص,Tafsir text placeholder for verse 41:48
41:49,لا يسـٔم الانسـٰن من دعاء الخير وان مسه الشر فيـٔوس قنوط,Tafsir text placeholder for verse 41:49
41:50,ولئن اذقنـٰه رحمة منا من بعد ضراء مسته ليقولن هـٰذا لى وما اظن الساعة قائمة ولئن رجعت الىٰ ربى ان لى عنده للحسنىٰ ۚ فلننبئن الذين كفروا بما عملوا ولنذيقنهم من عذاب غليظ,Tafsir text placeholder for verse 41:50
41:51,واذا انعمنا على الانسـٰن اعرض ونـٔا بجانبه واذا مسه الشر فذو دعاء عريض,Tafsir text placeholder for verse 41:51
41:52,قل ارءيتم ان كان من عند الله ثم كفرتم به من اضل ممن هو فى شقاق بعيد,Tafsir text placeholder for verse 41:52
41:53,سنريهم ءايـٰتنا فى الـٔافاق وفى انفسهم حتىٰ يتبين لهم انه الحق ۗ اولم يكف بربك انه علىٰ كل شىء شهيد,Tafsir text placeholder for verse 41:53
41:54,الا انهم فى مرية من لقاء ربهم ۗ الا انه بكل شىء محيط,Tafsir text placeholder for verse 41:54
42:1,حم,Tafsir text placeholder for verse 42:1
42:2,عسق,Tafsir text placeholder for verse 42:2
42:3,كذٰلك يوحى اليك والى الذين من قبلك الله العزيز الحكيم,Tafsir text placeholder for verse 42:3
42:4,له ما فى السمـٰوٰت وما فى الارض ۖ وهو العلى العظيم,Tafsir text placeholder for verse 42:4
42:5,تكاد السمـٰوٰت يتفطرن من فوقهن ۚ والملـٰئكة يسبحون بحمد ربهم ويستغفرون لمن فى الارض ۗ الا ان الله هو الغفور الرحيم,Tafsir text placeholder for verse 42:5
42:6,والذين اتخذوا من دونه اولياء الله حفيظ عليهم وما انت عليهم بوكيل,Tafsir text placeholder for verse 42:6
42:7,وكذٰلك اوحينا اليك قرءانا عربيا لتنذر ام القرىٰ ومن حولها وتنذر يوم الجمع لا ريب فيه ۚ فريق فى الجنة وفريق فى السعير,Tafsir text placeholder for verse 42:7
42:8,ولو شاء الله لجعلهم امة وٰحدة ولـٰكن يدخل من يشاء فى رحمته ۚ والظـٰلمون ما لهم من ولى ولا نصير,Tafsir text placeholder for verse 42:8
42:9,ام اتخذوا من دونه اولياء ۖ فالله هو الولى وهو يحى الموتىٰ وهو علىٰ كل شىء قدير,Tafsir text placeholder for verse 42:9
42:10,وما اختلفتم فيه من شىء فحكمه الى الله ۚ ذٰلكم الله ربى عليه توكلت واليه انيب,Tafsir text placeholder for verse 42:10
42:11,فاطر السمـٰوٰت والارض ۚ جعل لكم من انفسكم ازوٰجا ومن الانعـٰم ازوٰجا ۖ يذرؤكم فيه ۚ ليس كمثله شىء ۖ وهو السميع البصير,Tafsir text placeholder for verse 42:11
42:12,له مقاليد السمـٰوٰت والارض ۖ يبسط الرزق لمن يشاء ويقدر ۚ انه بكل شىء عليم,Tafsir text placeholder for verse 42:12
42:13,شرع لكم من الدين ما وصىٰ به نوحا والذى اوحينا اليك وما وصينا به ابرٰهيم وموسىٰ وعيسىٰ ۖ ان اقيموا الدين ولا تتفرقوا فيه ۚ كبر على المشركين ما تدعوهم اليه ۚ الله يجتبى اليه من يشاء ويهدى اليه من ينيب,Tafsir text placeholder for verse 42:13
42:14,وما تفرقوا الا من بعد ما جاءهم العلم بغيا بينهم ۚ ولولا كلمة سبقت من ربك الىٰ اجل مسمى لقضى بينهم ۚ وان الذين اورثوا الكتـٰب من بعدهم لفى شك منه مريب,Tafsir text placeholder for verse 42:14
42:15,فلذٰلك فادع ۖ واستقم كما امرت ۖ ولا تتبع اهواءهم ۖ وقل ءامنت بما انزل الله من كتـٰب ۖ وامرت لاعدل بينكم ۖ الله ربنا وربكم ۖ لنا اعمـٰلنا ولكم اعمـٰلكم ۖ لا حجة بيننا وبينكم ۖ الله يجمع بيننا ۖ واليه المصير,Tafsir text placeholder for verse 42:15
42:16,والذين يحاجون فى الله من بعد ما استجيب له حجتهم داحضة عند ربهم وعليهم غضب ولهم عذاب شديد,Tafsir text placeholder for verse 42:16
42:17,الله الذى انزل الكتـٰب بالحق والميزان ۗ وما يدريك لعل الساعة قريب,Tafsir text placeholder for verse 42:17
42:18,يستعجل بها الذين لا يؤمنون بها ۖ والذين ءامنوا مشفقون منها ويعلمون انها الحق ۗ الا ان الذين يمارون فى الساعة لفى ضلـٰل بعيد,Tafsir text placeholder for verse 42:18
42:19,الله لطيف بعباده يرزق من يشاء ۖ وهو القوى العزيز,Tafsir text placeholder for verse 42:19
42:20,من كان يريد حرث الـٔاخرة نزد له فى حرثه ۖ ومن كان يريد حرث الدنيا نؤته منها وما له فى الـٔاخرة من نصيب,Tafsir text placeholder for verse 42:20
42:21,ام لهم شركـٰؤا۟ شرعوا لهم من الدين ما لم ياذن به الله ۚ ولولا كلمة الفصل لقضى بينهم ۗ وان الظـٰلمين لهم عذاب اليم,Tafsir text placeholder for verse 42:21
42:22,ترى الظـٰلمين مشفقين مما كسبوا وهو واقع بهم ۗ والذين ءامنوا وعملوا الصـٰلحـٰت فى روضات الجنات ۖ لهم ما يشاءون عند ربهم ۚ ذٰلك هو الفضل الكبير,Tafsir text placeholder for verse 42:22
42:23,ذٰلك الذى يبشر الله عباده الذين ءامنوا وعملوا الصـٰلحـٰت ۗ قل لا اسـٔلكم عليه اجرا الا المودة فى القربىٰ ۗ ومن يقترف حسنة نزد له فيها حسنا ۚ ان الله غفور شكور,Tafsir text placeholder for verse 42:23
42:24,ام يقولون افترىٰ على الله كذبا ۖ فان يشا الله يختم علىٰ قلبك ۗ ويمح الله البـٰطل ويحق الحق بكلمـٰته ۚ انه عليم بذات الصدور,Tafsir text placeholder for verse 42:24
42:25,وهو الذى يقبل التوبة عن عباده ويعفوا عن السيـٔات ويعلم ما تفعلون,Tafsir text placeholder for verse 42:25
42:26,ويستجيب الذين ءامنوا وعملوا الصـٰلحـٰت ويزيدهم من فضله ۚ والكـٰفرون لهم عذاب شديد,Tafsir text placeholder for verse 42:26
42:27,ولو بسط الله الرزق لعباده لبغوا فى الارض ولـٰكن ينزل بقدر ما يشاء ۚ انه بعباده خبير بصير,Tafsir text placeholder for verse 42:27
42:28,وهو الذى ينزل الغيث من بعد ما قنطوا وينشر رحمته ۚ وهو الولى الحميد,Tafsir text placeholder for verse 42:28
42:29,ومن ءايـٰته خلق السمـٰوٰت والارض وما بث فيهما من دابة ۚ وهو علىٰ جمعهم اذا يشاء قدير,Tafsir text placeholder for verse 42:29
42:30,وما اصـٰبكم من مصيبة فبما كسبت ايديكم ويعفوا عن كثير,Tafsir text placeholder for verse 42:30
42:31,وما انتم بمعجزين فى الارض ۖ وما لكم من دون الله من ولى ولا نصير,Tafsir text placeholder for verse 42:31
42:32,ومن ءايـٰته الجوار فى البحر كالاعلـٰم,Tafsir text placeholder for verse 42:32
42:33,ان يشا يسكن الريح فيظللن رواكد علىٰ ظهره ۚ ان فى ذٰلك لـٔايـٰت لكل صبار شكور,Tafsir text placeholder for verse 42:33
42:34,او يوبقهن بما كسبوا ويعف عن كثير,Tafsir text placeholder for verse 42:34
42:35,ويعلم الذين يجـٰدلون فى ءايـٰتنا ما لهم من محيص,Tafsir text placeholder for verse 42:35
42:36,فما اوتيتم من شىء فمتـٰع الحيوٰة الدنيا ۖ وما عند الله خير وابقىٰ للذين ءامنوا وعلىٰ ربهم يتوكلون,Tafsir text placeholder for verse 42:36
42:37,والذين يجتنبون كبـٰئر الاثم والفوٰحش واذا ما غضبوا هم يغفرون,Tafsir text placeholder for verse 42:37
42:38,والذين استجابوا لربهم واقاموا الصلوٰة وامرهم شورىٰ بينهم ومما رزقنـٰهم ينفقون,Tafsir text placeholder for verse 42:38
42:39,والذين اذا اصابهم البغى هم ينتصرون,Tafsir text placeholder for verse 42:39
42:40,وجزٰؤا۟ سيئة سيئة مثلها ۖ فمن عفا واصلح فاجره على الله ۚ انه لا يحب الظـٰلمين,Tafsir text placeholder for verse 42:40
42:41,ولمن انتصر بعد ظلمه فاولـٰئك ما عليهم من سبيل,Tafsir text placeholder for verse 42:41
42:42,انما السبيل على الذين يظلمون الناس ويبغون فى الارض بغير الحق ۚ اولـٰئك لهم عذاب اليم,Tafsir text placeholder for verse 42:42
42:43,ولمن صبر وغفر ان ذٰلك لمن عزم الامور,Tafsir text placeholder for verse 42:43
42:44,ومن يضلل الله فما له من ولى من بعده ۗ وترى الظـٰلمين لما راوا العذاب يقولون هل الىٰ مرد من سبيل,Tafsir text placeholder for verse 42:44
42:45,وترىٰهم يعرضون عليها خـٰشعين من الذل ينظرون من طرف خفى ۗ وقال الذين ءامنوا ان الخـٰسرين الذين خسروا انفسهم واهليهم يوم القيـٰمة ۗ الا ان الظـٰلمين فى عذاب مقيم,Tafsir text placeholder for verse 42:45
42:46,وما كان لهم من اولياء ينصرونهم من دون الله ۗ ومن يضلل الله فما له من سبيل,Tafsir text placeholder for verse 42:46
42:47,استجيبوا لربكم من قبل ان ياتى يوم لا مرد له من الله ۚ ما لكم من ملجا يومئذ وما لكم من نكير,Tafsir text placeholder for verse 42:47
42:48,فان اعرضوا فما ارسلنـٰك عليهم حفيظا ۖ ان عليك الا البلـٰغ ۗ وانا اذا اذقنا الانسـٰن منا رحمة فرح بها ۖ وان تصبهم سيئة بما قدمت ايديهم فان الانسـٰن كفور,Tafsir text placeholder for verse 42:48
42:49,لله ملك السمـٰوٰت والارض ۚ يخلق ما يشاء ۚ يهب لمن يشاء انـٰثا ويهب لمن يشاء الذكور,Tafsir text placeholder for verse 42:49
42:50,او يزوجهم ذكرانا وانـٰثا ۖ ويجعل من يشاء عقيما ۚ انه عليم قدير,Tafsir text placeholder for verse 42:50
42:51,وما كان لبشر ان يكلمه الله الا وحيا او من ورائ حجاب او يرسل رسولا فيوحى باذنه ما يشاء ۚ انه على حكيم,Tafsir text placeholder for verse 42:51
42:52,وكذٰلك اوحينا اليك روحا من امرنا ۚ ما كنت تدرى ما الكتـٰب ولا الايمـٰن ولـٰكن جعلنـٰه نورا نهدى به من نشاء من عبادنا ۚ وانك لتهدى الىٰ صرٰط مستقيم,Tafsir text placeholder for verse 42:52
42:53,صرٰط الله الذى له ما فى السمـٰوٰت وما فى الارض ۗ الا الى الله تصير الامور,Tafsir text placeholder for verse 42:53
43:1,حم,Tafsir text placeholder for verse 43:1
43:2,والكتـٰب المبين,Tafsir text placeholder for verse 43:2
43:3,انا جعلنـٰه قرءٰنا عربيا لعلكم تعقلون,Tafsir text placeholder for verse 43:3
43:4,وانه فى ام الكتـٰب لدينا لعلى حكيم,Tafsir text placeholder for verse 43:4
43:5,افنضرب عنكم الذكر صفحا ان كنتم قوما مسرفين,Tafsir text placeholder for verse 43:5
43:6,وكم ارسلنا من نبى فى الاولين,Tafsir text placeholder for verse 43:6
43:7,وما ياتيهم من نبى الا كانوا به يستهزءون,Tafsir text placeholder for verse 43:7
43:8,فاهلكنا اشد منهم بطشا ومضىٰ مثل الاولين,Tafsir text placeholder for verse 43:8
43:9,ولئن سالتهم من خلق السمـٰوٰت والارض ليقولن خلقهن العزيز العليم,Tafsir text placeholder for verse 43:9
43:10,الذى جعل لكم الارض مهدا وجعل لكم فيها سبلا لعلكم تهتدون,Tafsir text placeholder for verse 43:10
43:11,والذى نزل من السماء ماء بقدر فانشرنا به بلدة ميتا ۚ كذٰلك تخرجون,Tafsir text placeholder for verse 43:11
43:12,والذى خلق الازوٰج كلها وجعل لكم من الفلك والانعـٰم ما تركبون,Tafsir text placeholder for verse 43:12
43:13,لتستوۥا علىٰ ظهوره ثم تذكروا نعمة ربكم اذا استويتم عليه وتقولوا سبحـٰن الذى سخر لنا هـٰذا وما كنا له مقرنين,Tafsir text placeholder for verse 43:13
43:14,وانا الىٰ ربنا لمنقلبون,Tafsir text placeholder for verse 43:14
43:15,وجعلوا له من عباده جزءا ۚ ان الانسـٰن لكفور مبين,Tafsir text placeholder for verse 43:15
43:16,ام اتخذ مما يخلق بنات واصفىٰكم بالبنين,Tafsir text placeholder for verse 43:16
43:17,واذا بشر احدهم بما ضرب للرحمـٰن مثلا ظل وجهه مسودا وهو كظيم,Tafsir text placeholder for verse 43:17
43:18,اومن ينشؤا۟ فى الحلية وهو فى الخصام غير مبين,Tafsir text placeholder for verse 43:18
43:19,وجعلوا الملـٰئكة الذين هم عبـٰد الرحمـٰن انـٰثا ۚ اشهدوا خلقهم ۚ ستكتب شهـٰدتهم ويسـٔلون,Tafsir text placeholder for verse 43:19
43:20,وقالوا لو شاء الرحمـٰن ما عبدنـٰهم ۗ ما لهم بذٰلك من علم ۖ ان هم الا يخرصون,Tafsir text placeholder for verse 43:20
43:21,ام ءاتينـٰهم كتـٰبا من قبله فهم به مستمسكون,Tafsir text placeholder for verse 43:21
43:22,بل قالوا انا وجدنا ءاباءنا علىٰ امة وانا علىٰ ءاثـٰرهم مهتدون,Tafsir text placeholder for verse 43:22
43:23,وكذٰلك ما ارسلنا من قبلك فى قرية من نذير الا قال مترفوها انا وجدنا ءاباءنا علىٰ امة وانا علىٰ ءاثـٰرهم مقتدون,Tafsir text placeholder for verse 43:23
43:24,قـٰل اولو جئتكم باهدىٰ مما وجدتم عليه ءاباءكم ۖ قالوا انا بما ارسلتم به كـٰفرون,Tafsir text placeholder for verse 43:24
43:25,فانتقمنا منهم ۖ فانظر كيف كان عـٰقبة المكذبين,Tafsir text placeholder for verse 43:25
43:26,واذ قال ابرٰهيم لابيه وقومه اننى براء مما تعبدون,Tafsir text placeholder for verse 43:26
43:27,الا الذى فطرنى فانه سيهدين,Tafsir text placeholder for verse 43:27
43:28,وجعلها كلمة باقية فى عقبه لعلهم يرجعون,Tafsir text placeholder for verse 43:28
43:29,بل متعت هـٰؤلاء وءاباءهم حتىٰ جاءهم الحق ورسول مبين,Tafsir text placeholder for verse 43:29
43:30,ولما جاءهم الحق قالوا هـٰذا سحر وانا به كـٰفرون,Tafsir text placeholder for verse 43:30
43:31,وقالوا لولا نزل هـٰذا القرءان علىٰ رجل من القريتين عظيم,Tafsir text placeholder for verse 43:31
43:32,اهم يقسمون رحمت ربك ۚ نحن قسمنا بينهم معيشتهم فى الحيوٰة الدنيا ۚ ورفعنا بعضهم فوق بعض درجـٰت ليتخذ بعضهم بعضا سخريا ۗ ورحمت ربك خير مما يجمعون,Tafsir text placeholder for verse 43:32
43:33,ولولا ان يكون الناس امة وٰحدة لجعلنا لمن يكفر بالرحمـٰن لبيوتهم سقفا من فضة ومعارج عليها يظهرون,Tafsir text placeholder for verse 43:33
43:34,ولبيوتهم ابوٰبا وسررا عليها يتكـٔون,Tafsir text placeholder for verse 43:34
43:35,وزخرفا ۚ وان كل ذٰلك لما متـٰع الحيوٰة الدنيا ۚ والـٔاخرة عند ربك للمتقين,Tafsir text placeholder for verse 43:35
43:36,ومن يعش عن ذكر الرحمـٰن نقيض له شيطـٰنا فهو له قرين,Tafsir text placeholder for verse 43:36
43:37,وانهم ليصدونهم عن السبيل ويحسبون انهم مهتدون,Tafsir text placeholder for verse 43:37
43:38,حتىٰ اذا جاءنا قال يـٰليت بينى وبينك بعد المشرقين فبئس القرين,Tafsir text placeholder for verse 43:38
43:39,ولن ينفعكم اليوم اذ ظلمتم انكم فى العذاب مشتركون,Tafsir text placeholder for verse 43:39
43:40,افانت تسمع الصم او تهدى العمى ومن كان فى ضلـٰل مبين,Tafsir text placeholder for verse 43:40
43:41,فاما نذهبن بك فانا منهم منتقمون,Tafsir text placeholder for verse 43:41
43:42,او نرينك الذى وعدنـٰهم فانا عليهم مقتدرون,Tafsir text placeholder for verse 43:42
43:43,فاستمسك بالذى اوحى اليك ۖ انك علىٰ صرٰط مستقيم,Tafsir text placeholder for verse 43:43
43:44,وانه لذكر لك ولقومك ۖ وسوف تسـٔلون,Tafsir text placeholder for verse 43:44
43:45,وسـٔل من ارسلنا من قبلك من رسلنا اجعلنا من دون الرحمـٰن ءالهة يعبدون,Tafsir text placeholder for verse 43:45
43:46,ولقد ارسلنا موسىٰ بـٔايـٰتنا الىٰ فرعون وملاي۟ه فقال انى رسول رب العـٰلمين,Tafsir text placeholder for verse 43:46
43:47,فلما جاءهم بـٔايـٰتنا اذا هم منها يضحكون,Tafsir text placeholder for verse 43:47
43:48,وما نريهم من ءاية الا هى اكبر من اختها ۖ واخذنـٰهم بالعذاب لعلهم يرجعون,Tafsir text placeholder for verse 43:48
43:49,وقالوا يـٰايه الساحر ادع لنا ربك بما عهد عندك اننا لمهتدون,Tafsir text placeholder for verse 43:49
43:50,فلما كشفنا عنهم العذاب اذا هم ينكثون,Tafsir text placeholder for verse 43:50
43:51,ونادىٰ فرعون فى قومه قال يـٰقوم اليس لى ملك مصر وهـٰذه الانهـٰر تجرى من تحتى ۖ افلا تبصرون,Tafsir text placeholder for verse 43:51
43:52,ام انا۠ خير من هـٰذا الذى هو مهين ولا يكاد يبين,Tafsir text placeholder for verse 43:52
43:53,فلولا القى عليه اسورة من ذهب او جاء معه الملـٰئكة مقترنين,Tafsir text placeholder for verse 43:53
43:54,فاستخف قومه فاطاعوه ۚ انهم كانوا قوما فـٰسقين,Tafsir text placeholder for verse 43:54
43:55,فلما ءاسفونا انتقمنا منهم فاغرقنـٰهم اجمعين,Tafsir text placeholder for verse 43:55
43:56,فجعلنـٰهم سلفا ومثلا للـٔاخرين,Tafsir text placeholder for verse 43:56
43:57,ولما ضرب ابن مريم مثلا اذا قومك منه يصدون,Tafsir text placeholder for verse 43:57
43:58,وقالوا ءاـٰلهتنا خير ام هو ۚ ما ضربوه لك الا جدلا ۚ بل هم قوم خصمون,Tafsir text placeholder for verse 43:58
43:59,ان هو الا عبد انعمنا عليه وجعلنـٰه مثلا لبنى اسرٰءيل,Tafsir text placeholder for verse 43:59
43:60,ولو نشاء لجعلنا منكم ملـٰئكة فى الارض يخلفون,Tafsir text placeholder for verse 43:60
43:61,وانه لعلم للساعة فلا تمترن بها واتبعون ۚ هـٰذا صرٰط مستقيم,Tafsir text placeholder for verse 43:61
43:62,ولا يصدنكم الشيطـٰن ۖ انه لكم عدو مبين,Tafsir text placeholder for verse 43:62
43:63,ولما جاء عيسىٰ بالبينـٰت قال قد جئتكم بالحكمة ولابين لكم بعض الذى تختلفون فيه ۖ فاتقوا الله واطيعون,Tafsir text placeholder for verse 43:63
43:64,ان الله هو ربى وربكم فاعبدوه ۚ هـٰذا صرٰط مستقيم,Tafsir text placeholder for verse 43:64
43:65,فاختلف الاحزاب من بينهم ۖ فويل للذين ظلموا من عذاب يوم اليم,Tafsir text placeholder for verse 43:65
43:66,هل ينظرون الا الساعة ان تاتيهم بغتة وهم لا يشعرون,Tafsir text placeholder for verse 43:66
43:67,الاخلاء يومئذ بعضهم لبعض عدو الا المتقين,Tafsir text placeholder for verse 43:67
43:68,يـٰعباد لا خوف عليكم اليوم ولا انتم تحزنون,Tafsir text placeholder for verse 43:68
43:69,الذين ءامنوا بـٔايـٰتنا وكانوا مسلمين,Tafsir text placeholder for verse 43:69
43:70,ادخلوا الجنة انتم وازوٰجكم تحبرون,Tafsir text placeholder for verse 43:70
43:71,يطاف عليهم بصحاف من ذهب واكواب ۖ وفيها ما تشتهيه الانفس وتلذ الاعين ۖ وانتم فيها خـٰلدون,Tafsir text placeholder for verse 43:71
43:72,وتلك الجنة التى اورثتموها بما كنتم تعملون,Tafsir text placeholder for verse 43:72
43:73,لكم فيها فـٰكهة كثيرة منها تاكلون,Tafsir text placeholder for verse 43:73
43:74,ان المجرمين فى عذاب جهنم خـٰلدون,Tafsir text placeholder for verse 43:74
43:75,لا يفتر عنهم وهم فيه مبلسون,Tafsir text placeholder for verse 43:75
43:76,وما ظلمنـٰهم ولـٰكن كانوا هم الظـٰلمين,Tafsir text placeholder for verse 43:76
43:77,ونادوا يـٰمـٰلك ليقض علينا ربك ۖ قال انكم مـٰكثون,Tafsir text placeholder for verse 43:77
43:78,لقد جئنـٰكم بالحق ولـٰكن اكثركم للحق كـٰرهون,Tafsir text placeholder for verse 43:78
43:79,ام ابرموا امرا فانا مبرمون,Tafsir text placeholder for verse 43:79
43:80,ام يحسبون انا لا نسمع سرهم ونجوىٰهم ۚ بلىٰ ورسلنا لديهم يكتبون,Tafsir text placeholder for verse 43:80
43:81,قل ان كان للرحمـٰن ولد فانا۠ اول العـٰبدين,Tafsir text placeholder for verse 43:81
43:82,سبحـٰن رب السمـٰوٰت والارض رب العرش عما يصفون,Tafsir text placeholder for verse 43:82
43:83,فذرهم يخوضوا ويلعبوا حتىٰ يلـٰقوا يومهم الذى يوعدون,Tafsir text placeholder for verse 43:83
43:84,وهو الذى فى السماء الـٰه وفى الارض الـٰه ۚ وهو الحكيم العليم,Tafsir text placeholder for verse 43:84
43:85,وتبارك الذى له ملك السمـٰوٰت والارض وما بينهما وعنده علم الساعة واليه ترجعون,Tafsir text placeholder for verse 43:85
43:86,ولا يملك الذين يدعون من دونه الشفـٰعة الا من شهد بالحق وهم يعلمون,Tafsir text placeholder for verse 43:86
43:87,ولئن سالتهم من خلقهم ليقولن الله ۖ فانىٰ يؤفكون,Tafsir text placeholder for verse 43:87
43:88,وقيله يـٰرب ان هـٰؤلاء قوم لا يؤمنون,Tafsir text placeholder for verse 43:88
43:89,فاصفح عنهم وقل سلـٰم ۚ فسوف يعلمون,Tafsir text placeholder for verse 43:89
44:1,حم,Tafsir text placeholder for verse 44:1
44:2,والكتـٰب المبين,Tafsir text placeholder for verse 44:2
44:3,انا انزلنـٰه فى ليلة مبـٰركة ۚ انا كنا منذرين,Tafsir text placeholder for verse 44:3
44:4,فيها يفرق كل امر حكيم,Tafsir text placeholder for verse 44:4
44:5,امرا من عندنا ۚ انا كنا مرسلين,Tafsir text placeholder for verse 44:5
44:6,رحمة من ربك ۚ انه هو السميع العليم,Tafsir text placeholder for verse 44:6
44:7,رب السمـٰوٰت والارض وما بينهما ۖ ان كنتم موقنين,Tafsir text placeholder for verse 44:7
44:8,لا الـٰه الا هو يحيۦ ويميت ۖ ربكم ورب ءابائكم الاولين,Tafsir text placeholder for verse 44:8
44:9,بل هم فى شك يلعبون,Tafsir text placeholder for verse 44:9
44:10,فارتقب يوم تاتى السماء بدخان مبين,Tafsir text placeholder for verse 44:10
44:11,يغشى الناس ۖ هـٰذا عذاب اليم,Tafsir text placeholder for verse 44:11
44:12,ربنا اكشف عنا العذاب انا مؤمنون,Tafsir text placeholder for verse 44:12
44:13,انىٰ لهم الذكرىٰ وقد جاءهم رسول مبين,Tafsir text placeholder for verse 44:13
44:14,ثم تولوا عنه وقالوا معلم مجنون,Tafsir text placeholder for verse 44:14
44:15,انا كاشفوا العذاب قليلا ۚ انكم عائدون,Tafsir text placeholder for verse 44:15
44:16,يوم نبطش البطشة الكبرىٰ انا منتقمون,Tafsir text placeholder for verse 44:16
44:17,ولقد فتنا قبلهم قوم فرعون وجاءهم رسول كريم,Tafsir text placeholder for verse 44:17
44:18,ان ادوا الى عباد الله ۖ انى لكم رسول امين,Tafsir text placeholder for verse 44:18
44:19,وان لا تعلوا على الله ۖ انى ءاتيكم بسلطـٰن مبين,Tafsir text placeholder for verse 44:19
44:20,وانى عذت بربى وربكم ان ترجمون,Tafsir text placeholder for verse 44:20
44:21,وان لم تؤمنوا لى فاعتزلون,Tafsir text placeholder for verse 44:21
44:22,فدعا ربه ان هـٰؤلاء قوم مجرمون,Tafsir text placeholder for verse 44:22
44:23,فاسر بعبادى ليلا انكم متبعون,Tafsir text placeholder for verse 44:23
44:24,واترك البحر رهوا ۖ انهم جند مغرقون,Tafsir text placeholder for verse 44:24
44:25,كم تركوا من جنـٰت وعيون,Tafsir text placeholder for verse 44:25
44:26,وزروع ومقام كريم,Tafsir text placeholder for verse 44:26
44:27,ونعمة كانوا فيها فـٰكهين,Tafsir text placeholder for verse 44:27
44:28,كذٰلك ۖ واورثنـٰها قوما ءاخرين,Tafsir text placeholder for verse 44:28
44:29,فما بكت عليهم السماء والارض وما كانوا منظرين,Tafsir text placeholder for verse 44:29
44:30,ولقد نجينا بنى اسرٰءيل من العذاب المهين,Tafsir text placeholder for verse 44:30
44:31,من فرعون ۚ انه كان عاليا من المسرفين,Tafsir text placeholder for verse 44:31
44:32,ولقد اخترنـٰهم علىٰ علم على العـٰلمين,Tafsir text placeholder for verse 44:32
44:33,وءاتينـٰهم من الـٔايـٰت ما فيه بلـٰؤا۟ مبين,Tafsir text placeholder for verse 44:33
44:34,ان هـٰؤلاء ليقولون,Tafsir text placeholder for verse 44:34
44:35,ان هى الا موتتنا الاولىٰ وما نحن بمنشرين,Tafsir text placeholder for verse 44:35
44:36,فاتوا بـٔابائنا ان كنتم صـٰدقين,Tafsir text placeholder for verse 44:36
44:37,اهم خير ام قوم تبع والذين من قبلهم ۚ اهلكنـٰهم ۖ انهم كانوا مجرمين,Tafsir text placeholder for verse 44:37
44:38,وما خلقنا السمـٰوٰت والارض وما بينهما لـٰعبين,Tafsir text placeholder for verse 44:38
44:39,ما خلقنـٰهما الا بالحق ولـٰكن اكثرهم لا يعلمون,Tafsir text placeholder for verse 44:39
44:40,ان يوم الفصل ميقـٰتهم اجمعين,Tafsir text placeholder for verse 44:40
44:41,يوم لا يغنى مولى عن مولى شيـٔا ولا هم ينصرون,Tafsir text placeholder for verse 44:41
44:42,الا من رحم الله ۚ انه هو العزيز الرحيم,Tafsir text placeholder for verse 44:42
44:43,ان شجرت الزقوم,Tafsir text placeholder for verse 44:43
44:44,طعام الاثيم,Tafsir text placeholder for verse 44:44
44:45,كالمهل يغلى فى البطون,Tafsir text placeholder for verse 44:45
44:46,كغلى الحميم,Tafsir text placeholder for verse 44:46
44:47,خذوه فاعتلوه الىٰ سواء الجحيم,Tafsir text placeholder for verse 44:47
44:48,ثم صبوا فوق راسه من عذاب الحميم,Tafsir text placeholder for verse 44:48
44:49,ذق انك انت العزيز الكريم,Tafsir text placeholder for verse 44:49
44:50,ان هـٰذا ما كنتم به تمترون,Tafsir text placeholder for verse 44:50
44:51,ان المتقين فى مقام امين,Tafsir text placeholder for verse 44:51
44:52,فى جنـٰت وعيون,Tafsir text placeholder for verse 44:52
44:53,يلبسون من سندس واستبرق متقـٰبلين,Tafsir text placeholder for verse 44:53
44:54,كذٰلك وزوجنـٰهم بحور عين,Tafsir text placeholder for verse 44:54
44:55,يدعون فيها بكل فـٰكهة ءامنين,Tafsir text placeholder for verse 44:55
44:56,لا يذوقون فيها الموت الا الموتة الاولىٰ ۖ ووقىٰهم عذاب الجحيم,Tafsir text placeholder for verse 44:56
44:57,فضلا من ربك ۚ ذٰلك هو الفوز العظيم,Tafsir text placeholder for verse 44:57
44:58,فانما يسرنـٰه بلسانك لعلهم يتذكرون,Tafsir text placeholder for verse 44:58
44:59,فارتقب انهم مرتقبون,Tafsir text placeholder for verse 44:59
45:1,حم,Tafsir text placeholder for verse 45:1
45:2,تنزيل الكتـٰب من الله العزيز الحكيم,Tafsir text placeholder for verse 45:2
45:3,ان فى السمـٰوٰت والارض لـٔايـٰت للمؤمنين,Tafsir text placeholder for verse 45:3
45:4,وفى خلقكم وما يبث من دابة ءايـٰت لقوم يوقنون,Tafsir text placeholder for verse 45:4
45:5,واختلـٰف اليل والنهار وما انزل الله من السماء من رزق فاحيا به الارض بعد موتها وتصريف الريـٰح ءايـٰت لقوم يعقلون,Tafsir text placeholder for verse 45:5
45:6,تلك ءايـٰت الله نتلوها عليك بالحق ۖ فباى حديث بعد الله وءايـٰته يؤمنون,Tafsir text placeholder for verse 45:6
45:7,ويل لكل افاك اثيم,Tafsir text placeholder for verse 45:7
45:8,يسمع ءايـٰت الله تتلىٰ عليه ثم يصر مستكبرا كان لم يسمعها ۖ فبشره بعذاب اليم,Tafsir text placeholder for verse 45:8
45:9,واذا علم من ءايـٰتنا شيـٔا اتخذها هزوا ۚ اولـٰئك لهم عذاب مهين,Tafsir text placeholder for verse 45:9
45:10,من ورائهم جهنم ۖ ولا يغنى عنهم ما كسبوا شيـٔا ولا ما اتخذوا من دون الله اولياء ۖ ولهم عذاب عظيم,Tafsir text placeholder for verse 45:10
45:11,هـٰذا هدى ۖ والذين كفروا بـٔايـٰت ربهم لهم عذاب من رجز اليم,Tafsir text placeholder for verse 45:11
45:12,الله الذى سخر لكم البحر لتجرى الفلك فيه بامره ولتبتغوا من فضله ولعلكم تشكرون,Tafsir text placeholder for verse 45:12
45:13,وسخر لكم ما فى السمـٰوٰت وما فى الارض جميعا منه ۚ ان فى ذٰلك لـٔايـٰت لقوم يتفكرون,Tafsir text placeholder for verse 45:13
45:14,قل للذين ءامنوا يغفروا للذين لا يرجون ايام الله ليجزى قوما بما كانوا يكسبون,Tafsir text placeholder for verse 45:14
45:15,من عمل صـٰلحا فلنفسه ۖ ومن اساء فعليها ۖ ثم الىٰ ربكم ترجعون,Tafsir text placeholder for verse 45:15
45:16,ولقد ءاتينا بنى اسرٰءيل الكتـٰب والحكم والنبوة ورزقنـٰهم من الطيبـٰت وفضلنـٰهم على العـٰلمين,Tafsir text placeholder for verse 45:16
45:17,وءاتينـٰهم بينـٰت من الامر ۖ فما اختلفوا الا من بعد ما جاءهم العلم بغيا بينهم ۚ ان ربك يقضى بينهم يوم القيـٰمة فيما كانوا فيه يختلفون,Tafsir text placeholder for verse 45:17
45:18,ثم جعلنـٰك علىٰ شريعة من الامر فاتبعها ولا تتبع اهواء الذين لا يعلمون,Tafsir text placeholder for verse 45:18
45:19,انهم لن يغنوا عنك من الله شيـٔا ۚ وان الظـٰلمين بعضهم اولياء بعض ۖ والله ولى المتقين,Tafsir text placeholder for verse 45:19
45:20,هـٰذا بصـٰئر للناس وهدى ورحمة لقوم يوقنون,Tafsir text placeholder for verse 45:20
45:21,ام حسب الذين اجترحوا السيـٔات ان نجعلهم كالذين ءامنوا وعملوا الصـٰلحـٰت سواء محياهم ومماتهم ۚ ساء ما يحكمون,Tafsir text placeholder for verse 45:21
45:22,وخلق الله السمـٰوٰت والارض بالحق ولتجزىٰ كل نفس بما كسبت وهم لا يظلمون,Tafsir text placeholder for verse 45:22
45:23,افرءيت من اتخذ الـٰهه هوىٰه واضله الله علىٰ علم وختم علىٰ سمعه وقلبه وجعل علىٰ بصره غشـٰوة فمن يهديه من بعد الله ۚ افلا تذكرون,Tafsir text placeholder for verse 45:23
45:24,وقالوا ما هى الا حياتنا الدنيا نموت ونحيا وما يهلكنا الا الدهر ۚ وما لهم بذٰلك من علم ۖ ان هم الا يظنون,Tafsir text placeholder for verse 45:24
45:25,واذا تتلىٰ عليهم ءايـٰتنا بينـٰت ما كان حجتهم الا ان قالوا ائتوا بـٔابائنا ان كنتم صـٰدقين,Tafsir text placeholder for verse 45:25
45:26,قل الله يحييكم ثم يميتكم ثم يجمعكم الىٰ يوم القيـٰمة لا ريب فيه ولـٰكن اكثر الناس لا يعلمون,Tafsir text placeholder for verse 45:26
45:27,ولله ملك السمـٰوٰت والارض ۚ ويوم تقوم الساعة يومئذ يخسر المبطلون,Tafsir text placeholder for verse 45:27
45:28,وترىٰ كل امة جاثية ۚ كل امة تدعىٰ الىٰ كتـٰبها اليوم تجزون ما كنتم تعملون,Tafsir text placeholder for verse 45:28
45:29,هـٰذا كتـٰبنا ينطق عليكم بالحق ۚ انا كنا نستنسخ ما كنتم تعملون,Tafsir text placeholder for verse 45:29
45:30,فاما الذين ءامنوا وعملوا الصـٰلحـٰت فيدخلهم ربهم فى رحمته ۚ ذٰلك هو الفوز المبين,Tafsir text placeholder for verse 45:30
45:31,واما الذين كفروا افلم تكن ءايـٰتى تتلىٰ عليكم فاستكبرتم وكنتم قوما مجرمين,Tafsir text placeholder for verse 45:31
45:32,واذا قيل ان وعد الله حق والساعة لا ريب فيها قلتم ما ندرى ما الساعة ان نظن الا ظنا وما نحن بمستيقنين,Tafsir text placeholder for verse 45:32
45:33,وبدا لهم سيـٔات ما عملوا وحاق بهم ما كانوا به يستهزءون,Tafsir text placeholder for verse 45:33
45:34,وقيل اليوم ننسىٰكم كما نسيتم لقاء يومكم هـٰذا وماوىٰكم النار وما لكم من نـٰصرين,Tafsir text placeholder for verse 45:34
45:35,ذٰلكم بانكم اتخذتم ءايـٰت الله هزوا وغرتكم الحيوٰة الدنيا ۚ فاليوم لا يخرجون منها ولا هم يستعتبون,Tafsir text placeholder for verse 45:35
45:36,فلله الحمد رب السمـٰوٰت ورب الارض رب العـٰلمين,Tafsir text placeholder for verse 45:36
45:37,وله الكبرياء فى السمـٰوٰت والارض ۖ وهو العزيز الحكيم,Tafsir text placeholder for verse 45:37
46:1,حم,Tafsir text placeholder for verse 46:1
46:2,تنزيل الكتـٰب من الله العزيز الحكيم,Tafsir text placeholder for verse 46:2
46:3,ما خلقنا السمـٰوٰت والارض وما بينهما الا بالحق واجل مسمى ۚ والذين كفروا عما انذروا معرضون,Tafsir text placeholder for verse 46:3
46:4,قل ارءيتم ما تدعون من دون الله ارونى ماذا خلقوا من الارض ام لهم شرك فى السمـٰوٰت ۖ ائتونى بكتـٰب من قبل هـٰذا او اثـٰرة من علم ان كنتم صـٰدقين,Tafsir text placeholder for verse 46:4
46:5,ومن اضل ممن يدعوا من دون الله من لا يستجيب له الىٰ يوم القيـٰمة وهم عن دعائهم غـٰفلون,Tafsir text placeholder for verse 46:5
46:6,واذا حشر الناس كانوا لهم اعداء وكانوا بعبادتهم كـٰفرين,Tafsir text placeholder for verse 46:6
46:7,واذا تتلىٰ عليهم ءايـٰتنا بينـٰت قال الذين كفروا للحق لما جاءهم هـٰذا سحر مبين,Tafsir text placeholder for verse 46:7
46:8,ام يقولون افترىٰه ۖ قل ان افتريته فلا تملكون لى من الله شيـٔا ۖ هو اعلم بما تفيضون فيه ۖ كفىٰ به شهيدا بينى وبينكم ۖ وهو الغفور الرحيم,Tafsir text placeholder for verse 46:8
46:9,قل ما كنت بدعا من الرسل وما ادرى ما يفعل بى ولا بكم ۖ ان اتبع الا ما يوحىٰ الى وما انا۠ الا نذير مبين,Tafsir text placeholder for verse 46:9
46:10,قل ارءيتم ان كان من عند الله وكفرتم به وشهد شاهد من بنى اسرٰءيل علىٰ مثله فـٔامن واستكبرتم ۖ ان الله لا يهدى القوم الظـٰلمين,Tafsir text placeholder for verse 46:10
46:11,وقال الذين كفروا للذين ءامنوا لو كان خيرا ما سبقونا اليه ۚ واذ لم يهتدوا به فسيقولون هـٰذا افك قديم,Tafsir text placeholder for verse 46:11
46:12,ومن قبله كتـٰب موسىٰ اماما ورحمة ۚ وهـٰذا كتـٰب مصدق لسانا عربيا لينذر الذين ظلموا وبشرىٰ للمحسنين,Tafsir text placeholder for verse 46:12
46:13,ان الذين قالوا ربنا الله ثم استقـٰموا فلا خوف عليهم ولا هم يحزنون,Tafsir text placeholder for verse 46:13
46:14,اولـٰئك اصحـٰب الجنة خـٰلدين فيها جزاء بما كانوا يعملون,Tafsir text placeholder for verse 46:14
46:15,ووصينا الانسـٰن بوٰلديه احسـٰنا ۖ حملته امه كرها ووضعته كرها ۖ وحمله وفصـٰله ثلـٰثون شهرا ۚ حتىٰ اذا بلغ اشده وبلغ اربعين سنة قال رب اوزعنى ان اشكر نعمتك التى انعمت على وعلىٰ وٰلدى وان اعمل صـٰلحا ترضىٰه واصلح لى فى ذريتى ۖ انى تبت اليك وانى من المسلمين,Tafsir text placeholder for verse 46:15
46:16,اولـٰئك الذين نتقبل عنهم احسن ما عملوا ونتجاوز عن سيـٔاتهم فى اصحـٰب الجنة ۖ وعد الصدق الذى كانوا يوعدون,Tafsir text placeholder for verse 46:16
46:17,والذى قال لوٰلديه اف لكما اتعداننى ان اخرج وقد خلت القرون من قبلى وهما يستغيثان الله ويلك ءامن ان وعد الله حق فيقول ما هـٰذا الا اسـٰطير الاولين,Tafsir text placeholder for verse 46:17
46:18,اولـٰئك الذين حق عليهم القول فى امم قد خلت من قبلهم من الجن والانس ۖ انهم كانوا خـٰسرين,Tafsir text placeholder for verse 46:18
46:19,ولكل درجـٰت مما عملوا ۖ وليوفيهم اعمـٰلهم وهم لا يظلمون,Tafsir text placeholder for verse 46:19
46:20,ويوم يعرض الذين كفروا على النار اذهبتم طيبـٰتكم فى حياتكم الدنيا واستمتعتم بها فاليوم تجزون عذاب الهون بما كنتم تستكبرون فى الارض بغير الحق وبما كنتم تفسقون,Tafsir text placeholder for verse 46:20
46:21,واذكر اخا عاد اذ انذر قومه بالاحقاف وقد خلت النذر من بين يديه ومن خلفه الا تعبدوا الا الله انى اخاف عليكم عذاب يوم عظيم,Tafsir text placeholder for verse 46:21
46:22,قالوا اجئتنا لتافكنا عن ءالهتنا فاتنا بما تعدنا ان كنت من الصـٰدقين,Tafsir text placeholder for verse 46:22
46:23,قال انما العلم عند الله وابلغكم ما ارسلت به ولـٰكنى ارىٰكم قوما تجهلون,Tafsir text placeholder for verse 46:23
46:24,فلما راوه عارضا مستقبل اوديتهم قالوا هـٰذا عارض ممطرنا ۚ بل هو ما استعجلتم به ۖ ريح فيها عذاب اليم,Tafsir text placeholder for verse 46:24
46:25,تدمر كل شىء بامر ربها فاصبحوا لا يرىٰ الا مسـٰكنهم ۚ كذٰلك نجزى القوم المجرمين,Tafsir text placeholder for verse 46:25
46:26,ولقد مكنـٰهم فيما ان مكنـٰكم فيه وجعلنا لهم سمعا وابصـٰرا وافـٔدة فما اغنىٰ عنهم سمعهم ولا ابصـٰرهم ولا افـٔدتهم من شىء اذ كانوا يجحدون بـٔايـٰت الله وحاق بهم ما كانوا به يستهزءون,Tafsir text placeholder for verse 46:26
46:27,ولقد اهلكنا ما حولكم من القرىٰ وصرفنا الـٔايـٰت لعلهم يرجعون,Tafsir text placeholder for verse 46:27
46:28,فلولا نصرهم الذين اتخذوا من دون الله قربانا ءالهة ۖ بل ضلوا عنهم ۚ وذٰلك افكهم وما كانوا يفترون,Tafsir text placeholder for verse 46:28
46:29,واذ صرفنا اليك نفرا من الجن يستمعون القرءان فلما حضروه قالوا انصتوا ۖ فلما قضى ولوا الىٰ قومهم منذرين,Tafsir text placeholder for verse 46:29
46:30,قالوا يـٰقومنا انا سمعنا كتـٰبا انزل من بعد موسىٰ مصدقا لما بين يديه يهدى الى الحق والىٰ طريق مستقيم,Tafsir text placeholder for verse 46:30
46:31,يـٰقومنا اجيبوا داعى الله وءامنوا به يغفر لكم من ذنوبكم ويجركم من عذاب اليم,Tafsir text placeholder for verse 46:31
46:32,ومن لا يجب داعى الله فليس بمعجز فى الارض وليس له من دونه اولياء ۚ اولـٰئك فى ضلـٰل مبين,Tafsir text placeholder for verse 46:32
46:33,اولم يروا ان الله الذى خلق السمـٰوٰت والارض ولم يعى بخلقهن بقـٰدر علىٰ ان يحـۧى الموتىٰ ۚ بلىٰ انه علىٰ كل شىء قدير,Tafsir text placeholder for verse 46:33
46:34,ويوم يعرض الذين كفروا على النار اليس هـٰذا بالحق ۖ قالوا بلىٰ وربنا ۚ قال فذوقوا العذاب بما كنتم تكفرون,Tafsir text placeholder for verse 46:34
46:35,فاصبر كما صبر اولوا العزم من الرسل ولا تستعجل لهم ۚ كانهم يوم يرون ما يوعدون لم يلبثوا الا ساعة من نهار ۚ بلـٰغ ۚ فهل يهلك الا القوم الفـٰسقون,Tafsir text placeholder for verse 46:35
47:1,الذين كفروا وصدوا عن سبيل الله اضل اعمـٰلهم,Tafsir text placeholder for verse 47:1
47:2,والذين ءامنوا وعملوا الصـٰلحـٰت وءامنوا بما نزل علىٰ محمد وهو الحق من ربهم ۙ كفر عنهم سيـٔاتهم واصلح بالهم,Tafsir text placeholder for verse 47:2
47:3,ذٰلك بان الذين كفروا اتبعوا البـٰطل وان الذين ءامنوا اتبعوا الحق من ربهم ۚ كذٰلك يضرب الله للناس امثـٰلهم,Tafsir text placeholder for verse 47:3
47:4,فاذا لقيتم الذين كفروا فضرب الرقاب حتىٰ اذا اثخنتموهم فشدوا الوثاق فاما منا بعد واما فداء حتىٰ تضع الحرب اوزارها ۚ ذٰلك ولو يشاء الله لانتصر منهم ولـٰكن ليبلوا۟ بعضكم ببعض ۗ والذين قتلوا فى سبيل الله فلن يضل اعمـٰلهم,Tafsir text placeholder for verse 47:4
47:5,سيهديهم ويصلح بالهم,Tafsir text placeholder for verse 47:5
47:6,ويدخلهم الجنة عرفها لهم,Tafsir text placeholder for verse 47:6
47:7,يـٰايها الذين ءامنوا ان تنصروا الله ينصركم ويثبت اقدامكم,Tafsir text placeholder for verse 47:7
47:8,والذين كفروا فتعسا لهم واضل اعمـٰلهم,Tafsir text placeholder for verse 47:8
47:9,ذٰلك بانهم كرهوا ما انزل الله فاحبط اعمـٰلهم,Tafsir text placeholder for verse 47:9
47:10,افلم يسيروا فى الارض فينظروا كيف كان عـٰقبة الذين من قبلهم ۚ دمر الله عليهم ۖ وللكـٰفرين امثـٰلها,Tafsir text placeholder for verse 47:10
47:11,ذٰلك بان الله مولى الذين ءامنوا وان الكـٰفرين لا مولىٰ لهم,Tafsir text placeholder for verse 47:11
47:12,ان الله يدخل الذين ءامنوا وعملوا الصـٰلحـٰت جنـٰت تجرى من تحتها الانهـٰر ۖ والذين كفروا يتمتعون وياكلون كما تاكل الانعـٰم والنار مثوى لهم,Tafsir text placeholder for verse 47:12
47:13,وكاين من قرية هى اشد قوة من قريتك التى اخرجتك اهلكنـٰهم فلا ناصر لهم,Tafsir text placeholder for verse 47:13
47:14,افمن كان علىٰ بينة من ربه كمن زين له سوء عمله واتبعوا اهواءهم,Tafsir text placeholder for verse 47:14
47:15,مثل الجنة التى وعد المتقون ۖ فيها انهـٰر من ماء غير ءاسن وانهـٰر من لبن لم يتغير طعمه وانهـٰر من خمر لذة للشـٰربين وانهـٰر من عسل مصفى ۖ ولهم فيها من كل الثمرٰت ومغفرة من ربهم ۖ كمن هو خـٰلد فى النار وسقوا ماء حميما فقطع امعاءهم,Tafsir text placeholder for verse 47:15
47:16,ومنهم من يستمع اليك حتىٰ اذا خرجوا من عندك قالوا للذين اوتوا العلم ماذا قال ءانفا ۚ اولـٰئك الذين طبع الله علىٰ قلوبهم واتبعوا اهواءهم,Tafsir text placeholder for verse 47:16
47:17,والذين اهتدوا زادهم هدى وءاتىٰهم تقوىٰهم,Tafsir text placeholder for verse 47:17
47:18,فهل ينظرون الا الساعة ان تاتيهم بغتة ۖ فقد جاء اشراطها ۚ فانىٰ لهم اذا جاءتهم ذكرىٰهم,Tafsir text placeholder for verse 47:18
47:19,فاعلم انه لا الـٰه الا الله واستغفر لذنبك وللمؤمنين والمؤمنـٰت ۗ والله يعلم متقلبكم ومثوىٰكم,Tafsir text placeholder for verse 47:19
47:20,ويقول الذين ءامنوا لولا نزلت سورة ۖ فاذا انزلت سورة محكمة وذكر فيها القتال ۙ رايت الذين فى قلوبهم مرض ينظرون اليك نظر المغشى عليه من الموت ۖ فاولىٰ لهم,Tafsir text placeholder for verse 47:20
47:21,طاعة وقول معروف ۚ فاذا عزم الامر فلو صدقوا الله لكان خيرا لهم,Tafsir text placeholder for verse 47:21
47:22,فهل عسيتم ان توليتم ان تفسدوا فى الارض وتقطعوا ارحامكم,Tafsir text placeholder for verse 47:22
47:23,اولـٰئك الذين لعنهم الله فاصمهم واعمىٰ ابصـٰرهم,Tafsir text placeholder for verse 47:23
47:24,افلا يتدبرون القرءان ام علىٰ قلوب اقفالها,Tafsir text placeholder for verse 47:24
47:25,ان الذين ارتدوا علىٰ ادبـٰرهم من بعد ما تبين لهم الهدى ۙ الشيطـٰن سول لهم واملىٰ لهم,Tafsir text placeholder for verse 47:25
47:26,ذٰلك بانهم قالوا للذين كرهوا ما نزل الله سنطيعكم فى بعض الامر ۖ والله يعلم اسرارهم,Tafsir text placeholder for verse 47:26
47:27,فكيف اذا توفتهم الملـٰئكة يضربون وجوههم وادبـٰرهم,Tafsir text placeholder for verse 47:27
47:28,ذٰلك بانهم اتبعوا ما اسخط الله وكرهوا رضوٰنه فاحبط اعمـٰلهم,Tafsir text placeholder for verse 47:28
47:29,ام حسب الذين فى قلوبهم مرض ان لن يخرج الله اضغـٰنهم,Tafsir text placeholder for verse 47:29
47:30,ولو نشاء لارينـٰكهم فلعرفتهم بسيمـٰهم ۚ ولتعرفنهم فى لحن القول ۚ والله يعلم اعمـٰلكم,Tafsir text placeholder for verse 47:30
47:31,ولنبلونكم حتىٰ نعلم المجـٰهدين منكم والصـٰبرين ونبلوا۟ اخباركم,Tafsir text placeholder for verse 47:31
47:32,ان الذين كفروا وصدوا عن سبيل الله وشاقوا الرسول من بعد ما تبين لهم الهدىٰ لن يضروا الله شيـٔا وسيحبط اعمـٰلهم,Tafsir text placeholder for verse 47:32
47:33,يـٰايها الذين ءامنوا اطيعوا الله واطيعوا الرسول ولا تبطلوا اعمـٰلكم,Tafsir text placeholder for verse 47:33
47:34,ان الذين كفروا وصدوا عن سبيل الله ثم ماتوا وهم كفار فلن يغفر الله لهم,Tafsir text placeholder for verse 47:34
47:35,فلا تهنوا وتدعوا الى السلم وانتم الاعلون والله معكم ولن يتركم اعمـٰلكم,Tafsir text placeholder for verse 47:35
47:36,انما الحيوٰة الدنيا لعب ولهو ۚ وان تؤمنوا وتتقوا يؤتكم اجوركم ولا يسـٔلكم اموٰلكم,Tafsir text placeholder for verse 47:36
47:37,ان يسـٔلكموها فيحفكم تبخلوا ويخرج اضغـٰنكم,Tafsir text placeholder for verse 47:37
47:38,هـٰانتم هـٰؤلاء تدعون لتنفقوا فى سبيل الله فمنكم من يبخل ۖ ومن يبخل فانما يبخل عن نفسه ۚ والله الغنى وانتم الفقراء ۚ وان تتولوا يستبدل قوما غيركم ثم لا يكونوا امثـٰلكم,Tafsir text placeholder for verse 47:38
48:1,انا فتحنا لك فتحا مبينا,Tafsir text placeholder for verse 48:1
48:2,ليغفر لك الله ما تقدم من ذنبك وما تاخر ويتم نعمته عليك ويهديك صرٰطا مستقيما,Tafsir text placeholder for verse 48:2
48:3,وينصرك الله نصرا عزيزا,Tafsir text placeholder for verse 48:3
48:4,هو الذى انزل السكينة فى قلوب المؤمنين ليزدادوا ايمـٰنا مع ايمـٰنهم ۗ ولله جنود السمـٰوٰت والارض ۚ وكان الله عليما حكيما,Tafsir text placeholder for verse 48:4
48:5,ليدخل المؤمنين والمؤمنـٰت جنـٰت تجرى من تحتها الانهـٰر خـٰلدين فيها ويكفر عنهم سيـٔاتهم ۚ وكان ذٰلك عند الله فوزا عظيما,Tafsir text placeholder for verse 48:5
48:6,ويعذب المنـٰفقين والمنـٰفقـٰت والمشركين والمشركـٰت الظانين بالله ظن السوء ۚ عليهم دائرة السوء ۖ وغضب الله عليهم ولعنهم واعد لهم جهنم ۖ وساءت مصيرا,Tafsir text placeholder for verse 48:6
48:7,ولله جنود السمـٰوٰت والارض ۚ وكان الله عزيزا حكيما,Tafsir text placeholder for verse 48:7
48:8,انا ارسلنـٰك شـٰهدا ومبشرا ونذيرا,Tafsir text placeholder for verse 48:8
48:9,لتؤمنوا بالله ورسوله وتعزروه وتوقروه وتسبحوه بكرة واصيلا,Tafsir text placeholder for verse 48:9
48:10,ان الذين يبايعونك انما يبايعون الله يد الله فوق ايديهم ۚ فمن نكث فانما ينكث علىٰ نفسه ۖ ومن اوفىٰ بما عـٰهد عليه الله فسيؤتيه اجرا عظيما,Tafsir text placeholder for verse 48:10
48:11,سيقول لك المخلفون من الاعراب شغلتنا اموٰلنا واهلونا فاستغفر لنا ۚ يقولون بالسنتهم ما ليس فى قلوبهم ۚ قل فمن يملك لكم من الله شيـٔا ان اراد بكم ضرا او اراد بكم نفعا ۚ بل كان الله بما تعملون خبيرا,Tafsir text placeholder for verse 48:11
48:12,بل ظننتم ان لن ينقلب الرسول والمؤمنون الىٰ اهليهم ابدا وزين ذٰلك فى قلوبكم وظننتم ظن السوء وكنتم قوما بورا,Tafsir text placeholder for verse 48:12
48:13,ومن لم يؤمن بالله ورسوله فانا اعتدنا للكـٰفرين سعيرا,Tafsir text placeholder for verse 48:13
48:14,ولله ملك السمـٰوٰت والارض ۚ يغفر لمن يشاء ويعذب من يشاء ۚ وكان الله غفورا رحيما,Tafsir text placeholder for verse 48:14
48:15,سيقول المخلفون اذا انطلقتم الىٰ مغانم لتاخذوها ذرونا نتبعكم ۖ يريدون ان يبدلوا كلـٰم الله ۚ قل لن تتبعونا كذٰلكم قال الله من قبل ۖ فسيقولون بل تحسدوننا ۚ بل كانوا لا يفقهون الا قليلا,Tafsir text placeholder for verse 48:15
48:16,قل للمخلفين من الاعراب ستدعون الىٰ قوم اولى باس شديد تقـٰتلونهم او يسلمون ۖ فان تطيعوا يؤتكم الله اجرا حسنا ۖ وان تتولوا كما توليتم من قبل يعذبكم عذابا اليما,Tafsir text placeholder for verse 48:16
48:17,ليس على الاعمىٰ حرج ولا على الاعرج حرج ولا على المريض حرج ۗ ومن يطع الله ورسوله يدخله جنـٰت تجرى من تحتها الانهـٰر ۖ ومن يتول يعذبه عذابا اليما,Tafsir text placeholder for verse 48:17
48:18,لقد رضى الله عن المؤمنين اذ يبايعونك تحت الشجرة فعلم ما فى قلوبهم فانزل السكينة عليهم واثـٰبهم فتحا قريبا,Tafsir text placeholder for verse 48:18
48:19,ومغانم كثيرة ياخذونها ۗ وكان الله عزيزا حكيما,Tafsir text placeholder for verse 48:19
48:20,وعدكم الله مغانم كثيرة تاخذونها فعجل لكم هـٰذه وكف ايدى الناس عنكم ولتكون ءاية للمؤمنين ويهديكم صرٰطا مستقيما,Tafsir text placeholder for verse 48:20
48:21,واخرىٰ لم تقدروا عليها قد احاط الله بها ۚ وكان الله علىٰ كل شىء قديرا,Tafsir text placeholder for verse 48:21
48:22,ولو قـٰتلكم الذين كفروا لولوا الادبـٰر ثم لا يجدون وليا ولا نصيرا,Tafsir text placeholder for verse 48:22
48:23,سنة الله التى قد خلت من قبل ۖ ولن تجد لسنة الله تبديلا,Tafsir text placeholder for verse 48:23
48:24,وهو الذى كف ايديهم عنكم وايديكم عنهم ببطن مكة من بعد ان اظفركم عليهم ۚ وكان الله بما تعملون بصيرا,Tafsir text placeholder for verse 48:24
48:25,هم الذين كفروا وصدوكم عن المسجد الحرام والهدى معكوفا ان يبلغ محله ۚ ولولا رجال مؤمنون ونساء مؤمنـٰت لم تعلموهم ان تطـٔوهم فتصيبكم منهم معرة بغير علم ۖ ليدخل الله فى رحمته من يشاء ۚ لو تزيلوا لعذبنا الذين كفروا منهم عذابا اليما,Tafsir text placeholder for verse 48:25
48:26,اذ جعل الذين كفروا فى قلوبهم الحمية حمية الجـٰهلية فانزل الله سكينته علىٰ رسوله وعلى المؤمنين والزمهم كلمة التقوىٰ وكانوا احق بها واهلها ۚ وكان الله بكل شىء عليما,Tafsir text placeholder for verse 48:26
48:27,لقد صدق الله رسوله الرءيا بالحق ۖ لتدخلن المسجد الحرام ان شاء الله ءامنين محلقين رءوسكم ومقصرين لا تخافون ۖ فعلم ما لم تعلموا فجعل من دون ذٰلك فتحا قريبا,Tafsir text placeholder for verse 48:27
48:28,هو الذى ارسل رسوله بالهدىٰ ودين الحق ليظهره على الدين كله ۚ وكفىٰ بالله شهيدا,Tafsir text placeholder for verse 48:28
48:29,محمد رسول الله ۚ والذين معه اشداء على الكفار رحماء بينهم ۖ ترىٰهم ركعا سجدا يبتغون فضلا من الله ورضوٰنا ۖ سيماهم فى وجوههم من اثر السجود ۚ ذٰلك مثلهم فى التورىٰة ۚ ومثلهم فى الانجيل كزرع اخرج شطـٔه فـٔازره فاستغلظ فاستوىٰ علىٰ سوقه يعجب الزراع ليغيظ بهم الكفار ۗ وعد الله الذين ءامنوا وعملوا الصـٰلحـٰت منهم مغفرة واجرا عظيما,Tafsir text placeholder for verse 48:29
49:1,يـٰايها الذين ءامنوا لا تقدموا بين يدى الله ورسوله ۖ واتقوا الله ۚ ان الله سميع عليم,Tafsir text placeholder for verse 49:1
49:2,يـٰايها الذين ءامنوا لا ترفعوا اصوٰتكم فوق صوت النبى ولا تجهروا له بالقول كجهر بعضكم لبعض ان تحبط اعمـٰلكم وانتم لا تشعرون,Tafsir text placeholder for verse 49:2
49:3,ان الذين يغضون اصوٰتهم عند رسول الله اولـٰئك الذين امتحن الله قلوبهم للتقوىٰ ۚ لهم مغفرة واجر عظيم,Tafsir text placeholder for verse 49:3
49:4,ان الذين ينادونك من وراء الحجرٰت اكثرهم لا يعقلون,Tafsir text placeholder for verse 49:4
49:5,ولو انهم صبروا حتىٰ تخرج اليهم لكان خيرا لهم ۚ والله غفور رحيم,Tafsir text placeholder for verse 49:5
49:6,يـٰايها الذين ءامنوا ان جاءكم فاسق بنبا فتبينوا ان تصيبوا قوما بجهـٰلة فتصبحوا علىٰ ما فعلتم نـٰدمين,Tafsir text placeholder for verse 49:6
49:7,واعلموا ان فيكم رسول الله ۚ لو يطيعكم فى كثير من الامر لعنتم ولـٰكن الله حبب اليكم الايمـٰن وزينه فى قلوبكم وكره اليكم الكفر والفسوق والعصيان ۚ اولـٰئك هم الرٰشدون,Tafsir text placeholder for verse 49:7
49:8,فضلا من الله ونعمة ۚ والله عليم حكيم,Tafsir text placeholder for verse 49:8
49:9,وان طائفتان من المؤمنين اقتتلوا فاصلحوا بينهما ۖ فان بغت احدىٰهما على الاخرىٰ فقـٰتلوا التى تبغى حتىٰ تفىء الىٰ امر الله ۚ فان فاءت فاصلحوا بينهما بالعدل واقسطوا ۖ ان الله يحب المقسطين,Tafsir text placeholder for verse 49:9
49:10,انما المؤمنون اخوة فاصلحوا بين اخويكم ۚ واتقوا الله لعلكم ترحمون,Tafsir text placeholder for verse 49:10
49:11,يـٰايها الذين ءامنوا لا يسخر قوم من قوم عسىٰ ان يكونوا خيرا منهم ولا نساء من نساء عسىٰ ان يكن خيرا منهن ۖ ولا تلمزوا انفسكم ولا تنابزوا بالالقـٰب ۖ بئس الاسم الفسوق بعد الايمـٰن ۚ ومن لم يتب فاولـٰئك هم الظـٰلمون,Tafsir text placeholder for verse 49:11
49:12,يـٰايها الذين ءامنوا اجتنبوا كثيرا من الظن ان بعض الظن اثم ۖ ولا تجسسوا ولا يغتب بعضكم بعضا ۚ ايحب احدكم ان ياكل لحم اخيه ميتا فكرهتموه ۚ واتقوا الله ۚ ان الله تواب رحيم,Tafsir text placeholder for verse 49:12
49:13,يـٰايها الناس انا خلقنـٰكم من ذكر وانثىٰ وجعلنـٰكم شعوبا وقبائل لتعارفوا ۚ ان اكرمكم عند الله اتقىٰكم ۚ ان الله عليم خبير,Tafsir text placeholder for verse 49:13
49:14,قالت الاعراب ءامنا ۖ قل لم تؤمنوا ولـٰكن قولوا اسلمنا ولما يدخل الايمـٰن فى قلوبكم ۖ وان تطيعوا الله ورسوله لا يلتكم من اعمـٰلكم شيـٔا ۚ ان الله غفور رحيم,Tafsir text placeholder for verse 49:14
49:15,انما المؤمنون الذين ءامنوا بالله ورسوله ثم لم يرتابوا وجـٰهدوا باموٰلهم وانفسهم فى سبيل الله ۚ اولـٰئك هم الصـٰدقون,Tafsir text placeholder for verse 49:15
49:16,قل اتعلمون الله بدينكم والله يعلم ما فى السمـٰوٰت وما فى الارض ۚ والله بكل شىء عليم,Tafsir text placeholder for verse 49:16
49:17,يمنون عليك ان اسلموا ۖ قل لا تمنوا على اسلـٰمكم ۖ بل الله يمن عليكم ان هدىٰكم للايمـٰن ان كنتم صـٰدقين,Tafsir text placeholder for verse 49:17
49:18,ان الله يعلم غيب السمـٰوٰت والارض ۚ والله بصير بما تعملون,Tafsir text placeholder for verse 49:18
50:1,ق ۚ والقرءان المجيد,Tafsir text placeholder for verse 50:1
50:2,بل عجبوا ان جاءهم منذر منهم فقال الكـٰفرون هـٰذا شىء عجيب,Tafsir text placeholder for verse 50:2
50:3,اءذا متنا وكنا ترابا ۖ ذٰلك رجع بعيد,Tafsir text placeholder for verse 50:3
50:4,قد علمنا ما تنقص الارض منهم ۖ وعندنا كتـٰب حفيظ,Tafsir text placeholder for verse 50:4
50:5,بل كذبوا بالحق لما جاءهم فهم فى امر مريج,Tafsir text placeholder for verse 50:5
50:6,افلم ينظروا الى السماء فوقهم كيف بنينـٰها وزينـٰها وما لها من فروج,Tafsir text placeholder for verse 50:6
50:7,والارض مددنـٰها والقينا فيها روٰسى وانبتنا فيها من كل زوج بهيج,Tafsir text placeholder for verse 50:7
50:8,تبصرة وذكرىٰ لكل عبد منيب,Tafsir text placeholder for verse 50:8
50:9,ونزلنا من السماء ماء مبـٰركا فانبتنا به جنـٰت وحب الحصيد,Tafsir text placeholder for verse 50:9
50:10,والنخل باسقـٰت لها طلع نضيد,Tafsir text placeholder for verse 50:10
50:11,رزقا للعباد ۖ واحيينا به بلدة ميتا ۚ كذٰلك الخروج,Tafsir text placeholder for verse 50:11
50:12,كذبت قبلهم قوم نوح واصحـٰب الرس وثمود,Tafsir text placeholder for verse 50:12
50:13,وعاد وفرعون واخوٰن لوط,Tafsir text placeholder for verse 50:13
50:14,واصحـٰب الايكة وقوم تبع ۚ كل كذب الرسل فحق وعيد,Tafsir text placeholder for verse 50:14
50:15,افعيينا بالخلق الاول ۚ بل هم فى لبس من خلق جديد,Tafsir text placeholder for verse 50:15
50:16,ولقد خلقنا الانسـٰن ونعلم ما توسوس به نفسه ۖ ونحن اقرب اليه من حبل الوريد,Tafsir text placeholder for verse 50:16
50:17,اذ يتلقى المتلقيان عن اليمين وعن الشمال قعيد,Tafsir text placeholder for verse 50:17
50:18,ما يلفظ من قول الا لديه رقيب عتيد,Tafsir text placeholder for verse 50:18
50:19,وجاءت سكرة الموت بالحق ۖ ذٰلك ما كنت منه تحيد,Tafsir text placeholder for verse 50:19
50:20,ونفخ فى الصور ۚ ذٰلك يوم الوعيد,Tafsir text placeholder for verse 50:20
50:21,وجاءت كل نفس معها سائق وشهيد,Tafsir text placeholder for verse 50:21
50:22,لقد كنت فى غفلة من هـٰذا فكشفنا عنك غطاءك فبصرك اليوم حديد,Tafsir text placeholder for verse 50:22
50:23,وقال قرينه هـٰذا ما لدى عتيد,Tafsir text placeholder for verse 50:23
50:24,القيا فى جهنم كل كفار عنيد,Tafsir text placeholder for verse 50:24
50:25,مناع للخير معتد مريب,Tafsir text placeholder for verse 50:25
50:26,الذى جعل مع الله الـٰها ءاخر فالقياه فى العذاب الشديد,Tafsir text placeholder for verse 50:26
50:27,قال قرينه ربنا ما اطغيته ولـٰكن كان فى ضلـٰل بعيد,Tafsir text placeholder for verse 50:27
50:28,قال لا تختصموا لدى وقد قدمت اليكم بالوعيد,Tafsir text placeholder for verse 50:28
50:29,ما يبدل القول لدى وما انا۠ بظلـٰم للعبيد,Tafsir text placeholder for verse 50:29
50:30,يوم نقول لجهنم هل امتلات وتقول هل من مزيد,Tafsir text placeholder for verse 50:30
50:31,وازلفت الجنة للمتقين غير بعيد,Tafsir text placeholder for verse 50:31
50:32,هـٰذا ما توعدون لكل اواب حفيظ,Tafsir text placeholder for verse 50:32
50:33,من خشى الرحمـٰن بالغيب وجاء بقلب منيب,Tafsir text placeholder for verse 50:33
50:34,ادخلوها بسلـٰم ۖ ذٰلك يوم الخلود,Tafsir text placeholder for verse 50:34
50:35,لهم ما يشاءون فيها ولدينا مزيد,Tafsir text placeholder for verse 50:35
50:36,وكم اهلكنا قبلهم من قرن هم اشد منهم بطشا فنقبوا فى البلـٰد هل من محيص,Tafsir text placeholder for verse 50:36
50:37,ان فى ذٰلك لذكرىٰ لمن كان له قلب او القى السمع وهو شهيد,Tafsir text placeholder for verse 50:37
50:38,ولقد خلقنا السمـٰوٰت والارض وما بينهما فى ستة ايام وما مسنا من لغوب,Tafsir text placeholder for verse 50:38
50:39,فاصبر علىٰ ما يقولون وسبح بحمد ربك قبل طلوع الشمس وقبل الغروب,Tafsir text placeholder for verse 50:39
50:40,ومن اليل فسبحه وادبـٰر السجود,Tafsir text placeholder for verse 50:40
50:41,واستمع يوم يناد المناد من مكان قريب,Tafsir text placeholder for verse 50:41
50:42,يوم يسمعون الصيحة بالحق ۚ ذٰلك يوم الخروج,Tafsir text placeholder for verse 50:42
50:43,انا نحن نحيۦ ونميت والينا المصير,Tafsir text placeholder for verse 50:43
50:44,يوم تشقق الارض عنهم سراعا ۚ ذٰلك حشر علينا يسير,Tafsir text placeholder for verse 50:44
50:45,نحن اعلم بما يقولون ۖ وما انت عليهم بجبار ۖ فذكر بالقرءان من يخاف وعيد,Tafsir text placeholder for verse 50:45
51:1,والذٰريـٰت ذروا,Tafsir text placeholder for verse 51:1
51:2,فالحـٰملـٰت وقرا,Tafsir text placeholder for verse 51:2
51:3,فالجـٰريـٰت يسرا,Tafsir text placeholder for verse 51:3
51:4,فالمقسمـٰت امرا,Tafsir text placeholder for verse 51:4
51:5,انما توعدون لصادق,Tafsir text placeholder for verse 51:5
51:6,وان الدين لوٰقع,Tafsir text placeholder for verse 51:6
51:7,والسماء ذات الحبك,Tafsir text placeholder for verse 51:7
51:8,انكم لفى قول مختلف,Tafsir text placeholder for verse 51:8
51:9,يؤفك عنه من افك,Tafsir text placeholder for verse 51:9
51:10,قتل الخرٰصون,Tafsir text placeholder for verse 51:10
51:11,الذين هم فى غمرة ساهون,Tafsir text placeholder for verse 51:11
51:12,يسـٔلون ايان يوم الدين,Tafsir text placeholder for verse 51:12
51:13,يوم هم على النار يفتنون,Tafsir text placeholder for verse 51:13
51:14,ذوقوا فتنتكم هـٰذا الذى كنتم به تستعجلون,Tafsir text placeholder for verse 51:14
51:15,ان المتقين فى جنـٰت وعيون,Tafsir text placeholder for verse 51:15
51:16,ءاخذين ما ءاتىٰهم ربهم ۚ انهم كانوا قبل ذٰلك محسنين,Tafsir text placeholder for verse 51:16
51:17,كانوا قليلا من اليل ما يهجعون,Tafsir text placeholder for verse 51:17
51:18,وبالاسحار هم يستغفرون,Tafsir text placeholder for verse 51:18
51:19,وفى اموٰلهم حق للسائل والمحروم,Tafsir text placeholder for verse 51:19
51:20,وفى الارض ءايـٰت للموقنين,Tafsir text placeholder for verse 51:20
51:21,وفى انفسكم ۚ افلا تبصرون,Tafsir text placeholder for verse 51:21
51:22,وفى السماء رزقكم وما توعدون,Tafsir text placeholder for verse 51:22
51:23,فورب السماء والارض انه لحق مثل ما انكم تنطقون,Tafsir text placeholder for verse 51:23
51:24,هل اتىٰك حديث ضيف ابرٰهيم المكرمين,Tafsir text placeholder for verse 51:24
51:25,اذ دخلوا عليه فقالوا سلـٰما ۖ قال سلـٰم قوم منكرون,Tafsir text placeholder for verse 51:25
51:26,فراغ الىٰ اهله فجاء بعجل سمين,Tafsir text placeholder for verse 51:26
51:27,فقربه اليهم قال الا تاكلون,Tafsir text placeholder for verse 51:27
51:28,فاوجس منهم خيفة ۖ قالوا لا تخف ۖ وبشروه بغلـٰم عليم,Tafsir text placeholder for verse 51:28
51:29,فاقبلت امراته فى صرة فصكت وجهها وقالت عجوز عقيم,Tafsir text placeholder for verse 51:29
51:30,قالوا كذٰلك قال ربك ۖ انه هو الحكيم العليم,Tafsir text placeholder for verse 51:30
51:31,قال فما خطبكم ايها المرسلون,Tafsir text placeholder for verse 51:31
51:32,قالوا انا ارسلنا الىٰ قوم مجرمين,Tafsir text placeholder for verse 51:32
51:33,لنرسل عليهم حجارة من طين,Tafsir text placeholder for verse 51:33
51:34,مسومة عند ربك للمسرفين,Tafsir text placeholder for verse 51:34
51:35,فاخرجنا من كان فيها من المؤمنين,Tafsir text placeholder for verse 51:35
51:36,فما وجدنا فيها غير بيت من المسلمين,Tafsir text placeholder for verse 51:36
51:37,وتركنا فيها ءاية للذين يخافون العذاب الاليم,Tafsir text placeholder for verse 51:37
51:38,وفى موسىٰ اذ ارسلنـٰه الىٰ فرعون بسلطـٰن مبين,Tafsir text placeholder for verse 51:38
51:39,فتولىٰ بركنه وقال سـٰحر او مجنون,Tafsir text placeholder for verse 51:39
51:40,فاخذنـٰه وجنوده فنبذنـٰهم فى اليم وهو مليم,Tafsir text placeholder for verse 51:40
51:41,وفى عاد اذ ارسلنا عليهم الريح العقيم,Tafsir text placeholder for verse 51:41
51:42,ما تذر من شىء اتت عليه الا جعلته كالرميم,Tafsir text placeholder for verse 51:42
51:43,وفى ثمود اذ قيل لهم تمتعوا حتىٰ حين,Tafsir text placeholder for verse 51:43
51:44,فعتوا عن امر ربهم فاخذتهم الصـٰعقة وهم ينظرون,Tafsir text placeholder for verse 51:44
51:45,فما استطـٰعوا من قيام وما كانوا منتصرين,Tafsir text placeholder for verse 51:45
51:46,وقوم نوح من قبل ۖ انهم كانوا قوما فـٰسقين,Tafsir text placeholder for verse 51:46
51:47,والسماء بنينـٰها بايي۟د وانا لموسعون,Tafsir text placeholder for verse 51:47
51:48,والارض فرشنـٰها فنعم المـٰهدون,Tafsir text placeholder for verse 51:48
51:49,ومن كل شىء خلقنا زوجين لعلكم تذكرون,Tafsir text placeholder for verse 51:49
51:50,ففروا الى الله ۖ انى لكم منه نذير مبين,Tafsir text placeholder for verse 51:50
51:51,ولا تجعلوا مع الله الـٰها ءاخر ۖ انى لكم منه نذير مبين,Tafsir text placeholder for verse 51:51
51:52,كذٰلك ما اتى الذين من قبلهم من رسول الا قالوا ساحر او مجنون,Tafsir text placeholder for verse 51:52
51:53,اتواصوا به ۚ بل هم قوم طاغون,Tafsir text placeholder for verse 51:53
51:54,فتول عنهم فما انت بملوم,Tafsir text placeholder for verse 51:54
51:55,وذكر فان الذكرىٰ تنفع المؤمنين,Tafsir text placeholder for verse 51:55
51:56,وما خلقت الجن والانس الا ليعبدون,Tafsir text placeholder for verse 51:56
51:57,ما اريد منهم من رزق وما اريد ان يطعمون,Tafsir text placeholder for verse 51:57
51:58,ان الله هو الرزاق ذو القوة المتين,Tafsir text placeholder for verse 51:58
51:59,فان للذين ظلموا ذنوبا مثل ذنوب اصحـٰبهم فلا يستعجلون,Tafsir text placeholder for verse 51:59
51:60,فويل للذين كفروا من يومهم الذى يوعدون,Tafsir text placeholder for verse 51:60
52:1,والطور,Tafsir text placeholder for verse 52:1
52:2,وكتـٰب مسطور,Tafsir text placeholder for verse 52:2
52:3,فى رق منشور,Tafsir text placeholder for verse 52:3
52:4,والبيت المعمور,Tafsir text placeholder for verse 52:4
52:5,والسقف المرفوع,Tafsir text placeholder for verse 52:5
52:6,والبحر المسجور,Tafsir text placeholder for verse 52:6
52:7,ان عذاب ربك لوٰقع,Tafsir text placeholder for verse 52:7
52:8,ما له من دافع,Tafsir text placeholder for verse 52:8
52:9,يوم تمور السماء مورا,Tafsir text placeholder for verse 52:9
52:10,وتسير الجبال سيرا,Tafsir text placeholder for verse 52:10
52:11,فويل يومئذ للمكذبين,Tafsir text placeholder for verse 52:11
52:12,الذين هم فى خوض يلعبون,Tafsir text placeholder for verse 52:12
52:13,يوم يدعون الىٰ نار جهنم دعا,Tafsir text placeholder for verse 52:13
52:14,هـٰذه النار التى كنتم بها تكذبون,Tafsir text placeholder for verse 52:14
52:15,افسحر هـٰذا ام انتم لا تبصرون,Tafsir text placeholder for verse 52:15
52:16,اصلوها فاصبروا او لا تصبروا سواء عليكم ۖ انما تجزون ما كنتم تعملون,Tafsir text placeholder for verse 52:16
52:17,ان المتقين فى جنـٰت ونعيم,Tafsir text placeholder for verse 52:17
52:18,فـٰكهين بما ءاتىٰهم ربهم ووقىٰهم ربهم عذاب الجحيم,Tafsir text placeholder for verse 52:18
52:19,كلوا واشربوا هنيـٔا بما كنتم تعملون,Tafsir text placeholder for verse 52:19
52:20,متكـٔين علىٰ سرر مصفوفة ۖ وزوجنـٰهم بحور عين,Tafsir text placeholder for verse 52:20
52:21,والذين ءامنوا واتبعتهم ذريتهم بايمـٰن الحقنا بهم ذريتهم وما التنـٰهم من عملهم من شىء ۚ كل امرئ بما كسب رهين,Tafsir text placeholder for verse 52:21
52:22,وامددنـٰهم بفـٰكهة ولحم مما يشتهون,Tafsir text placeholder for verse 52:22
52:23,يتنـٰزعون فيها كاسا لا لغو فيها ولا تاثيم,Tafsir text placeholder for verse 52:23
52:24,ويطوف عليهم غلمان لهم كانهم لؤلؤ مكنون,Tafsir text placeholder for verse 52:24
52:25,واقبل بعضهم علىٰ بعض يتساءلون,Tafsir text placeholder for verse 52:25
52:26,قالوا انا كنا قبل فى اهلنا مشفقين,Tafsir text placeholder for verse 52:26
52:27,فمن الله علينا ووقىٰنا عذاب السموم,Tafsir text placeholder for verse 52:27
52:28,انا كنا من قبل ندعوه ۖ انه هو البر الرحيم,Tafsir text placeholder for verse 52:28
52:29,فذكر فما انت بنعمت ربك بكاهن ولا مجنون,Tafsir text placeholder for verse 52:29
52:30,ام يقولون شاعر نتربص به ريب المنون,Tafsir text placeholder for verse 52:30
52:31,قل تربصوا فانى معكم من المتربصين,Tafsir text placeholder for verse 52:31
52:32,ام تامرهم احلـٰمهم بهـٰذا ۚ ام هم قوم طاغون,Tafsir text placeholder for verse 52:32
52:33,ام يقولون تقوله ۚ بل لا يؤمنون,Tafsir text placeholder for verse 52:33
52:34,فلياتوا بحديث مثله ان كانوا صـٰدقين,Tafsir text placeholder for verse 52:34
52:35,ام خلقوا من غير شىء ام هم الخـٰلقون,Tafsir text placeholder for verse 52:35
52:36,ام خلقوا السمـٰوٰت والارض ۚ بل لا يوقنون,Tafsir text placeholder for verse 52:36
52:37,ام عندهم خزائن ربك ام هم المصۣيطرون,Tafsir text placeholder for verse 52:37
52:38,ام لهم سلم يستمعون فيه ۖ فليات مستمعهم بسلطـٰن مبين,Tafsir text placeholder for verse 52:38
52:39,ام له البنـٰت ولكم البنون,Tafsir text placeholder for verse 52:39
52:40,ام تسـٔلهم اجرا فهم من مغرم مثقلون,Tafsir text placeholder for verse 52:40
52:41,ام عندهم الغيب فهم يكتبون,Tafsir text placeholder for verse 52:41
52:42,ام يريدون كيدا ۖ فالذين كفروا هم المكيدون,Tafsir text placeholder for verse 52:42
52:43,ام لهم الـٰه غير الله ۚ سبحـٰن الله عما يشركون,Tafsir text placeholder for verse 52:43
52:44,وان يروا كسفا من السماء ساقطا يقولوا سحاب مركوم,Tafsir text placeholder for verse 52:44
52:45,فذرهم حتىٰ يلـٰقوا يومهم الذى فيه يصعقون,Tafsir text placeholder for verse 52:45
52:46,يوم لا يغنى عنهم كيدهم شيـٔا ولا هم ينصرون,Tafsir text placeholder for verse 52:46
52:47,وان للذين ظلموا عذابا دون ذٰلك ولـٰكن اكثرهم لا يعلمون,Tafsir text placeholder for verse 52:47
52:48,واصبر لحكم ربك فانك باعيننا ۖ وسبح بحمد ربك حين تقوم,Tafsir text placeholder for verse 52:48
52:49,ومن اليل فسبحه وادبـٰر النجوم,Tafsir text placeholder for verse 52:49
53:1,والنجم اذا هوىٰ,Tafsir text placeholder for verse 53:1
53:2,ما ضل صاحبكم وما غوىٰ,Tafsir text placeholder for verse 53:2
53:3,وما ينطق عن الهوىٰ,Tafsir text placeholder for verse 53:3
53:4,ان هو الا وحى يوحىٰ,Tafsir text placeholder for verse 53:4
53:5,علمه شديد القوىٰ,Tafsir text placeholder for verse 53:5
53:6,ذو مرة فاستوىٰ,Tafsir text placeholder for verse 53:6
53:7,وهو بالافق الاعلىٰ,Tafsir text placeholder for verse 53:7
53:8,ثم دنا فتدلىٰ,Tafsir text placeholder for verse 53:8
53:9,فكان قاب قوسين او ادنىٰ,Tafsir text placeholder for verse 53:9
53:10,فاوحىٰ الىٰ عبده ما اوحىٰ,Tafsir text placeholder for verse 53:10
53:11,ما كذب الفؤاد ما راىٰ,Tafsir text placeholder for verse 53:11
53:12,افتمـٰرونه علىٰ ما يرىٰ,Tafsir text placeholder for verse 53:12
53:13,ولقد رءاه نزلة اخرىٰ,Tafsir text placeholder for verse 53:13
53:14,عند سدرة المنتهىٰ,Tafsir text placeholder for verse 53:14
53:15,عندها جنة الماوىٰ,Tafsir text placeholder for verse 53:15
53:16,اذ يغشى السدرة ما يغشىٰ,Tafsir text placeholder for verse 53:16
53:17,ما زاغ البصر وما طغىٰ,Tafsir text placeholder for verse 53:17
53:18,لقد راىٰ من ءايـٰت ربه الكبرىٰ,Tafsir text placeholder for verse 53:18
53:19,افرءيتم اللـٰت والعزىٰ,Tafsir text placeholder for verse 53:19
53:20,ومنوٰة الثالثة الاخرىٰ,Tafsir text placeholder for verse 53:20
53:21,الكم الذكر وله الانثىٰ,Tafsir text placeholder for verse 53:21
53:22,تلك اذا قسمة ضيزىٰ,Tafsir text placeholder for verse 53:22
53:23,ان هى الا اسماء سميتموها انتم وءاباؤكم ما انزل الله بها من سلطـٰن ۚ ان يتبعون الا الظن وما تهوى الانفس ۖ ولقد جاءهم من ربهم الهدىٰ,Tafsir text placeholder for verse 53:23
53:24,ام للانسـٰن ما تمنىٰ,Tafsir text placeholder for verse 53:24
53:25,فلله الـٔاخرة والاولىٰ,Tafsir text placeholder for verse 53:25
53:26,وكم من ملك فى السمـٰوٰت لا تغنى شفـٰعتهم شيـٔا الا من بعد ان ياذن الله لمن يشاء ويرضىٰ,Tafsir text placeholder for verse 53:26
53:27,ان الذين لا يؤمنون بالـٔاخرة ليسمون الملـٰئكة تسمية الانثىٰ,Tafsir text placeholder for verse 53:27
53:28,وما لهم به من علم ۖ ان يتبعون الا الظن ۖ وان الظن لا يغنى من الحق شيـٔا,Tafsir text placeholder for verse 53:28
53:29,فاعرض عن من تولىٰ عن ذكرنا ولم يرد الا الحيوٰة الدنيا,Tafsir text placeholder for verse 53:29
53:30,ذٰلك مبلغهم من العلم ۚ ان ربك هو اعلم بمن ضل عن سبيله وهو اعلم بمن اهتدىٰ,Tafsir text placeholder for verse 53:30
53:31,ولله ما فى السمـٰوٰت وما فى الارض ليجزى الذين اسـٰـٔوا بما عملوا ويجزى الذين احسنوا بالحسنى,Tafsir text placeholder for verse 53:31
53:32,الذين يجتنبون كبـٰئر الاثم والفوٰحش الا اللمم ۚ ان ربك وٰسع المغفرة ۚ هو اعلم بكم اذ انشاكم من الارض واذ انتم اجنة فى بطون امهـٰتكم ۖ فلا تزكوا انفسكم ۖ هو اعلم بمن اتقىٰ,Tafsir text placeholder for verse 53:32
53:33,افرءيت الذى تولىٰ,Tafsir text placeholder for verse 53:33
53:34,واعطىٰ قليلا واكدىٰ,Tafsir text placeholder for verse 53:34
53:35,اعنده علم الغيب فهو يرىٰ,Tafsir text placeholder for verse 53:35
53:36,ام لم ينبا بما فى صحف موسىٰ,Tafsir text placeholder for verse 53:36
53:37,وابرٰهيم الذى وفىٰ,Tafsir text placeholder for verse 53:37
53:38,الا تزر وازرة وزر اخرىٰ,Tafsir text placeholder for verse 53:38
53:39,وان ليس للانسـٰن الا ما سعىٰ,Tafsir text placeholder for verse 53:39
53:40,وان سعيه سوف يرىٰ,Tafsir text placeholder for verse 53:40
53:41,ثم يجزىٰه الجزاء الاوفىٰ,Tafsir text placeholder for verse 53:41
53:42,وان الىٰ ربك المنتهىٰ,Tafsir text placeholder for verse 53:42
53:43,وانه هو اضحك وابكىٰ,Tafsir text placeholder for verse 53:43
53:44,وانه هو امات واحيا,Tafsir text placeholder for verse 53:44
53:45,وانه خلق الزوجين الذكر والانثىٰ,Tafsir text placeholder for verse 53:45
53:46,من نطفة اذا تمنىٰ,Tafsir text placeholder for verse 53:46
53:47,وان عليه النشاة الاخرىٰ,Tafsir text placeholder for verse 53:47
53:48,وانه هو اغنىٰ واقنىٰ,Tafsir text placeholder for verse 53:48
53:49,وانه هو رب الشعرىٰ,Tafsir text placeholder for verse 53:49
53:50,وانه اهلك عادا الاولىٰ,Tafsir text placeholder for verse 53:50
53:51,وثمودا۟ فما ابقىٰ,Tafsir text placeholder for verse 53:51
53:52,وقوم نوح من قبل ۖ انهم كانوا هم اظلم واطغىٰ,Tafsir text placeholder for verse 53:52
53:53,والمؤتفكة اهوىٰ,Tafsir text placeholder for verse 53:53
53:54,فغشىٰها ما غشىٰ,Tafsir text placeholder for verse 53:54
53:55,فباى ءالاء ربك تتمارىٰ,Tafsir text placeholder for verse 53:55
53:56,هـٰذا نذير من النذر الاولىٰ,Tafsir text placeholder for verse 53:56
53:57,ازفت الـٔازفة,Tafsir text placeholder for verse 53:57
53:58,ليس لها من دون الله كاشفة,Tafsir text placeholder for verse 53:58
53:59,افمن هـٰذا الحديث تعجبون,Tafsir text placeholder for verse 53:59
53:60,وتضحكون ولا تبكون,Tafsir text placeholder for verse 53:60
53:61,وانتم سـٰمدون,Tafsir text placeholder for verse 53:61
53:62,فاسجدوا لله واعبدوا ۩,Tafsir text placeholder for verse 53:62
54:1,اقتربت الساعة وانشق القمر,Tafsir text placeholder for verse 54:1
54:2,وان يروا ءاية يعرضوا ويقولوا سحر مستمر,Tafsir text placeholder for verse 54:2
54:3,وكذبوا واتبعوا اهواءهم ۚ وكل امر مستقر,Tafsir text placeholder for verse 54:3
54:4,ولقد جاءهم من الانباء ما فيه مزدجر,Tafsir text placeholder for verse 54:4
54:5,حكمة بـٰلغة ۖ فما تغن النذر,Tafsir text placeholder for verse 54:5
54:6,فتول عنهم ۘ يوم يدع الداع الىٰ شىء نكر,Tafsir text placeholder for verse 54:6
54:7,خشعا ابصـٰرهم يخرجون من الاجداث كانهم جراد منتشر,Tafsir text placeholder for verse 54:7
54:8,مهطعين الى الداع ۖ يقول الكـٰفرون هـٰذا يوم عسر,Tafsir text placeholder for verse 54:8
54:9,كذبت قبلهم قوم نوح فكذبوا عبدنا وقالوا مجنون وازدجر,Tafsir text placeholder for verse 54:9
54:10,فدعا ربه انى مغلوب فانتصر,Tafsir text placeholder for verse 54:10
54:11,ففتحنا ابوٰب السماء بماء منهمر,Tafsir text placeholder for verse 54:11
54:12,وفجرنا الارض عيونا فالتقى الماء علىٰ امر قد قدر,Tafsir text placeholder for verse 54:12
54:13,وحملنـٰه علىٰ ذات الوٰح ودسر,Tafsir text placeholder for verse 54:13
54:14,تجرى باعيننا جزاء لمن كان كفر,Tafsir text placeholder for verse 54:14
54:15,ولقد تركنـٰها ءاية فهل من مدكر,Tafsir text placeholder for verse 54:15
54:16,فكيف كان عذابى ونذر,Tafsir text placeholder for verse 54:16
54:17,ولقد يسرنا القرءان للذكر فهل من مدكر,Tafsir text placeholder for verse 54:17
54:18,كذبت عاد فكيف كان عذابى ونذر,Tafsir text placeholder for verse 54:18
54:19,انا ارسلنا عليهم ريحا صرصرا فى يوم نحس مستمر,Tafsir text placeholder for verse 54:19
54:20,تنزع الناس كانهم اعجاز نخل منقعر,Tafsir text placeholder for verse 54:20
54:21,فكيف كان عذابى ونذر,Tafsir text placeholder for verse 54:21
54:22,ولقد يسرنا القرءان للذكر فهل من مدكر,Tafsir text placeholder for verse 54:22
54:23,كذبت ثمود بالنذر,Tafsir text placeholder for verse 54:23
54:24,فقالوا ابشرا منا وٰحدا نتبعه انا اذا لفى ضلـٰل وسعر,Tafsir text placeholder for verse 54:24
54:25,اءلقى الذكر عليه من بيننا بل هو كذاب اشر,Tafsir text placeholder for verse 54:25
54:26,سيعلمون غدا من الكذاب الاشر,Tafsir text placeholder for verse 54:26
54:27,انا مرسلوا الناقة فتنة لهم فارتقبهم واصطبر,Tafsir text placeholder for verse 54:27
54:28,ونبئهم ان الماء قسمة بينهم ۖ كل شرب محتضر,Tafsir text placeholder for verse 54:28
54:29,فنادوا صاحبهم فتعاطىٰ فعقر,Tafsir text placeholder for verse 54:29
54:30,فكيف كان عذابى ونذر,Tafsir text placeholder for verse 54:30
54:31,انا ارسلنا عليهم صيحة وٰحدة فكانوا كهشيم المحتظر,Tafsir text placeholder for verse 54:31
54:32,ولقد يسرنا القرءان للذكر فهل من مدكر,Tafsir text placeholder for verse 54:32
54:33,كذبت قوم لوط بالنذر,Tafsir text placeholder for verse 54:33
54:34,انا ارسلنا عليهم حاصبا الا ءال لوط ۖ نجينـٰهم بسحر,Tafsir text placeholder for verse 54:34
54:35,نعمة من عندنا ۚ كذٰلك نجزى من شكر,Tafsir text placeholder for verse 54:35
54:36,ولقد انذرهم بطشتنا فتماروا بالنذر,Tafsir text placeholder for verse 54:36
54:37,ولقد رٰودوه عن ضيفه فطمسنا اعينهم فذوقوا عذابى ونذر,Tafsir text placeholder for verse 54:37
54:38,ولقد صبحهم بكرة عذاب مستقر,Tafsir text placeholder for verse 54:38
54:39,فذوقوا عذابى ونذر,Tafsir text placeholder for verse 54:39
54:40,ولقد يسرنا القرءان للذكر فهل من مدكر,Tafsir text placeholder for verse 54:40
54:41,ولقد جاء ءال فرعون النذر,Tafsir text placeholder for verse 54:41
54:42,كذبوا بـٔايـٰتنا كلها فاخذنـٰهم اخذ عزيز مقتدر,Tafsir text placeholder for verse 54:42
54:43,اكفاركم خير من اولـٰئكم ام لكم براءة فى الزبر,Tafsir text placeholder for verse 54:43
54:44,ام يقولون نحن جميع منتصر,Tafsir text placeholder for verse 54:44
54:45,سيهزم الجمع ويولون الدبر,Tafsir text placeholder for verse 54:45
54:46,بل الساعة موعدهم والساعة ادهىٰ وامر,Tafsir text placeholder for verse 54:46
54:47,ان المجرمين فى ضلـٰل وسعر,Tafsir text placeholder for verse 54:47
54:48,يوم يسحبون فى النار علىٰ وجوههم ذوقوا مس سقر,Tafsir text placeholder for verse 54:48
54:49,انا كل شىء خلقنـٰه بقدر,Tafsir text placeholder for verse 54:49
54:50,وما امرنا الا وٰحدة كلمح بالبصر,Tafsir text placeholder for verse 54:50
54:51,ولقد اهلكنا اشياعكم فهل من مدكر,Tafsir text placeholder for verse 54:51
54:52,وكل شىء فعلوه فى الزبر,Tafsir text placeholder for verse 54:52
54:53,وكل صغير وكبير مستطر,Tafsir text placeholder for verse 54:53
54:54,ان المتقين فى جنـٰت ونهر,Tafsir text placeholder for verse 54:54
54:55,فى مقعد صدق عند مليك مقتدر,Tafsir text placeholder for verse 54:55
55:1,الرحمـٰن,Tafsir text placeholder for verse 55:1
55:2,علم القرءان,Tafsir text placeholder for verse 55:2
55:3,خلق الانسـٰن,Tafsir text placeholder for verse 55:3
55:4,علمه البيان,Tafsir text placeholder for verse 55:4
55:5,الشمس والقمر بحسبان,Tafsir text placeholder for verse 55:5
55:6,والنجم والشجر يسجدان,Tafsir text placeholder for verse 55:6
55:7,والسماء رفعها ووضع الميزان,Tafsir text placeholder for verse 55:7
55:8,الا تطغوا فى الميزان,Tafsir text placeholder for verse 55:8
55:9,واقيموا الوزن بالقسط ولا تخسروا الميزان,Tafsir text placeholder for verse 55:9
55:10,والارض وضعها للانام,Tafsir text placeholder for verse 55:10
55:11,فيها فـٰكهة والنخل ذات الاكمام,Tafsir text placeholder for verse 55:11
55:12,والحب ذو العصف والريحان,Tafsir text placeholder for verse 55:12
55:13,فباى ءالاء ربكما تكذبان,Tafsir text placeholder for verse 55:13
55:14,خلق الانسـٰن من صلصـٰل كالفخار,Tafsir text placeholder for verse 55:14
55:15,وخلق الجان من مارج من نار,Tafsir text placeholder for verse 55:15
55:16,فباى ءالاء ربكما تكذبان,Tafsir text placeholder for verse 55:16
55:17,رب المشرقين ورب المغربين,Tafsir text placeholder for verse 55:17
55:18,فباى ءالاء ربكما تكذبان,Tafsir text placeholder for verse 55:18
55:19,مرج البحرين يلتقيان,Tafsir text placeholder for verse 55:19
55:20,بينهما برزخ لا يبغيان,Tafsir text placeholder for verse 55:20
55:21,فباى ءالاء ربكما تكذبان,Tafsir text placeholder for verse 55:21
55:22,يخرج منهما اللؤلؤ والمرجان,Tafsir text placeholder for verse 55:22
55:23,فباى ءالاء ربكما تكذبان,Tafsir text placeholder for verse 55:23
55:24,وله الجوار المنشـٔات فى البحر كالاعلـٰم,Tafsir text placeholder for verse 55:24
55:25,فباى ءالاء ربكما تكذبان,Tafsir text placeholder for verse 55:25
55:26,كل من عليها فان,Tafsir text placeholder for verse 55:26
55:27,ويبقىٰ وجه ربك ذو الجلـٰل والاكرام,Tafsir text placeholder for verse 55:27
55:28,فباى ءالاء ربكما تكذبان,Tafsir text placeholder for verse 55:28
55:29,يسـٔله من فى السمـٰوٰت والارض ۚ كل يوم هو فى شان,Tafsir text placeholder for verse 55:29
55:30,فباى ءالاء ربكما تكذبان,Tafsir text placeholder for verse 55:30
55:31,سنفرغ لكم ايه الثقلان,Tafsir text placeholder for verse 55:31
55:32,فباى ءالاء ربكما تكذبان,Tafsir text placeholder for verse 55:32
55:33,يـٰمعشر الجن والانس ان استطعتم ان تنفذوا من اقطار السمـٰوٰت والارض فانفذوا ۚ لا تنفذون الا بسلطـٰن,Tafsir text placeholder for verse 55:33
55:34,فباى ءالاء ربكما تكذبان,Tafsir text placeholder for verse 55:34
55:35,يرسل عليكما شواظ من نار ونحاس فلا تنتصران,Tafsir text placeholder for verse 55:35
55:36,فباى ءالاء ربكما تكذبان,Tafsir text placeholder for verse 55:36
55:37,فاذا انشقت السماء فكانت وردة كالدهان,Tafsir text placeholder for verse 55:37
55:38,فباى ءالاء ربكما تكذبان,Tafsir text placeholder for verse 55:38
55:39,فيومئذ لا يسـٔل عن ذنبه انس ولا جان,Tafsir text placeholder for verse 55:39
55:40,فباى ءالاء ربكما تكذبان,Tafsir text placeholder for verse 55:40
55:41,يعرف المجرمون بسيمـٰهم فيؤخذ بالنوٰصى والاقدام,Tafsir text placeholder for verse 55:41
55:42,فباى ءالاء ربكما تكذبان,Tafsir text placeholder for verse 55:42
55:43,هـٰذه جهنم التى يكذب بها المجرمون,Tafsir text placeholder for verse 55:43
55:44,يطوفون بينها وبين حميم ءان,Tafsir text placeholder for verse 55:44
55:45,فباى ءالاء ربكما تكذبان,Tafsir text placeholder for verse 55:45
55:46,ولمن خاف مقام ربه جنتان,Tafsir text placeholder for verse 55:46
55:47,فباى ءالاء ربكما تكذبان,Tafsir text placeholder for verse 55:47
55:48,ذواتا افنان,Tafsir text placeholder for verse 55:48
55:49,فباى ءالاء ربكما تكذبان,Tafsir text placeholder for verse 55:49
55:50,فيهما عينان تجريان,Tafsir text placeholder for verse 55:50
55:51,فباى ءالاء ربكما تكذبان,Tafsir text placeholder for verse 55:51
55:52,فيهما من كل فـٰكهة زوجان,Tafsir text placeholder for verse 55:52
55:53,فباى ءالاء ربكما تكذبان,Tafsir text placeholder for verse 55:53
55:54,متكـٔين علىٰ فرش بطائنها من استبرق ۚ وجنى الجنتين دان,Tafsir text placeholder for verse 55:54
55:55,فباى ءالاء ربكما تكذبان,Tafsir text placeholder for verse 55:55
55:56,فيهن قـٰصرٰت الطرف لم يطمثهن انس قبلهم ولا جان,Tafsir text placeholder for verse 55:56
55:57,فباى ءالاء ربكما تكذبان,Tafsir text placeholder for verse 55:57
55:58,كانهن الياقوت والمرجان,Tafsir text placeholder for verse 55:58
55:59,فباى ءالاء ربكما تكذبان,Tafsir text placeholder for verse 55:59
55:60,هل جزاء الاحسـٰن الا الاحسـٰن,Tafsir text placeholder for verse 55:60
55:61,فباى ءالاء ربكما تكذبان,Tafsir text placeholder for verse 55:61
55:62,ومن دونهما جنتان,Tafsir text placeholder for verse 55:62
55:63,فباى ءالاء ربكما تكذبان,Tafsir text placeholder for verse 55:63
55:64,مدهامتان,Tafsir text placeholder for verse 55:64
55:65,فباى ءالاء ربكما تكذبان,Tafsir text placeholder for verse 55:65
55:66,فيهما عينان نضاختان,Tafsir text placeholder for verse 55:66
55:67,فباى ءالاء ربكما تكذبان,Tafsir text placeholder for verse 55:67
55:68,فيهما فـٰكهة ونخل ورمان,Tafsir text placeholder for verse 55:68
55:69,فباى ءالاء ربكما تكذبان,Tafsir text placeholder for verse 55:69
55:70,فيهن خيرٰت حسان,Tafsir text placeholder for verse 55:70
55:71,فباى ءالاء ربكما تكذبان,Tafsir text placeholder for verse 55:71
55:72,حور مقصورٰت فى الخيام,Tafsir text placeholder for verse 55:72
55:73,فباى ءالاء ربكما تكذبان,Tafsir text placeholder for verse 55:73
55:74,لم يطمثهن انس قبلهم ولا جان,Tafsir text placeholder for verse 55:74
55:75,فباى ءالاء ربكما تكذبان,Tafsir text placeholder for verse 55:75
55:76,متكـٔين علىٰ رفرف خضر وعبقرى حسان,Tafsir text placeholder for verse 55:76
55:77,فباى ءالاء ربكما تكذبان,Tafsir text placeholder for verse 55:77
55:78,تبـٰرك اسم ربك ذى الجلـٰل والاكرام,Tafsir text placeholder for verse 55:78
56:1,اذا وقعت الواقعة,Tafsir text placeholder for verse 56:1
56:2,ليس لوقعتها كاذبة,Tafsir text placeholder for verse 56:2
56:3,خافضة رافعة,Tafsir text placeholder for verse 56:3
56:4,اذا رجت الارض رجا,Tafsir text placeholder for verse 56:4
56:5,وبست الجبال بسا,Tafsir text placeholder for verse 56:5
56:6,فكانت هباء منبثا,Tafsir text placeholder for verse 56:6
56:7,وكنتم ازوٰجا ثلـٰثة,Tafsir text placeholder for verse 56:7
56:8,فاصحـٰب الميمنة ما اصحـٰب الميمنة,Tafsir text placeholder for verse 56:8
56:9,واصحـٰب المشـٔمة ما اصحـٰب المشـٔمة,Tafsir text placeholder for verse 56:9
56:10,والسـٰبقون السـٰبقون,Tafsir text placeholder for verse 56:10
56:11,اولـٰئك المقربون,Tafsir text placeholder for verse 56:11
56:12,فى جنـٰت النعيم,Tafsir text placeholder for verse 56:12
56:13,ثلة من الاولين,Tafsir text placeholder for verse 56:13
56:14,وقليل من الـٔاخرين,Tafsir text placeholder for verse 56:14
56:15,علىٰ سرر موضونة,Tafsir text placeholder for verse 56:15
56:16,متكـٔين عليها متقـٰبلين,Tafsir text placeholder for verse 56:16
56:17,يطوف عليهم ولدٰن مخلدون,Tafsir text placeholder for verse 56:17
56:18,باكواب واباريق وكاس من معين,Tafsir text placeholder for verse 56:18
56:19,لا يصدعون عنها ولا ينزفون,Tafsir text placeholder for verse 56:19
56:20,وفـٰكهة مما يتخيرون,Tafsir text placeholder for verse 56:20
56:21,ولحم طير مما يشتهون,Tafsir text placeholder for verse 56:21
56:22,وحور عين,Tafsir text placeholder for verse 56:22
56:23,كامثـٰل اللؤلؤ المكنون,Tafsir text placeholder for verse 56:23
56:24,جزاء بما كانوا يعملون,Tafsir text placeholder for verse 56:24
56:25,لا يسمعون فيها لغوا ولا تاثيما,Tafsir text placeholder for verse 56:25
56:26,الا قيلا سلـٰما سلـٰما,Tafsir text placeholder for verse 56:26
56:27,واصحـٰب اليمين ما اصحـٰب اليمين,Tafsir text placeholder for verse 56:27
56:28,فى سدر مخضود,Tafsir text placeholder for verse 56:28
56:29,وطلح منضود,Tafsir text placeholder for verse 56:29
56:30,وظل ممدود,Tafsir text placeholder for verse 56:30
56:31,وماء مسكوب,Tafsir text placeholder for verse 56:31
56:32,وفـٰكهة كثيرة,Tafsir text placeholder for verse 56:32
56:33,لا مقطوعة ولا ممنوعة,Tafsir text placeholder for verse 56:33
56:34,وفرش مرفوعة,Tafsir text placeholder for verse 56:34
56:35,انا انشانـٰهن انشاء,Tafsir text placeholder for verse 56:35
56:36,فجعلنـٰهن ابكارا,Tafsir text placeholder for verse 56:36
56:37,عربا اترابا,Tafsir text placeholder for verse 56:37
56:38,لاصحـٰب اليمين,Tafsir text placeholder for verse 56:38
56:39,ثلة من الاولين,Tafsir text placeholder for verse 56:39
56:40,وثلة من الـٔاخرين,Tafsir text placeholder for verse 56:40
56:41,واصحـٰب الشمال ما اصحـٰب الشمال,Tafsir text placeholder for verse 56:41
56:42,فى سموم وحميم,Tafsir text placeholder for verse 56:42
56:43,وظل من يحموم,Tafsir text placeholder for verse 56:43
56:44,لا بارد ولا كريم,Tafsir text placeholder for verse 56:44
56:45,انهم كانوا قبل ذٰلك مترفين,Tafsir text placeholder for verse 56:45
56:46,وكانوا يصرون على الحنث العظيم,Tafsir text placeholder for verse 56:46
56:47,وكانوا يقولون ائذا متنا وكنا ترابا وعظـٰما اءنا لمبعوثون,Tafsir text placeholder for verse 56:47
56:48,اوءاباؤنا الاولون,Tafsir text placeholder for verse 56:48
56:49,قل ان الاولين والـٔاخرين,Tafsir text placeholder for verse 56:49
56:50,لمجموعون الىٰ ميقـٰت يوم معلوم,Tafsir text placeholder for verse 56:50
56:51,ثم انكم ايها الضالون المكذبون,Tafsir text placeholder for verse 56:51
56:52,لـٔاكلون من شجر من زقوم,Tafsir text placeholder for verse 56:52
56:53,فمالـٔون منها البطون,Tafsir text placeholder for verse 56:53
56:54,فشـٰربون عليه من الحميم,Tafsir text placeholder for verse 56:54
56:55,فشـٰربون شرب الهيم,Tafsir text placeholder for verse 56:55
56:56,هـٰذا نزلهم يوم الدين,Tafsir text placeholder for verse 56:56
56:57,نحن خلقنـٰكم فلولا تصدقون,Tafsir text placeholder for verse 56:57
56:58,افرءيتم ما تمنون,Tafsir text placeholder for verse 56:58
56:59,ءانتم تخلقونه ام نحن الخـٰلقون,Tafsir text placeholder for verse 56:59
56:60,نحن قدرنا بينكم الموت وما نحن بمسبوقين,Tafsir text placeholder for verse 56:60
56:61,علىٰ ان نبدل امثـٰلكم وننشئكم فى ما لا تعلمون,Tafsir text placeholder for verse 56:61
56:62,ولقد علمتم النشاة الاولىٰ فلولا تذكرون,Tafsir text placeholder for verse 56:62
56:63,افرءيتم ما تحرثون,Tafsir text placeholder for verse 56:63
56:64,ءانتم تزرعونه ام نحن الزٰرعون,Tafsir text placeholder for verse 56:64
56:65,لو نشاء لجعلنـٰه حطـٰما فظلتم تفكهون,Tafsir text placeholder for verse 56:65
56:66,انا لمغرمون,Tafsir text placeholder for verse 56:66
56:67,بل نحن محرومون,Tafsir text placeholder for verse 56:67
56:68,افرءيتم الماء الذى تشربون,Tafsir text placeholder for verse 56:68
56:69,ءانتم انزلتموه من المزن ام نحن المنزلون,Tafsir text placeholder for verse 56:69
56:70,لو نشاء جعلنـٰه اجاجا فلولا تشكرون,Tafsir text placeholder for verse 56:70
56:71,افرءيتم النار التى تورون,Tafsir text placeholder for verse 56:71
56:72,ءانتم انشاتم شجرتها ام نحن المنشـٔون,Tafsir text placeholder for verse 56:72
56:73,نحن جعلنـٰها تذكرة ومتـٰعا للمقوين,Tafsir text placeholder for verse 56:73
56:74,فسبح باسم ربك العظيم,Tafsir text placeholder for verse 56:74
56:75,فلا اقسم بموٰقع النجوم,Tafsir text placeholder for verse 56:75
56:76,وانه لقسم لو تعلمون عظيم,Tafsir text placeholder for verse 56:76
56:77,انه لقرءان كريم,Tafsir text placeholder for verse 56:77
56:78,فى كتـٰب مكنون,Tafsir text placeholder for verse 56:78
56:79,لا يمسه الا المطهرون,Tafsir text placeholder for verse 56:79
56:80,تنزيل من رب العـٰلمين,Tafsir text placeholder for verse 56:80
56:81,افبهـٰذا الحديث انتم مدهنون,Tafsir text placeholder for verse 56:81
56:82,وتجعلون رزقكم انكم تكذبون,Tafsir text placeholder for verse 56:82
56:83,فلولا اذا بلغت الحلقوم,Tafsir text placeholder for verse 56:83
56:84,وانتم حينئذ تنظرون,Tafsir text placeholder for verse 56:84
56:85,ونحن اقرب اليه منكم ولـٰكن لا تبصرون,Tafsir text placeholder for verse 56:85
56:86,فلولا ان كنتم غير مدينين,Tafsir text placeholder for verse 56:86
56:87,ترجعونها ان كنتم صـٰدقين,Tafsir text placeholder for verse 56:87
56:88,فاما ان كان من المقربين,Tafsir text placeholder for verse 56:88
56:89,فروح وريحان وجنت نعيم,Tafsir text placeholder for verse 56:89
56:90,واما ان كان من اصحـٰب اليمين,Tafsir text placeholder for verse 56:90
56:91,فسلـٰم لك من اصحـٰب اليمين,Tafsir text placeholder for verse 56:91
56:92,واما ان كان من المكذبين الضالين,Tafsir text placeholder for verse 56:92
56:93,فنزل من حميم,Tafsir text placeholder for verse 56:93
56:94,وتصلية جحيم,Tafsir text placeholder for verse 56:94
56:95,ان هـٰذا لهو حق اليقين,Tafsir text placeholder for verse 56:95
56:96,فسبح باسم ربك العظيم,Tafsir text placeholder for verse 56:96
57:1,سبح لله ما فى السمـٰوٰت والارض ۖ وهو العزيز الحكيم,Tafsir text placeholder for verse 57:1
57:2,له ملك السمـٰوٰت والارض ۖ يحيۦ ويميت ۖ وهو علىٰ كل شىء قدير,Tafsir text placeholder for verse 57:2
57:3,هو الاول والـٔاخر والظـٰهر والباطن ۖ وهو بكل شىء عليم,Tafsir text placeholder for verse 57:3
57:4,هو الذى خلق السمـٰوٰت والارض فى ستة ايام ثم استوىٰ على العرش ۚ يعلم ما يلج فى الارض وما يخرج منها وما ينزل من السماء وما يعرج فيها ۖ وهو معكم اين ما كنتم ۚ والله بما تعملون بصير,Tafsir text placeholder for verse 57:4
57:5,له ملك السمـٰوٰت والارض ۚ والى الله ترجع الامور,Tafsir text placeholder for verse 57:5
57:6,يولج اليل فى النهار ويولج النهار فى اليل ۚ وهو عليم بذات الصدور,Tafsir text placeholder for verse 57:6
57:7,ءامنوا بالله ورسوله وانفقوا مما جعلكم مستخلفين فيه ۖ فالذين ءامنوا منكم وانفقوا لهم اجر كبير,Tafsir text placeholder for verse 57:7
57:8,وما لكم لا تؤمنون بالله ۙ والرسول يدعوكم لتؤمنوا بربكم وقد اخذ ميثـٰقكم ان كنتم مؤمنين,Tafsir text placeholder for verse 57:8
57:9,هو الذى ينزل علىٰ عبده ءايـٰت بينـٰت ليخرجكم من الظلمـٰت الى النور ۚ وان الله بكم لرءوف رحيم,Tafsir text placeholder for verse 57:9
57:10,وما لكم الا تنفقوا فى سبيل الله ولله ميرٰث السمـٰوٰت والارض ۚ لا يستوى منكم من انفق من قبل الفتح وقـٰتل ۚ اولـٰئك اعظم درجة من الذين انفقوا من بعد وقـٰتلوا ۚ وكلا وعد الله الحسنىٰ ۚ والله بما تعملون خبير,Tafsir text placeholder for verse 57:10
57:11,من ذا الذى يقرض الله قرضا حسنا فيضـٰعفه له وله اجر كريم,Tafsir text placeholder for verse 57:11
57:12,يوم ترى المؤمنين والمؤمنـٰت يسعىٰ نورهم بين ايديهم وبايمـٰنهم بشرىٰكم اليوم جنـٰت تجرى من تحتها الانهـٰر خـٰلدين فيها ۚ ذٰلك هو الفوز العظيم,Tafsir text placeholder for verse 57:12
57:13,يوم يقول المنـٰفقون والمنـٰفقـٰت للذين ءامنوا انظرونا نقتبس من نوركم قيل ارجعوا وراءكم فالتمسوا نورا فضرب بينهم بسور له باب باطنه فيه الرحمة وظـٰهره من قبله العذاب,Tafsir text placeholder for verse 57:13
57:14,ينادونهم الم نكن معكم ۖ قالوا بلىٰ ولـٰكنكم فتنتم انفسكم وتربصتم وارتبتم وغرتكم الامانى حتىٰ جاء امر الله وغركم بالله الغرور,Tafsir text placeholder for verse 57:14
57:15,فاليوم لا يؤخذ منكم فدية ولا من الذين كفروا ۚ ماوىٰكم النار ۖ هى مولىٰكم ۖ وبئس المصير,Tafsir text placeholder for verse 57:15
57:16,الم يان للذين ءامنوا ان تخشع قلوبهم لذكر الله وما نزل من الحق ولا يكونوا كالذين اوتوا الكتـٰب من قبل فطال عليهم الامد فقست قلوبهم ۖ وكثير منهم فـٰسقون,Tafsir text placeholder for verse 57:16
57:17,اعلموا ان الله يحى الارض بعد موتها ۚ قد بينا لكم الـٔايـٰت لعلكم تعقلون,Tafsir text placeholder for verse 57:17
57:18,ان المصدقين والمصدقـٰت واقرضوا الله قرضا حسنا يضـٰعف لهم ولهم اجر كريم,Tafsir text placeholder for verse 57:18
57:19,والذين ءامنوا بالله ورسله اولـٰئك هم الصديقون ۖ والشهداء عند ربهم لهم اجرهم ونورهم ۖ والذين كفروا وكذبوا بـٔايـٰتنا اولـٰئك اصحـٰب الجحيم,Tafsir text placeholder for verse 57:19
57:20,اعلموا انما الحيوٰة الدنيا لعب ولهو وزينة وتفاخر بينكم وتكاثر فى الاموٰل والاولـٰد ۖ كمثل غيث اعجب الكفار نباته ثم يهيج فترىٰه مصفرا ثم يكون حطـٰما ۖ وفى الـٔاخرة عذاب شديد ومغفرة من الله ورضوٰن ۚ وما الحيوٰة الدنيا الا متـٰع الغرور,Tafsir text placeholder for verse 57:20
57:21,سابقوا الىٰ مغفرة من ربكم وجنة عرضها كعرض السماء والارض اعدت للذين ءامنوا بالله ورسله ۚ ذٰلك فضل الله يؤتيه من يشاء ۚ والله ذو الفضل العظيم,Tafsir text placeholder for verse 57:21
57:22,ما اصاب من مصيبة فى الارض ولا فى انفسكم الا فى كتـٰب من قبل ان نبراها ۚ ان ذٰلك على الله يسير,Tafsir text placeholder for verse 57:22
57:23,لكيلا تاسوا علىٰ ما فاتكم ولا تفرحوا بما ءاتىٰكم ۗ والله لا يحب كل مختال فخور,Tafsir text placeholder for verse 57:23
57:24,الذين يبخلون ويامرون الناس بالبخل ۗ ومن يتول فان الله هو الغنى الحميد,Tafsir text placeholder for verse 57:24
57:25,لقد ارسلنا رسلنا بالبينـٰت وانزلنا معهم الكتـٰب والميزان ليقوم الناس بالقسط ۖ وانزلنا الحديد فيه باس شديد ومنـٰفع للناس وليعلم الله من ينصره ورسله بالغيب ۚ ان الله قوى عزيز,Tafsir text placeholder for verse 57:25
57:26,ولقد ارسلنا نوحا وابرٰهيم وجعلنا فى ذريتهما النبوة والكتـٰب ۖ فمنهم مهتد ۖ وكثير منهم فـٰسقون,Tafsir text placeholder for verse 57:26
57:27,ثم قفينا علىٰ ءاثـٰرهم برسلنا وقفينا بعيسى ابن مريم وءاتينـٰه الانجيل وجعلنا فى قلوب الذين اتبعوه رافة ورحمة ورهبانية ابتدعوها ما كتبنـٰها عليهم الا ابتغاء رضوٰن الله فما رعوها حق رعايتها ۖ فـٔاتينا الذين ءامنوا منهم اجرهم ۖ وكثير منهم فـٰسقون,Tafsir text placeholder for verse 57:27
57:28,يـٰايها الذين ءامنوا اتقوا الله وءامنوا برسوله يؤتكم كفلين من رحمته ويجعل لكم نورا تمشون به ويغفر لكم ۚ والله غفور رحيم,Tafsir text placeholder for verse 57:28
57:29,لئلا يعلم اهل الكتـٰب الا يقدرون علىٰ شىء من فضل الله ۙ وان الفضل بيد الله يؤتيه من يشاء ۚ والله ذو الفضل العظيم,Tafsir text placeholder for verse 57:29
58:1,قد سمع الله قول التى تجـٰدلك فى زوجها وتشتكى الى الله والله يسمع تحاوركما ۚ ان الله سميع بصير,Tafsir text placeholder for verse 58:1
58:2,الذين يظـٰهرون منكم من نسائهم ما هن امهـٰتهم ۖ ان امهـٰتهم الا الـٰـٔى ولدنهم ۚ وانهم ليقولون منكرا من القول وزورا ۚ وان الله لعفو غفور,Tafsir text placeholder for verse 58:2
58:3,والذين يظـٰهرون من نسائهم ثم يعودون لما قالوا فتحرير رقبة من قبل ان يتماسا ۚ ذٰلكم توعظون به ۚ والله بما تعملون خبير,Tafsir text placeholder for verse 58:3
58:4,فمن لم يجد فصيام شهرين متتابعين من قبل ان يتماسا ۖ فمن لم يستطع فاطعام ستين مسكينا ۚ ذٰلك لتؤمنوا بالله ورسوله ۚ وتلك حدود الله ۗ وللكـٰفرين عذاب اليم,Tafsir text placeholder for verse 58:4
58:5,ان الذين يحادون الله ورسوله كبتوا كما كبت الذين من قبلهم ۚ وقد انزلنا ءايـٰت بينـٰت ۚ وللكـٰفرين عذاب مهين,Tafsir text placeholder for verse 58:5
58:6,يوم يبعثهم الله جميعا فينبئهم بما عملوا ۚ احصىٰه الله ونسوه ۚ والله علىٰ كل شىء شهيد,Tafsir text placeholder for verse 58:6
58:7,الم تر ان الله يعلم ما فى السمـٰوٰت وما فى الارض ۖ ما يكون من نجوىٰ ثلـٰثة الا هو رابعهم ولا خمسة الا هو سادسهم ولا ادنىٰ من ذٰلك ولا اكثر الا هو معهم اين ما كانوا ۖ ثم ينبئهم بما عملوا يوم القيـٰمة ۚ ان الله بكل شىء عليم,Tafsir text placeholder for verse 58:7
58:8,الم تر الى الذين نهوا عن النجوىٰ ثم يعودون لما نهوا عنه ويتنـٰجون بالاثم والعدوٰن ومعصيت الرسول واذا جاءوك حيوك بما لم يحيك به الله ويقولون فى انفسهم لولا يعذبنا الله بما نقول ۚ حسبهم جهنم يصلونها ۖ فبئس المصير,Tafsir text placeholder for verse 58:8
58:9,يـٰايها الذين ءامنوا اذا تنـٰجيتم فلا تتنـٰجوا بالاثم والعدوٰن ومعصيت الرسول وتنـٰجوا بالبر والتقوىٰ ۖ واتقوا الله الذى اليه تحشرون,Tafsir text placeholder for verse 58:9
58:10,انما النجوىٰ من الشيطـٰن ليحزن الذين ءامنوا وليس بضارهم شيـٔا الا باذن الله ۚ وعلى الله فليتوكل المؤمنون,Tafsir text placeholder for verse 58:10
58:11,يـٰايها الذين ءامنوا اذا قيل لكم تفسحوا فى المجـٰلس فافسحوا يفسح الله لكم ۖ واذا قيل انشزوا فانشزوا يرفع الله الذين ءامنوا منكم والذين اوتوا العلم درجـٰت ۚ والله بما تعملون خبير,Tafsir text placeholder for verse 58:11
58:12,يـٰايها الذين ءامنوا اذا نـٰجيتم الرسول فقدموا بين يدى نجوىٰكم صدقة ۚ ذٰلك خير لكم واطهر ۚ فان لم تجدوا فان الله غفور رحيم,Tafsir text placeholder for verse 58:12
58:13,ءاشفقتم ان تقدموا بين يدى نجوىٰكم صدقـٰت ۚ فاذ لم تفعلوا وتاب الله عليكم فاقيموا الصلوٰة وءاتوا الزكوٰة واطيعوا الله ورسوله ۚ والله خبير بما تعملون,Tafsir text placeholder for verse 58:13
58:14,الم تر الى الذين تولوا قوما غضب الله عليهم ما هم منكم ولا منهم ويحلفون على الكذب وهم يعلمون,Tafsir text placeholder for verse 58:14
58:15,اعد الله لهم عذابا شديدا ۖ انهم ساء ما كانوا يعملون,Tafsir text placeholder for verse 58:15
58:16,اتخذوا ايمـٰنهم جنة فصدوا عن سبيل الله فلهم عذاب مهين,Tafsir text placeholder for verse 58:16
58:17,لن تغنى عنهم اموٰلهم ولا اولـٰدهم من الله شيـٔا ۚ اولـٰئك اصحـٰب النار ۖ هم فيها خـٰلدون,Tafsir text placeholder for verse 58:17
58:18,يوم يبعثهم الله جميعا فيحلفون له كما يحلفون لكم ۖ ويحسبون انهم علىٰ شىء ۚ الا انهم هم الكـٰذبون,Tafsir text placeholder for verse 58:18
58:19,استحوذ عليهم الشيطـٰن فانسىٰهم ذكر الله ۚ اولـٰئك حزب الشيطـٰن ۚ الا ان حزب الشيطـٰن هم الخـٰسرون,Tafsir text placeholder for verse 58:19
58:20,ان الذين يحادون الله ورسوله اولـٰئك فى الاذلين,Tafsir text placeholder for verse 58:20
58:21,كتب الله لاغلبن انا۠ ورسلى ۚ ان الله قوى عزيز,Tafsir text placeholder for verse 58:21
58:22,لا تجد قوما يؤمنون بالله واليوم الـٔاخر يوادون من حاد الله ورسوله ولو كانوا ءاباءهم او ابناءهم او اخوٰنهم او عشيرتهم ۚ اولـٰئك كتب فى قلوبهم الايمـٰن وايدهم بروح منه ۖ ويدخلهم جنـٰت تجرى من تحتها الانهـٰر خـٰلدين فيها ۚ رضى الله عنهم ورضوا عنه ۚ اولـٰئك حزب الله ۚ الا ان حزب الله هم المفلحون,Tafsir text placeholder for verse 58:22
59:1,سبح لله ما فى السمـٰوٰت وما فى الارض ۖ وهو العزيز الحكيم,Tafsir text placeholder for verse 59:1
59:2,هو الذى اخرج الذين كفروا من اهل الكتـٰب من ديـٰرهم لاول الحشر ۚ ما ظننتم ان يخرجوا ۖ وظنوا انهم مانعتهم حصونهم من الله فاتىٰهم الله من حيث لم يحتسبوا ۖ وقذف فى قلوبهم الرعب ۚ يخربون بيوتهم بايديهم وايدى المؤمنين فاعتبروا يـٰاولى الابصـٰر,Tafsir text placeholder for verse 59:2
59:3,ولولا ان كتب الله عليهم الجلاء لعذبهم فى الدنيا ۖ ولهم فى الـٔاخرة عذاب النار,Tafsir text placeholder for verse 59:3
59:4,ذٰلك بانهم شاقوا الله ورسوله ۖ ومن يشاق الله فان الله شديد العقاب,Tafsir text placeholder for verse 59:4
59:5,ما قطعتم من لينة او تركتموها قائمة علىٰ اصولها فباذن الله وليخزى الفـٰسقين,Tafsir text placeholder for verse 59:5
59:6,وما افاء الله علىٰ رسوله منهم فما اوجفتم عليه من خيل ولا ركاب ولـٰكن الله يسلط رسله علىٰ من يشاء ۚ والله علىٰ كل شىء قدير,Tafsir text placeholder for verse 59:6
59:7,ما افاء الله علىٰ رسوله من اهل القرىٰ فلله وللرسول ولذى القربىٰ واليتـٰمىٰ والمسـٰكين وابن السبيل كى لا يكون دولة بين الاغنياء منكم ۚ وما ءاتىٰكم الرسول فخذوه وما نهىٰكم عنه فانتهوا ۚ واتقوا الله ۖ ان الله شديد العقاب,Tafsir text placeholder for verse 59:7
59:8,للفقراء المهـٰجرين الذين اخرجوا من ديـٰرهم واموٰلهم يبتغون فضلا من الله ورضوٰنا وينصرون الله ورسوله ۚ اولـٰئك هم الصـٰدقون,Tafsir text placeholder for verse 59:8
59:9,والذين تبوءو الدار والايمـٰن من قبلهم يحبون من هاجر اليهم ولا يجدون فى صدورهم حاجة مما اوتوا ويؤثرون علىٰ انفسهم ولو كان بهم خصاصة ۚ ومن يوق شح نفسه فاولـٰئك هم المفلحون,Tafsir text placeholder for verse 59:9
59:10,والذين جاءو من بعدهم يقولون ربنا اغفر لنا ولاخوٰننا الذين سبقونا بالايمـٰن ولا تجعل فى قلوبنا غلا للذين ءامنوا ربنا انك رءوف رحيم,Tafsir text placeholder for verse 59:10
59:11,الم تر الى الذين نافقوا يقولون لاخوٰنهم الذين كفروا من اهل الكتـٰب لئن اخرجتم لنخرجن معكم ولا نطيع فيكم احدا ابدا وان قوتلتم لننصرنكم والله يشهد انهم لكـٰذبون,Tafsir text placeholder for verse 59:11
59:12,لئن اخرجوا لا يخرجون معهم ولئن قوتلوا لا ينصرونهم ولئن نصروهم ليولن الادبـٰر ثم لا ينصرون,Tafsir text placeholder for verse 59:12
59:13,لانتم اشد رهبة فى صدورهم من الله ۚ ذٰلك بانهم قوم لا يفقهون,Tafsir text placeholder for verse 59:13
59:14,لا يقـٰتلونكم جميعا الا فى قرى محصنة او من وراء جدر ۚ باسهم بينهم شديد ۚ تحسبهم جميعا وقلوبهم شتىٰ ۚ ذٰلك بانهم قوم لا يعقلون,Tafsir text placeholder for verse 59:14
59:15,كمثل الذين من قبلهم قريبا ۖ ذاقوا وبال امرهم ولهم عذاب اليم,Tafsir text placeholder for verse 59:15
59:16,كمثل الشيطـٰن اذ قال للانسـٰن اكفر فلما كفر قال انى برىء منك انى اخاف الله رب العـٰلمين,Tafsir text placeholder for verse 59:16
59:17,فكان عـٰقبتهما انهما فى النار خـٰلدين فيها ۚ وذٰلك جزٰؤا۟ الظـٰلمين,Tafsir text placeholder for verse 59:17
59:18,يـٰايها الذين ءامنوا اتقوا الله ولتنظر نفس ما قدمت لغد ۖ واتقوا الله ۚ ان الله خبير بما تعملون,Tafsir text placeholder for verse 59:18
59:19,ولا تكونوا كالذين نسوا الله فانسىٰهم انفسهم ۚ اولـٰئك هم الفـٰسقون,Tafsir text placeholder for verse 59:19
59:20,لا يستوى اصحـٰب النار واصحـٰب الجنة ۚ اصحـٰب الجنة هم الفائزون,Tafsir text placeholder for verse 59:20
59:21,لو انزلنا هـٰذا القرءان علىٰ جبل لرايته خـٰشعا متصدعا من خشية الله ۚ وتلك الامثـٰل نضربها للناس لعلهم يتفكرون,Tafsir text placeholder for verse 59:21
59:22,هو الله الذى لا الـٰه الا هو ۖ عـٰلم الغيب والشهـٰدة ۖ هو الرحمـٰن الرحيم,Tafsir text placeholder for verse 59:22
59:23,هو الله الذى لا الـٰه الا هو الملك القدوس السلـٰم المؤمن المهيمن العزيز الجبار المتكبر ۚ سبحـٰن الله عما يشركون,Tafsir text placeholder for verse 59:23
59:24,هو الله الخـٰلق البارئ المصور ۖ له الاسماء الحسنىٰ ۚ يسبح له ما فى السمـٰوٰت والارض ۖ وهو العزيز الحكيم,Tafsir text placeholder for verse 59:24
60:1,يـٰايها الذين ءامنوا لا تتخذوا عدوى وعدوكم اولياء تلقون اليهم بالمودة وقد كفروا بما جاءكم من الحق يخرجون الرسول واياكم ۙ ان تؤمنوا بالله ربكم ان كنتم خرجتم جهـٰدا فى سبيلى وابتغاء مرضاتى ۚ تسرون اليهم بالمودة وانا۠ اعلم بما اخفيتم وما اعلنتم ۚ ومن يفعله منكم فقد ضل سواء السبيل,Tafsir text placeholder for verse 60:1
60:2,ان يثقفوكم يكونوا لكم اعداء ويبسطوا اليكم ايديهم والسنتهم بالسوء وودوا لو تكفرون,Tafsir text placeholder for verse 60:2
60:3,لن تنفعكم ارحامكم ولا اولـٰدكم ۚ يوم القيـٰمة يفصل بينكم ۚ والله بما تعملون بصير,Tafsir text placeholder for verse 60:3
60:4,قد كانت لكم اسوة حسنة فى ابرٰهيم والذين معه اذ قالوا لقومهم انا برءٰؤا۟ منكم ومما تعبدون من دون الله كفرنا بكم وبدا بيننا وبينكم العدٰوة والبغضاء ابدا حتىٰ تؤمنوا بالله وحده الا قول ابرٰهيم لابيه لاستغفرن لك وما املك لك من الله من شىء ۖ ربنا عليك توكلنا واليك انبنا واليك المصير,Tafsir text placeholder for verse 60:4
60:5,ربنا لا تجعلنا فتنة للذين كفروا واغفر لنا ربنا ۖ انك انت العزيز الحكيم,Tafsir text placeholder for verse 60:5
60:6,لقد كان لكم فيهم اسوة حسنة لمن كان يرجوا الله واليوم الـٔاخر ۚ ومن يتول فان الله هو الغنى الحميد,Tafsir text placeholder for verse 60:6
60:7,عسى الله ان يجعل بينكم وبين الذين عاديتم منهم مودة ۚ والله قدير ۚ والله غفور رحيم,Tafsir text placeholder for verse 60:7
60:8,لا ينهىٰكم الله عن الذين لم يقـٰتلوكم فى الدين ولم يخرجوكم من ديـٰركم ان تبروهم وتقسطوا اليهم ۚ ان الله يحب المقسطين,Tafsir text placeholder for verse 60:8
60:9,انما ينهىٰكم الله عن الذين قـٰتلوكم فى الدين واخرجوكم من ديـٰركم وظـٰهروا علىٰ اخراجكم ان تولوهم ۚ ومن يتولهم فاولـٰئك هم الظـٰلمون,Tafsir text placeholder for verse 60:9
60:10,يـٰايها الذين ءامنوا اذا جاءكم المؤمنـٰت مهـٰجرٰت فامتحنوهن ۖ الله اعلم بايمـٰنهن ۖ فان علمتموهن مؤمنـٰت فلا ترجعوهن الى الكفار ۖ لا هن حل لهم ولا هم يحلون لهن ۖ وءاتوهم ما انفقوا ۚ ولا جناح عليكم ان تنكحوهن اذا ءاتيتموهن اجورهن ۚ ولا تمسكوا بعصم الكوافر وسـٔلوا ما انفقتم وليسـٔلوا ما انفقوا ۚ ذٰلكم حكم الله ۖ يحكم بينكم ۚ والله عليم حكيم,Tafsir text placeholder for verse 60:10
60:11,وان فاتكم شىء من ازوٰجكم الى الكفار فعاقبتم فـٔاتوا الذين ذهبت ازوٰجهم مثل ما انفقوا ۚ واتقوا الله الذى انتم به مؤمنون,Tafsir text placeholder for verse 60:11
60:12,يـٰايها النبى اذا جاءك المؤمنـٰت يبايعنك علىٰ ان لا يشركن بالله شيـٔا ولا يسرقن ولا يزنين ولا يقتلن اولـٰدهن ولا ياتين ببهتـٰن يفترينه بين ايديهن وارجلهن ولا يعصينك فى معروف ۙ فبايعهن واستغفر لهن الله ۖ ان الله غفور رحيم,Tafsir text placeholder for verse 60:12
60:13,يـٰايها الذين ءامنوا لا تتولوا قوما غضب الله عليهم قد يئسوا من الـٔاخرة كما يئس الكفار من اصحـٰب القبور,Tafsir text placeholder for verse 60:13
61:1,سبح لله ما فى السمـٰوٰت وما فى الارض ۖ وهو العزيز الحكيم,Tafsir text placeholder for verse 61:1
61:2,يـٰايها الذين ءامنوا لم تقولون ما لا تفعلون,Tafsir text placeholder for verse 61:2
61:3,كبر مقتا عند الله ان تقولوا ما لا تفعلون,Tafsir text placeholder for verse 61:3
61:4,ان الله يحب الذين يقـٰتلون فى سبيله صفا كانهم بنيـٰن مرصوص,Tafsir text placeholder for verse 61:4
61:5,واذ قال موسىٰ لقومه يـٰقوم لم تؤذوننى وقد تعلمون انى رسول الله اليكم ۖ فلما زاغوا ازاغ الله قلوبهم ۚ والله لا يهدى القوم الفـٰسقين,Tafsir text placeholder for verse 61:5
61:6,واذ قال عيسى ابن مريم يـٰبنى اسرٰءيل انى رسول الله اليكم مصدقا لما بين يدى من التورىٰة ومبشرا برسول ياتى من بعدى اسمه احمد ۖ فلما جاءهم بالبينـٰت قالوا هـٰذا سحر مبين,Tafsir text placeholder for verse 61:6
61:7,ومن اظلم ممن افترىٰ على الله الكذب وهو يدعىٰ الى الاسلـٰم ۚ والله لا يهدى القوم الظـٰلمين,Tafsir text placeholder for verse 61:7
61:8,يريدون ليطفـٔوا نور الله بافوٰههم والله متم نوره ولو كره الكـٰفرون,Tafsir text placeholder for verse 61:8
61:9,هو الذى ارسل رسوله بالهدىٰ ودين الحق ليظهره على الدين كله ولو كره المشركون,Tafsir text placeholder for verse 61:9
61:10,يـٰايها الذين ءامنوا هل ادلكم علىٰ تجـٰرة تنجيكم من عذاب اليم,Tafsir text placeholder for verse 61:10
61:11,تؤمنون بالله ورسوله وتجـٰهدون فى سبيل الله باموٰلكم وانفسكم ۚ ذٰلكم خير لكم ان كنتم تعلمون,Tafsir text placeholder for verse 61:11
61:12,يغفر لكم ذنوبكم ويدخلكم جنـٰت تجرى من تحتها الانهـٰر ومسـٰكن طيبة فى جنـٰت عدن ۚ ذٰلك الفوز العظيم,Tafsir text placeholder for verse 61:12
61:13,واخرىٰ تحبونها ۖ نصر من الله وفتح قريب ۗ وبشر المؤمنين,Tafsir text placeholder for verse 61:13
61:14,يـٰايها الذين ءامنوا كونوا انصار الله كما قال عيسى ابن مريم للحواريـۧن من انصارى الى الله ۖ قال الحواريون نحن انصار الله ۖ فـٔامنت طائفة من بنى اسرٰءيل وكفرت طائفة ۖ فايدنا الذين ءامنوا علىٰ عدوهم فاصبحوا ظـٰهرين,Tafsir text placeholder for verse 61:14
62:1,يسبح لله ما فى السمـٰوٰت وما فى الارض الملك القدوس العزيز الحكيم,Tafsir text placeholder for verse 62:1
62:2,هو الذى بعث فى الاميـۧن رسولا منهم يتلوا عليهم ءايـٰته ويزكيهم ويعلمهم الكتـٰب والحكمة وان كانوا من قبل لفى ضلـٰل مبين,Tafsir text placeholder for verse 62:2
62:3,وءاخرين منهم لما يلحقوا بهم ۚ وهو العزيز الحكيم,Tafsir text placeholder for verse 62:3
62:4,ذٰلك فضل الله يؤتيه من يشاء ۚ والله ذو الفضل العظيم,Tafsir text placeholder for verse 62:4
62:5,مثل الذين حملوا التورىٰة ثم لم يحملوها كمثل الحمار يحمل اسفارا ۚ بئس مثل القوم الذين كذبوا بـٔايـٰت الله ۚ والله لا يهدى القوم الظـٰلمين,Tafsir text placeholder for verse 62:5
62:6,قل يـٰايها الذين هادوا ان زعمتم انكم اولياء لله من دون الناس فتمنوا الموت ان كنتم صـٰدقين,Tafsir text placeholder for verse 62:6
62:7,ولا يتمنونه ابدا بما قدمت ايديهم ۚ والله عليم بالظـٰلمين,Tafsir text placeholder for verse 62:7
62:8,قل ان الموت الذى تفرون منه فانه ملـٰقيكم ۖ ثم تردون الىٰ عـٰلم الغيب والشهـٰدة فينبئكم بما كنتم تعملون,Tafsir text placeholder for verse 62:8
62:9,يـٰايها الذين ءامنوا اذا نودى للصلوٰة من يوم الجمعة فاسعوا الىٰ ذكر الله وذروا البيع ۚ ذٰلكم خير لكم ان كنتم تعلمون,Tafsir text placeholder for verse 62:9
62:10,فاذا قضيت الصلوٰة فانتشروا فى الارض وابتغوا من فضل الله واذكروا الله كثيرا لعلكم تفلحون,Tafsir text placeholder for verse 62:10
62:11,واذا راوا تجـٰرة او لهوا انفضوا اليها وتركوك قائما ۚ قل ما عند الله خير من اللهو ومن التجـٰرة ۚ والله خير الرٰزقين,Tafsir text placeholder for verse 62:11
63:1,اذا جاءك المنـٰفقون قالوا نشهد انك لرسول الله ۗ والله يعلم انك لرسوله والله يشهد ان المنـٰفقين لكـٰذبون,Tafsir text placeholder for verse 63:1
63:2,اتخذوا ايمـٰنهم جنة فصدوا عن سبيل الله ۚ انهم ساء ما كانوا يعملون,Tafsir text placeholder for verse 63:2
63:3,ذٰلك بانهم ءامنوا ثم كفروا فطبع علىٰ قلوبهم فهم لا يفقهون,Tafsir text placeholder for verse 63:3
63:4,واذا رايتهم تعجبك اجسامهم ۖ وان يقولوا تسمع لقولهم ۖ كانهم خشب مسندة ۖ يحسبون كل صيحة عليهم ۚ هم العدو فاحذرهم ۚ قـٰتلهم الله ۖ انىٰ يؤفكون,Tafsir text placeholder for verse 63:4
63:5,واذا قيل لهم تعالوا يستغفر لكم رسول الله لووا رءوسهم ورايتهم يصدون وهم مستكبرون,Tafsir text placeholder for verse 63:5
63:6,سواء عليهم استغفرت لهم ام لم تستغفر لهم لن يغفر الله لهم ۚ ان الله لا يهدى القوم الفـٰسقين,Tafsir text placeholder for verse 63:6
63:7,هم الذين يقولون لا تنفقوا علىٰ من عند رسول الله حتىٰ ينفضوا ۗ ولله خزائن السمـٰوٰت والارض ولـٰكن المنـٰفقين لا يفقهون,Tafsir text placeholder for verse 63:7
63:8,يقولون لئن رجعنا الى المدينة ليخرجن الاعز منها الاذل ۚ ولله العزة ولرسوله وللمؤمنين ولـٰكن المنـٰفقين لا يعلمون,Tafsir text placeholder for verse 63:8
63:9,يـٰايها الذين ءامنوا لا تلهكم اموٰلكم ولا اولـٰدكم عن ذكر الله ۚ ومن يفعل ذٰلك فاولـٰئك هم الخـٰسرون,Tafsir text placeholder for verse 63:9
63:10,وانفقوا من ما رزقنـٰكم من قبل ان ياتى احدكم الموت فيقول رب لولا اخرتنى الىٰ اجل قريب فاصدق واكن من الصـٰلحين,Tafsir text placeholder for verse 63:10
63:11,ولن يؤخر الله نفسا اذا جاء اجلها ۚ والله خبير بما تعملون,Tafsir text placeholder for verse 63:11
64:1,يسبح لله ما فى السمـٰوٰت وما فى الارض ۖ له الملك وله الحمد ۖ وهو علىٰ كل شىء قدير,Tafsir text placeholder for verse 64:1
64:2,هو الذى خلقكم فمنكم كافر ومنكم مؤمن ۚ والله بما تعملون بصير,Tafsir text placeholder for verse 64:2
64:3,خلق السمـٰوٰت والارض بالحق وصوركم فاحسن صوركم ۖ واليه المصير,Tafsir text placeholder for verse 64:3
64:4,يعلم ما فى السمـٰوٰت والارض ويعلم ما تسرون وما تعلنون ۚ والله عليم بذات الصدور,Tafsir text placeholder for verse 64:4
64:5,الم ياتكم نبؤا۟ الذين كفروا من قبل فذاقوا وبال امرهم ولهم عذاب اليم,Tafsir text placeholder for verse 64:5
64:6,ذٰلك بانه كانت تاتيهم رسلهم بالبينـٰت فقالوا ابشر يهدوننا فكفروا وتولوا ۚ واستغنى الله ۚ والله غنى حميد,Tafsir text placeholder for verse 64:6
64:7,زعم الذين كفروا ان لن يبعثوا ۚ قل بلىٰ وربى لتبعثن ثم لتنبؤن بما عملتم ۚ وذٰلك على الله يسير,Tafsir text placeholder for verse 64:7
64:8,فـٔامنوا بالله ورسوله والنور الذى انزلنا ۚ والله بما تعملون خبير,Tafsir text placeholder for verse 64:8
64:9,يوم يجمعكم ليوم الجمع ۖ ذٰلك يوم التغابن ۗ ومن يؤمن بالله ويعمل صـٰلحا يكفر عنه سيـٔاته ويدخله جنـٰت تجرى من تحتها الانهـٰر خـٰلدين فيها ابدا ۚ ذٰلك الفوز العظيم,Tafsir text placeholder for verse 64:9
64:10,والذين كفروا وكذبوا بـٔايـٰتنا اولـٰئك اصحـٰب النار خـٰلدين فيها ۖ وبئس المصير,Tafsir text placeholder for verse 64:10
64:11,ما اصاب من مصيبة الا باذن الله ۗ ومن يؤمن بالله يهد قلبه ۚ والله بكل شىء عليم,Tafsir text placeholder for verse 64:11
64:12,واطيعوا الله واطيعوا الرسول ۚ فان توليتم فانما علىٰ رسولنا البلـٰغ المبين,Tafsir text placeholder for verse 64:12
64:13,الله لا الـٰه الا هو ۚ وعلى الله فليتوكل المؤمنون,Tafsir text placeholder for verse 64:13
64:14,يـٰايها الذين ءامنوا ان من ازوٰجكم واولـٰدكم عدوا لكم فاحذروهم ۚ وان تعفوا وتصفحوا وتغفروا فان الله غفور رحيم,Tafsir text placeholder for verse 64:14
64:15,انما اموٰلكم واولـٰدكم فتنة ۚ والله عنده اجر عظيم,Tafsir text placeholder for verse 64:15
64:16,فاتقوا الله ما استطعتم واسمعوا واطيعوا وانفقوا خيرا لانفسكم ۗ ومن يوق شح نفسه فاولـٰئك هم المفلحون,Tafsir text placeholder for verse 64:16
64:17,ان تقرضوا الله قرضا حسنا يضـٰعفه لكم ويغفر لكم ۚ والله شكور حليم,Tafsir text placeholder for verse 64:17
64:18,عـٰلم الغيب والشهـٰدة العزيز الحكيم,Tafsir text placeholder for verse 64:18
65:1,يـٰايها النبى اذا طلقتم النساء فطلقوهن لعدتهن واحصوا العدة ۖ واتقوا الله ربكم ۖ لا تخرجوهن من بيوتهن ولا يخرجن الا ان ياتين بفـٰحشة مبينة ۚ وتلك حدود الله ۚ ومن يتعد حدود الله فقد ظلم نفسه ۚ لا تدرى لعل الله يحدث بعد ذٰلك امرا,Tafsir text placeholder for verse 65:1
65:2,فاذا بلغن اجلهن فامسكوهن بمعروف او فارقوهن بمعروف واشهدوا ذوى عدل منكم واقيموا الشهـٰدة لله ۚ ذٰلكم يوعظ به من كان يؤمن بالله واليوم الـٔاخر ۚ ومن يتق الله يجعل له مخرجا,Tafsir text placeholder for verse 65:2
65:3,ويرزقه من حيث لا يحتسب ۚ ومن يتوكل على الله فهو حسبه ۚ ان الله بـٰلغ امره ۚ قد جعل الله لكل شىء قدرا,Tafsir text placeholder for verse 65:3
65:4,والـٰـٔى يئسن من المحيض من نسائكم ان ارتبتم فعدتهن ثلـٰثة اشهر والـٰـٔى لم يحضن ۚ واولـٰت الاحمال اجلهن ان يضعن حملهن ۚ ومن يتق الله يجعل له من امره يسرا,Tafsir text placeholder for verse 65:4
65:5,ذٰلك امر الله انزله اليكم ۚ ومن يتق الله يكفر عنه سيـٔاته ويعظم له اجرا,Tafsir text placeholder for verse 65:5
65:6,اسكنوهن من حيث سكنتم من وجدكم ولا تضاروهن لتضيقوا عليهن ۚ وان كن اولـٰت حمل فانفقوا عليهن حتىٰ يضعن حملهن ۚ فان ارضعن لكم فـٔاتوهن اجورهن ۖ واتمروا بينكم بمعروف ۖ وان تعاسرتم فسترضع له اخرىٰ,Tafsir text placeholder for verse 65:6
65:7,لينفق ذو سعة من سعته ۖ ومن قدر عليه رزقه فلينفق مما ءاتىٰه الله ۚ لا يكلف الله نفسا الا ما ءاتىٰها ۚ سيجعل الله بعد عسر يسرا,Tafsir text placeholder for verse 65:7
65:8,وكاين من قرية عتت عن امر ربها ورسله فحاسبنـٰها حسابا شديدا وعذبنـٰها عذابا نكرا,Tafsir text placeholder for verse 65:8
65:9,فذاقت وبال امرها وكان عـٰقبة امرها خسرا,Tafsir text placeholder for verse 65:9
65:10,اعد الله لهم عذابا شديدا ۖ فاتقوا الله يـٰاولى الالبـٰب الذين ءامنوا ۚ قد انزل الله اليكم ذكرا,Tafsir text placeholder for verse 65:10
65:11,رسولا يتلوا عليكم ءايـٰت الله مبينـٰت ليخرج الذين ءامنوا وعملوا الصـٰلحـٰت من الظلمـٰت الى النور ۚ ومن يؤمن بالله ويعمل صـٰلحا يدخله جنـٰت تجرى من تحتها الانهـٰر خـٰلدين فيها ابدا ۖ قد احسن الله له رزقا,Tafsir text placeholder for verse 65:11
65:12,الله الذى خلق سبع سمـٰوٰت ومن الارض مثلهن يتنزل الامر بينهن لتعلموا ان الله علىٰ كل شىء قدير وان الله قد احاط بكل شىء علما,Tafsir text placeholder for verse 65:12
66:1,يـٰايها النبى لم تحرم ما احل الله لك ۖ تبتغى مرضات ازوٰجك ۚ والله غفور رحيم,Tafsir text placeholder for verse 66:1
66:2,قد فرض الله لكم تحلة ايمـٰنكم ۚ والله مولىٰكم ۖ وهو العليم الحكيم,Tafsir text placeholder for verse 66:2
66:3,واذ اسر النبى الىٰ بعض ازوٰجه حديثا فلما نبات به واظهره الله عليه عرف بعضه واعرض عن بعض ۖ فلما نباها به قالت من انباك هـٰذا ۖ قال نبانى العليم الخبير,Tafsir text placeholder for verse 66:3
66:4,ان تتوبا الى الله فقد صغت قلوبكما ۖ وان تظـٰهرا عليه فان الله هو مولىٰه وجبريل وصـٰلح المؤمنين ۖ والملـٰئكة بعد ذٰلك ظهير,Tafsir text placeholder for verse 66:4
66:5,عسىٰ ربه ان طلقكن ان يبدله ازوٰجا خيرا منكن مسلمـٰت مؤمنـٰت قـٰنتـٰت تـٰئبـٰت عـٰبدٰت سـٰئحـٰت ثيبـٰت وابكارا,Tafsir text placeholder for verse 66:5
66:6,يـٰايها الذين ءامنوا قوا انفسكم واهليكم نارا وقودها الناس والحجارة عليها ملـٰئكة غلاظ شداد لا يعصون الله ما امرهم ويفعلون ما يؤمرون,Tafsir text placeholder for verse 66:6
66:7,يـٰايها الذين كفروا لا تعتذروا اليوم ۖ انما تجزون ما كنتم تعملون,Tafsir text placeholder for verse 66:7
66:8,يـٰايها الذين ءامنوا توبوا الى الله توبة نصوحا عسىٰ ربكم ان يكفر عنكم سيـٔاتكم ويدخلكم جنـٰت تجرى من تحتها الانهـٰر يوم لا يخزى الله النبى والذين ءامنوا معه ۖ نورهم يسعىٰ بين ايديهم وبايمـٰنهم يقولون ربنا اتمم لنا نورنا واغفر لنا ۖ انك علىٰ كل شىء قدير,Tafsir text placeholder for verse 66:8
66:9,يـٰايها النبى جـٰهد الكفار والمنـٰفقين واغلظ عليهم ۚ وماوىٰهم جهنم ۖ وبئس المصير,Tafsir text placeholder for verse 66:9
66:10,ضرب الله مثلا للذين كفروا امرات نوح وامرات لوط ۖ كانتا تحت عبدين من عبادنا صـٰلحين فخانتاهما فلم يغنيا عنهما من الله شيـٔا وقيل ادخلا النار مع الدٰخلين,Tafsir text placeholder for verse 66:10
66:11,وضرب الله مثلا للذين ءامنوا امرات فرعون اذ قالت رب ابن لى عندك بيتا فى الجنة ونجنى من فرعون وعمله ونجنى من القوم الظـٰلمين,Tafsir text placeholder for verse 66:11
66:12,ومريم ابنت عمرٰن التى احصنت فرجها فنفخنا فيه من روحنا وصدقت بكلمـٰت ربها وكتبه وكانت من القـٰنتين,Tafsir text placeholder for verse 66:12
67:1,تبـٰرك الذى بيده الملك وهو علىٰ كل شىء قدير,Tafsir text placeholder for verse 67:1
67:2,الذى خلق الموت والحيوٰة ليبلوكم ايكم احسن عملا ۚ وهو العزيز الغفور,Tafsir text placeholder for verse 67:2
67:3,الذى خلق سبع سمـٰوٰت طباقا ۖ ما ترىٰ فى خلق الرحمـٰن من تفـٰوت ۖ فارجع البصر هل ترىٰ من فطور,Tafsir text placeholder for verse 67:3
67:4,ثم ارجع البصر كرتين ينقلب اليك البصر خاسئا وهو حسير,Tafsir text placeholder for verse 67:4
67:5,ولقد زينا السماء الدنيا بمصـٰبيح وجعلنـٰها رجوما للشيـٰطين ۖ واعتدنا لهم عذاب السعير,Tafsir text placeholder for verse 67:5
67:6,وللذين كفروا بربهم عذاب جهنم ۖ وبئس المصير,Tafsir text placeholder for verse 67:6
67:7,اذا القوا فيها سمعوا لها شهيقا وهى تفور,Tafsir text placeholder for verse 67:7
67:8,تكاد تميز من الغيظ ۖ كلما القى فيها فوج سالهم خزنتها الم ياتكم نذير,Tafsir text placeholder for verse 67:8
67:9,قالوا بلىٰ قد جاءنا نذير فكذبنا وقلنا ما نزل الله من شىء ان انتم الا فى ضلـٰل كبير,Tafsir text placeholder for verse 67:9
67:10,وقالوا لو كنا نسمع او نعقل ما كنا فى اصحـٰب السعير,Tafsir text placeholder for verse 67:10
67:11,فاعترفوا بذنبهم فسحقا لاصحـٰب السعير,Tafsir text placeholder for verse 67:11
67:12,ان الذين يخشون ربهم بالغيب لهم مغفرة واجر كبير,Tafsir text placeholder for verse 67:12
67:13,واسروا قولكم او اجهروا به ۖ انه عليم بذات الصدور,Tafsir text placeholder for verse 67:13
67:14,الا يعلم من خلق وهو اللطيف الخبير,Tafsir text placeholder for verse 67:14
67:15,هو الذى جعل لكم الارض ذلولا فامشوا فى مناكبها وكلوا من رزقه ۖ واليه النشور,Tafsir text placeholder for verse 67:15
67:16,ءامنتم من فى السماء ان يخسف بكم الارض فاذا هى تمور,Tafsir text placeholder for verse 67:16
67:17,ام امنتم من فى السماء ان يرسل عليكم حاصبا ۖ فستعلمون كيف نذير,Tafsir text placeholder for verse 67:17
67:18,ولقد كذب الذين من قبلهم فكيف كان نكير,Tafsir text placeholder for verse 67:18
67:19,اولم يروا الى الطير فوقهم صـٰفـٰت ويقبضن ۚ ما يمسكهن الا الرحمـٰن ۚ انه بكل شىء بصير,Tafsir text placeholder for verse 67:19
67:20,امن هـٰذا الذى هو جند لكم ينصركم من دون الرحمـٰن ۚ ان الكـٰفرون الا فى غرور,Tafsir text placeholder for verse 67:20
67:21,امن هـٰذا الذى يرزقكم ان امسك رزقه ۚ بل لجوا فى عتو ونفور,Tafsir text placeholder for verse 67:21
67:22,افمن يمشى مكبا علىٰ وجهه اهدىٰ امن يمشى سويا علىٰ صرٰط مستقيم,Tafsir text placeholder for verse 67:22
67:23,قل هو الذى انشاكم وجعل لكم السمع والابصـٰر والافـٔدة ۖ قليلا ما تشكرون,Tafsir text placeholder for verse 67:23
67:24,قل هو الذى ذراكم فى الارض واليه تحشرون,Tafsir text placeholder for verse 67:24
67:25,ويقولون متىٰ هـٰذا الوعد ان كنتم صـٰدقين,Tafsir text placeholder for verse 67:25
67:26,قل انما العلم عند الله وانما انا۠ نذير مبين,Tafsir text placeholder for verse 67:26
67:27,فلما راوه زلفة سيـٔت وجوه الذين كفروا وقيل هـٰذا الذى كنتم به تدعون,Tafsir text placeholder for verse 67:27
67:28,قل ارءيتم ان اهلكنى الله ومن معى او رحمنا فمن يجير الكـٰفرين من عذاب اليم,Tafsir text placeholder for verse 67:28
67:29,قل هو الرحمـٰن ءامنا به وعليه توكلنا ۖ فستعلمون من هو فى ضلـٰل مبين,Tafsir text placeholder for verse 67:29
67:30,قل ارءيتم ان اصبح ماؤكم غورا فمن ياتيكم بماء معين,Tafsir text placeholder for verse 67:30
68:1,ن ۚ والقلم وما يسطرون,Tafsir text placeholder for verse 68:1
68:2,ما انت بنعمة ربك بمجنون,Tafsir text placeholder for verse 68:2
68:3,وان لك لاجرا غير ممنون,Tafsir text placeholder for verse 68:3
68:4,وانك لعلىٰ خلق عظيم,Tafsir text placeholder for verse 68:4
68:5,فستبصر ويبصرون,Tafsir text placeholder for verse 68:5
68:6,باييكم المفتون,Tafsir text placeholder for verse 68:6
68:7,ان ربك هو اعلم بمن ضل عن سبيله وهو اعلم بالمهتدين,Tafsir text placeholder for verse 68:7
68:8,فلا تطع المكذبين,Tafsir text placeholder for verse 68:8
68:9,ودوا لو تدهن فيدهنون,Tafsir text placeholder for verse 68:9
68:10,ولا تطع كل حلاف مهين,Tafsir text placeholder for verse 68:10
68:11,هماز مشاء بنميم,Tafsir text placeholder for verse 68:11
68:12,مناع للخير معتد اثيم,Tafsir text placeholder for verse 68:12
68:13,عتل بعد ذٰلك زنيم,Tafsir text placeholder for verse 68:13
68:14,ان كان ذا مال وبنين,Tafsir text placeholder for verse 68:14
68:15,اذا تتلىٰ عليه ءايـٰتنا قال اسـٰطير الاولين,Tafsir text placeholder for verse 68:15
68:16,سنسمه على الخرطوم,Tafsir text placeholder for verse 68:16
68:17,انا بلونـٰهم كما بلونا اصحـٰب الجنة اذ اقسموا ليصرمنها مصبحين,Tafsir text placeholder for verse 68:17
68:18,ولا يستثنون,Tafsir text placeholder for verse 68:18
68:19,فطاف عليها طائف من ربك وهم نائمون,Tafsir text placeholder for verse 68:19
68:20,فاصبحت كالصريم,Tafsir text placeholder for verse 68:20
68:21,فتنادوا مصبحين,Tafsir text placeholder for verse 68:21
68:22,ان اغدوا علىٰ حرثكم ان كنتم صـٰرمين,Tafsir text placeholder for verse 68:22
68:23,فانطلقوا وهم يتخـٰفتون,Tafsir text placeholder for verse 68:23
68:24,ان لا يدخلنها اليوم عليكم مسكين,Tafsir text placeholder for verse 68:24
68:25,وغدوا علىٰ حرد قـٰدرين,Tafsir text placeholder for verse 68:25
68:26,فلما راوها قالوا انا لضالون,Tafsir text placeholder for verse 68:26
68:27,بل نحن محرومون,Tafsir text placeholder for verse 68:27
68:28,قال اوسطهم الم اقل لكم لولا تسبحون,Tafsir text placeholder for verse 68:28
68:29,قالوا سبحـٰن ربنا انا كنا ظـٰلمين,Tafsir text placeholder for verse 68:29
68:30,فاقبل بعضهم علىٰ بعض يتلـٰومون,Tafsir text placeholder for verse 68:30
68:31,قالوا يـٰويلنا انا كنا طـٰغين,Tafsir text placeholder for verse 68:31
68:32,عسىٰ ربنا ان يبدلنا خيرا منها انا الىٰ ربنا رٰغبون,Tafsir text placeholder for verse 68:32
68:33,كذٰلك العذاب ۖ ولعذاب الـٔاخرة اكبر ۚ لو كانوا يعلمون,Tafsir text placeholder for verse 68:33
68:34,ان للمتقين عند ربهم جنـٰت النعيم,Tafsir text placeholder for verse 68:34
68:35,افنجعل المسلمين كالمجرمين,Tafsir text placeholder for verse 68:35
68:36,ما لكم كيف تحكمون,Tafsir text placeholder for verse 68:36
68:37,ام لكم كتـٰب فيه تدرسون,Tafsir text placeholder for verse 68:37
68:38,ان لكم فيه لما تخيرون,Tafsir text placeholder for verse 68:38
68:39,ام لكم ايمـٰن علينا بـٰلغة الىٰ يوم القيـٰمة ۙ ان لكم لما تحكمون,Tafsir text placeholder for verse 68:39
68:40,سلهم ايهم بذٰلك زعيم,Tafsir text placeholder for verse 68:40
68:41,ام لهم شركاء فلياتوا بشركائهم ان كانوا صـٰدقين,Tafsir text placeholder for verse 68:41
68:42,يوم يكشف عن ساق ويدعون الى السجود فلا يستطيعون,Tafsir text placeholder for verse 68:42
68:43,خـٰشعة ابصـٰرهم ترهقهم ذلة ۖ وقد كانوا يدعون الى السجود وهم سـٰلمون,Tafsir text placeholder for verse 68:43
68:44,فذرنى ومن يكذب بهـٰذا الحديث ۖ سنستدرجهم من حيث لا يعلمون,Tafsir text placeholder for verse 68:44
68:45,واملى لهم ۚ ان كيدى متين,Tafsir text placeholder for verse 68:45
68:46,ام تسـٔلهم اجرا فهم من مغرم مثقلون,Tafsir text placeholder for verse 68:46
68:47,ام عندهم الغيب فهم يكتبون,Tafsir text placeholder for verse 68:47
68:48,فاصبر لحكم ربك ولا تكن كصاحب الحوت اذ نادىٰ وهو مكظوم,Tafsir text placeholder for verse 68:48
68:49,لولا ان تدٰركه نعمة من ربه لنبذ بالعراء وهو مذموم,Tafsir text placeholder for verse 68:49
68:50,فاجتبـٰه ربه فجعله من الصـٰلحين,Tafsir text placeholder for verse 68:50
68:51,وان يكاد الذين كفروا ليزلقونك بابصـٰرهم لما سمعوا الذكر ويقولون انه لمجنون,Tafsir text placeholder for verse 68:51
68:52,وما هو الا ذكر للعـٰلمين,Tafsir text placeholder for verse 68:52
69:1,الحاقة,Tafsir text placeholder for verse 69:1
69:2,ما الحاقة,Tafsir text placeholder for verse 69:2
69:3,وما ادرىٰك ما الحاقة,Tafsir text placeholder for verse 69:3
69:4,كذبت ثمود وعاد بالقارعة,Tafsir text placeholder for verse 69:4
69:5,فاما ثمود فاهلكوا بالطاغية,Tafsir text placeholder for verse 69:5
69:6,واما عاد فاهلكوا بريح صرصر عاتية,Tafsir text placeholder for verse 69:6
69:7,سخرها عليهم سبع ليال وثمـٰنية ايام حسوما فترى القوم فيها صرعىٰ كانهم اعجاز نخل خاوية,Tafsir text placeholder for verse 69:7
69:8,فهل ترىٰ لهم من باقية,Tafsir text placeholder for verse 69:8
69:9,وجاء فرعون ومن قبله والمؤتفكـٰت بالخاطئة,Tafsir text placeholder for verse 69:9
69:10,فعصوا رسول ربهم فاخذهم اخذة رابية,Tafsir text placeholder for verse 69:10
69:11,انا لما طغا الماء حملنـٰكم فى الجارية,Tafsir text placeholder for verse 69:11
69:12,لنجعلها لكم تذكرة وتعيها اذن وٰعية,Tafsir text placeholder for verse 69:12
69:13,فاذا نفخ فى الصور نفخة وٰحدة,Tafsir text placeholder for verse 69:13
69:14,وحملت الارض والجبال فدكتا دكة وٰحدة,Tafsir text placeholder for verse 69:14
69:15,فيومئذ وقعت الواقعة,Tafsir text placeholder for verse 69:15
69:16,وانشقت السماء فهى يومئذ واهية,Tafsir text placeholder for verse 69:16
69:17,والملك علىٰ ارجائها ۚ ويحمل عرش ربك فوقهم يومئذ ثمـٰنية,Tafsir text placeholder for verse 69:17
69:18,يومئذ تعرضون لا تخفىٰ منكم خافية,Tafsir text placeholder for verse 69:18
69:19,فاما من اوتى كتـٰبه بيمينه فيقول هاؤم اقرءوا كتـٰبيه,Tafsir text placeholder for verse 69:19
69:20,انى ظننت انى ملـٰق حسابيه,Tafsir text placeholder for verse 69:20
69:21,فهو فى عيشة راضية,Tafsir text placeholder for verse 69:21
69:22,فى جنة عالية,Tafsir text placeholder for verse 69:22
69:23,قطوفها دانية,Tafsir text placeholder for verse 69:23
69:24,كلوا واشربوا هنيـٔا بما اسلفتم فى الايام الخالية,Tafsir text placeholder for verse 69:24
69:25,واما من اوتى كتـٰبه بشماله فيقول يـٰليتنى لم اوت كتـٰبيه,Tafsir text placeholder for verse 69:25
69:26,ولم ادر ما حسابيه,Tafsir text placeholder for verse 69:26
69:27,يـٰليتها كانت القاضية,Tafsir text placeholder for verse 69:27
69:28,ما اغنىٰ عنى ماليه ۜ,Tafsir text placeholder for verse 69:28
69:29,هلك عنى سلطـٰنيه,Tafsir text placeholder for verse 69:29
69:30,خذوه فغلوه,Tafsir text placeholder for verse 69:30
69:31,ثم الجحيم صلوه,Tafsir text placeholder for verse 69:31
69:32,ثم فى سلسلة ذرعها سبعون ذراعا فاسلكوه,Tafsir text placeholder for verse 69:32
69:33,انه كان لا يؤمن بالله العظيم,Tafsir text placeholder for verse 69:33
69:34,ولا يحض علىٰ طعام المسكين,Tafsir text placeholder for verse 69:34
69:35,فليس له اليوم هـٰهنا حميم,Tafsir text placeholder for verse 69:35
69:36,ولا طعام الا من غسلين,Tafsir text placeholder for verse 69:36
69:37,لا ياكله الا الخـٰطـٔون,Tafsir text placeholder for verse 69:37
69:38,فلا اقسم بما تبصرون,Tafsir text placeholder for verse 69:38
69:39,وما لا تبصرون,Tafsir text placeholder for verse 69:39
69:40,انه لقول رسول كريم,Tafsir text placeholder for verse 69:40
69:41,وما هو بقول شاعر ۚ قليلا ما تؤمنون,Tafsir text placeholder for verse 69:41
69:42,ولا بقول كاهن ۚ قليلا ما تذكرون,Tafsir text placeholder for verse 69:42
69:43,تنزيل من رب العـٰلمين,Tafsir text placeholder for verse 69:43
69:44,ولو تقول علينا بعض الاقاويل,Tafsir text placeholder for verse 69:44
69:45,لاخذنا منه باليمين,Tafsir text placeholder for verse 69:45
69:46,ثم لقطعنا منه الوتين,Tafsir text placeholder for verse 69:46
69:47,فما منكم من احد عنه حـٰجزين,Tafsir text placeholder for verse 69:47
69:48,وانه لتذكرة للمتقين,Tafsir text placeholder for verse 69:48
69:49,وانا لنعلم ان منكم مكذبين,Tafsir text placeholder for verse 69:49
69:50,وانه لحسرة على الكـٰفرين,Tafsir text placeholder for verse 69:50
69:51,وانه لحق اليقين,Tafsir text placeholder for verse 69:51
69:52,فسبح باسم ربك العظيم,Tafsir text placeholder for verse 69:52
70:1,سال سائل بعذاب واقع,Tafsir text placeholder for verse 70:1
70:2,للكـٰفرين ليس له دافع,Tafsir text placeholder for verse 70:2
70:3,من الله ذى المعارج,Tafsir text placeholder for verse 70:3
70:4,تعرج الملـٰئكة والروح اليه فى يوم كان مقداره خمسين الف سنة,Tafsir text placeholder for verse 70:4
70:5,فاصبر صبرا جميلا,Tafsir text placeholder for verse 70:5
70:6,انهم يرونه بعيدا,Tafsir text placeholder for verse 70:6
70:7,ونرىٰه قريبا,Tafsir text placeholder for verse 70:7
70:8,يوم تكون السماء كالمهل,Tafsir text placeholder for verse 70:8
70:9,وتكون الجبال كالعهن,Tafsir text placeholder for verse 70:9
70:10,ولا يسـٔل حميم حميما,Tafsir text placeholder for verse 70:10
70:11,يبصرونهم ۚ يود المجرم لو يفتدى من عذاب يومئذ ببنيه,Tafsir text placeholder for verse 70:11
70:12,وصـٰحبته واخيه,Tafsir text placeholder for verse 70:12
70:13,وفصيلته التى تـٔويه,Tafsir text placeholder for verse 70:13
70:14,ومن فى الارض جميعا ثم ينجيه,Tafsir text placeholder for verse 70:14
70:15,كلا ۖ انها لظىٰ,Tafsir text placeholder for verse 70:15
70:16,نزاعة للشوىٰ,Tafsir text placeholder for verse 70:16
70:17,تدعوا من ادبر وتولىٰ,Tafsir text placeholder for verse 70:17
70:18,وجمع فاوعىٰ,Tafsir text placeholder for verse 70:18
70:19,ان الانسـٰن خلق هلوعا,Tafsir text placeholder for verse 70:19
70:20,اذا مسه الشر جزوعا,Tafsir text placeholder for verse 70:20
70:21,واذا مسه الخير منوعا,Tafsir text placeholder for verse 70:21
70:22,الا المصلين,Tafsir text placeholder for verse 70:22
70:23,الذين هم علىٰ صلاتهم دائمون,Tafsir text placeholder for verse 70:23
70:24,والذين فى اموٰلهم حق معلوم,Tafsir text placeholder for verse 70:24
70:25,للسائل والمحروم,Tafsir text placeholder for verse 70:25
70:26,والذين يصدقون بيوم الدين,Tafsir text placeholder for verse 70:26
70:27,والذين هم من عذاب ربهم مشفقون,Tafsir text placeholder for verse 70:27
70:28,ان عذاب ربهم غير مامون,Tafsir text placeholder for verse 70:28
70:29,والذين هم لفروجهم حـٰفظون,Tafsir text placeholder for verse 70:29
70:30,الا علىٰ ازوٰجهم او ما ملكت ايمـٰنهم فانهم غير ملومين,Tafsir text placeholder for verse 70:30
70:31,فمن ابتغىٰ وراء ذٰلك فاولـٰئك هم العادون,Tafsir text placeholder for verse 70:31
70:32,والذين هم لامـٰنـٰتهم وعهدهم رٰعون,Tafsir text placeholder for verse 70:32
70:33,والذين هم بشهـٰدٰتهم قائمون,Tafsir text placeholder for verse 70:33
70:34,والذين هم علىٰ صلاتهم يحافظون,Tafsir text placeholder for verse 70:34
70:35,اولـٰئك فى جنـٰت مكرمون,Tafsir text placeholder for verse 70:35
70:36,فمال الذين كفروا قبلك مهطعين,Tafsir text placeholder for verse 70:36
70:37,عن اليمين وعن الشمال عزين,Tafsir text placeholder for verse 70:37
70:38,ايطمع كل امرئ منهم ان يدخل جنة نعيم,Tafsir text placeholder for verse 70:38
70:39,كلا ۖ انا خلقنـٰهم مما يعلمون,Tafsir text placeholder for verse 70:39
70:40,فلا اقسم برب المشـٰرق والمغـٰرب انا لقـٰدرون,Tafsir text placeholder for verse 70:40
70:41,علىٰ ان نبدل خيرا منهم وما نحن بمسبوقين,Tafsir text placeholder for verse 70:41
70:42,فذرهم يخوضوا ويلعبوا حتىٰ يلـٰقوا يومهم الذى يوعدون,Tafsir text placeholder for verse 70:42
70:43,يوم يخرجون من الاجداث سراعا كانهم الىٰ نصب يوفضون,Tafsir text placeholder for verse 70:43
70:44,خـٰشعة ابصـٰرهم ترهقهم ذلة ۚ ذٰلك اليوم الذى كانوا يوعدون,Tafsir text placeholder for verse 70:44
71:1,انا ارسلنا نوحا الىٰ قومه ان انذر قومك من قبل ان ياتيهم عذاب اليم,Tafsir text placeholder for verse 71:1
71:2,قال يـٰقوم انى لكم نذير مبين,Tafsir text placeholder for verse 71:2
71:3,ان اعبدوا الله واتقوه واطيعون,Tafsir text placeholder for verse 71:3
71:4,يغفر لكم من ذنوبكم ويؤخركم الىٰ اجل مسمى ۚ ان اجل الله اذا جاء لا يؤخر ۖ لو كنتم تعلمون,Tafsir text placeholder for verse 71:4
71:5,قال رب انى دعوت قومى ليلا ونهارا,Tafsir text placeholder for verse 71:5
71:6,فلم يزدهم دعاءى الا فرارا,Tafsir text placeholder for verse 71:6
71:7,وانى كلما دعوتهم لتغفر لهم جعلوا اصـٰبعهم فى ءاذانهم واستغشوا ثيابهم واصروا واستكبروا استكبارا,Tafsir text placeholder for verse 71:7
71:8,ثم انى دعوتهم جهارا,Tafsir text placeholder for verse 71:8
71:9,ثم انى اعلنت لهم واسررت لهم اسرارا,Tafsir text placeholder for verse 71:9
71:10,فقلت استغفروا ربكم انه كان غفارا,Tafsir text placeholder for verse 71:10
71:11,يرسل السماء عليكم مدرارا,Tafsir text placeholder for verse 71:11
71:12,ويمددكم باموٰل وبنين ويجعل لكم جنـٰت ويجعل لكم انهـٰرا,Tafsir text placeholder for verse 71:12
71:13,ما لكم لا ترجون لله وقارا,Tafsir text placeholder for verse 71:13
71:14,وقد خلقكم اطوارا,Tafsir text placeholder for verse 71:14
71:15,الم تروا كيف خلق الله سبع سمـٰوٰت طباقا,Tafsir text placeholder for verse 71:15
71:16,وجعل القمر فيهن نورا وجعل الشمس سراجا,Tafsir text placeholder for verse 71:16
71:17,والله انبتكم من الارض نباتا,Tafsir text placeholder for verse 71:17
71:18,ثم يعيدكم فيها ويخرجكم اخراجا,Tafsir text placeholder for verse 71:18
71:19,والله جعل لكم الارض بساطا,Tafsir text placeholder for verse 71:19
71:20,لتسلكوا منها سبلا فجاجا,Tafsir text placeholder for verse 71:20
71:21,قال نوح رب انهم عصونى واتبعوا من لم يزده ماله وولده الا خسارا,Tafsir text placeholder for verse 71:21
71:22,ومكروا مكرا كبارا,Tafsir text placeholder for verse 71:22
71:23,وقالوا لا تذرن ءالهتكم ولا تذرن ودا ولا سواعا ولا يغوث ويعوق ونسرا,Tafsir text placeholder for verse 71:23
71:24,وقد اضلوا كثيرا ۖ ولا تزد الظـٰلمين الا ضلـٰلا,Tafsir text placeholder for verse 71:24
71:25,مما خطيـٔـٰتهم اغرقوا فادخلوا نارا فلم يجدوا لهم من دون الله انصارا,Tafsir text placeholder for verse 71:25
71:26,وقال نوح رب لا تذر على الارض من الكـٰفرين ديارا,Tafsir text placeholder for verse 71:26
71:27,انك ان تذرهم يضلوا عبادك ولا يلدوا الا فاجرا كفارا,Tafsir text placeholder for verse 71:27
71:28,رب اغفر لى ولوٰلدى ولمن دخل بيتى مؤمنا وللمؤمنين والمؤمنـٰت ولا تزد الظـٰلمين الا تبارا,Tafsir text placeholder for verse 71:28
72:1,قل اوحى الى انه استمع نفر من الجن فقالوا انا سمعنا قرءانا عجبا,Tafsir text placeholder for verse 72:1
72:2,يهدى الى الرشد فـٔامنا به ۖ ولن نشرك بربنا احدا,Tafsir text placeholder for verse 72:2
72:3,وانه تعـٰلىٰ جد ربنا ما اتخذ صـٰحبة ولا ولدا,Tafsir text placeholder for verse 72:3
72:4,وانه كان يقول سفيهنا على الله شططا,Tafsir text placeholder for verse 72:4
72:5,وانا ظننا ان لن تقول الانس والجن على الله كذبا,Tafsir text placeholder for verse 72:5
72:6,وانه كان رجال من الانس يعوذون برجال من الجن فزادوهم رهقا,Tafsir text placeholder for verse 72:6
72:7,وانهم ظنوا كما ظننتم ان لن يبعث الله احدا,Tafsir text placeholder for verse 72:7
72:8,وانا لمسنا السماء فوجدنـٰها ملئت حرسا شديدا وشهبا,Tafsir text placeholder for verse 72:8
72:9,وانا كنا نقعد منها مقـٰعد للسمع ۖ فمن يستمع الـٔان يجد له شهابا رصدا,Tafsir text placeholder for verse 72:9
72:10,وانا لا ندرى اشر اريد بمن فى الارض ام اراد بهم ربهم رشدا,Tafsir text placeholder for verse 72:10
72:11,وانا منا الصـٰلحون ومنا دون ذٰلك ۖ كنا طرائق قددا,Tafsir text placeholder for verse 72:11
72:12,وانا ظننا ان لن نعجز الله فى الارض ولن نعجزه هربا,Tafsir text placeholder for verse 72:12
72:13,وانا لما سمعنا الهدىٰ ءامنا به ۖ فمن يؤمن بربه فلا يخاف بخسا ولا رهقا,Tafsir text placeholder for verse 72:13
72:14,وانا منا المسلمون ومنا القـٰسطون ۖ فمن اسلم فاولـٰئك تحروا رشدا,Tafsir text placeholder for verse 72:14
72:15,واما القـٰسطون فكانوا لجهنم حطبا,Tafsir text placeholder for verse 72:15
72:16,والو استقـٰموا على الطريقة لاسقينـٰهم ماء غدقا,Tafsir text placeholder for verse 72:16
72:17,لنفتنهم فيه ۚ ومن يعرض عن ذكر ربه يسلكه عذابا صعدا,Tafsir text placeholder for verse 72:17
72:18,وان المسـٰجد لله فلا تدعوا مع الله احدا,Tafsir text placeholder for verse 72:18
72:19,وانه لما قام عبد الله يدعوه كادوا يكونون عليه لبدا,Tafsir text placeholder for verse 72:19
72:20,قل انما ادعوا ربى ولا اشرك به احدا,Tafsir text placeholder for verse 72:20
72:21,قل انى لا املك لكم ضرا ولا رشدا,Tafsir text placeholder for verse 72:21
72:22,قل انى لن يجيرنى من الله احد ولن اجد من دونه ملتحدا,Tafsir text placeholder for verse 72:22
72:23,الا بلـٰغا من الله ورسـٰلـٰته ۚ ومن يعص الله ورسوله فان له نار جهنم خـٰلدين فيها ابدا,Tafsir text placeholder for verse 72:23
72:24,حتىٰ اذا راوا ما يوعدون فسيعلمون من اضعف ناصرا واقل عددا,Tafsir text placeholder for verse 72:24
72:25,قل ان ادرى اقريب ما توعدون ام يجعل له ربى امدا,Tafsir text placeholder for verse 72:25
72:26,عـٰلم الغيب فلا يظهر علىٰ غيبه احدا,Tafsir text placeholder for verse 72:26
72:27,الا من ارتضىٰ من رسول فانه يسلك من بين يديه ومن خلفه رصدا,Tafsir text placeholder for verse 72:27
72:28,ليعلم ان قد ابلغوا رسـٰلـٰت ربهم واحاط بما لديهم واحصىٰ كل شىء عددا,Tafsir text placeholder for verse 72:28
73:1,يـٰايها المزمل,Tafsir text placeholder for verse 73:1
73:2,قم اليل الا قليلا,Tafsir text placeholder for verse 73:2
73:3,نصفه او انقص منه قليلا,Tafsir text placeholder for verse 73:3
73:4,او زد عليه ورتل القرءان ترتيلا,Tafsir text placeholder for verse 73:4
73:5,انا سنلقى عليك قولا ثقيلا,Tafsir text placeholder for verse 73:5
73:6,ان ناشئة اليل هى اشد وطـٔا واقوم قيلا,Tafsir text placeholder for verse 73:6
73:7,ان لك فى النهار سبحا طويلا,Tafsir text placeholder for verse 73:7
73:8,واذكر اسم ربك وتبتل اليه تبتيلا,Tafsir text placeholder for verse 73:8
73:9,رب المشرق والمغرب لا الـٰه الا هو فاتخذه وكيلا,Tafsir text placeholder for verse 73:9
73:10,واصبر علىٰ ما يقولون واهجرهم هجرا جميلا,Tafsir text placeholder for verse 73:10
73:11,وذرنى والمكذبين اولى النعمة ومهلهم قليلا,Tafsir text placeholder for verse 73:11
73:12,ان لدينا انكالا وجحيما,Tafsir text placeholder for verse 73:12
73:13,وطعاما ذا غصة وعذابا اليما,Tafsir text placeholder for verse 73:13
73:14,يوم ترجف الارض والجبال وكانت الجبال كثيبا مهيلا,Tafsir text placeholder for verse 73:14
73:15,انا ارسلنا اليكم رسولا شـٰهدا عليكم كما ارسلنا الىٰ فرعون رسولا,Tafsir text placeholder for verse 73:15
73:16,فعصىٰ فرعون الرسول فاخذنـٰه اخذا وبيلا,Tafsir text placeholder for verse 73:16
73:17,فكيف تتقون ان كفرتم يوما يجعل الولدٰن شيبا,Tafsir text placeholder for verse 73:17
73:18,السماء منفطر به ۚ كان وعده مفعولا,Tafsir text placeholder for verse 73:18
73:19,ان هـٰذه تذكرة ۖ فمن شاء اتخذ الىٰ ربه سبيلا,Tafsir text placeholder for verse 73:19
73:20,ان ربك يعلم انك تقوم ادنىٰ من ثلثى اليل ونصفه وثلثه وطائفة من الذين معك ۚ والله يقدر اليل والنهار ۚ علم ان لن تحصوه فتاب عليكم ۖ فاقرءوا ما تيسر من القرءان ۚ علم ان سيكون منكم مرضىٰ ۙ وءاخرون يضربون فى الارض يبتغون من فضل الله ۙ وءاخرون يقـٰتلون فى سبيل الله ۖ فاقرءوا ما تيسر منه ۚ واقيموا الصلوٰة وءاتوا الزكوٰة واقرضوا الله قرضا حسنا ۚ وما تقدموا لانفسكم من خير تجدوه عند الله هو خيرا واعظم اجرا ۚ واستغفروا الله ۖ ان الله غفور رحيم,Tafsir text placeholder for verse 73:20
74:1,يـٰايها المدثر,Tafsir text placeholder for verse 74:1
74:2,قم فانذر,Tafsir text placeholder for verse 74:2
74:3,وربك فكبر,Tafsir text placeholder for verse 74:3
74:4,وثيابك فطهر,Tafsir text placeholder for verse 74:4
74:5,والرجز فاهجر,Tafsir text placeholder for verse 74:5
74:6,ولا تمنن تستكثر,Tafsir text placeholder for verse 74:6
74:7,ولربك فاصبر,Tafsir text placeholder for verse 74:7
74:8,فاذا نقر فى الناقور,Tafsir text placeholder for verse 74:8
74:9,فذٰلك يومئذ يوم عسير,Tafsir text placeholder for verse 74:9
74:10,على الكـٰفرين غير يسير,Tafsir text placeholder for verse 74:10
74:11,ذرنى ومن خلقت وحيدا,Tafsir text placeholder for verse 74:11
74:12,وجعلت له مالا ممدودا,Tafsir text placeholder for verse 74:12
74:13,وبنين شهودا,Tafsir text placeholder for verse 74:13
74:14,ومهدت له تمهيدا,Tafsir text placeholder for verse 74:14
74:15,ثم يطمع ان ازيد,Tafsir text placeholder for verse 74:15
74:16,كلا ۖ انه كان لـٔايـٰتنا عنيدا,Tafsir text placeholder for verse 74:16
74:17,سارهقه صعودا,Tafsir text placeholder for verse 74:17
74:18,انه فكر وقدر,Tafsir text placeholder for verse 74:18
74:19,فقتل كيف قدر,Tafsir text placeholder for verse 74:19
74:20,ثم قتل كيف قدر,Tafsir text placeholder for verse 74:20
74:21,ثم نظر,Tafsir text placeholder for verse 74:21
74:22,ثم عبس وبسر,Tafsir text placeholder for verse 74:22
74:23,ثم ادبر واستكبر,Tafsir text placeholder for verse 74:23
74:24,فقال ان هـٰذا الا سحر يؤثر,Tafsir text placeholder for verse 74:24
74:25,ان هـٰذا الا قول البشر,Tafsir text placeholder for verse 74:25
74:26,ساصليه سقر,Tafsir text placeholder for verse 74:26
74:27,وما ادرىٰك ما سقر,Tafsir text placeholder for verse 74:27
74:28,لا تبقى ولا تذر,Tafsir text placeholder for verse 74:28
74:29,لواحة للبشر,Tafsir text placeholder for verse 74:29
74:30,عليها تسعة عشر,Tafsir text placeholder for verse 74:30
74:31,وما جعلنا اصحـٰب النار الا ملـٰئكة ۙ وما جعلنا عدتهم الا فتنة للذين كفروا ليستيقن الذين اوتوا الكتـٰب ويزداد الذين ءامنوا ايمـٰنا ۙ ولا يرتاب الذين اوتوا الكتـٰب والمؤمنون ۙ وليقول الذين فى قلوبهم مرض والكـٰفرون ماذا اراد الله بهـٰذا مثلا ۚ كذٰلك يضل الله من يشاء ويهدى من يشاء ۚ وما يعلم جنود ربك الا هو ۚ وما هى الا ذكرىٰ للبشر,Tafsir text placeholder for verse 74:31
74:32,كلا والقمر,Tafsir text placeholder for verse 74:32
74:33,واليل اذ ادبر,Tafsir text placeholder for verse 74:33
74:34,والصبح اذا اسفر,Tafsir text placeholder for verse 74:34
74:35,انها لاحدى الكبر,Tafsir text placeholder for verse 74:35
74:36,نذيرا للبشر,Tafsir text placeholder for verse 74:36
74:37,لمن شاء منكم ان يتقدم او يتاخر,Tafsir text placeholder for verse 74:37
74:38,كل نفس بما كسبت رهينة,Tafsir text placeholder for verse 74:38
74:39,الا اصحـٰب اليمين,Tafsir text placeholder for verse 74:39
74:40,فى جنـٰت يتساءلون,Tafsir text placeholder for verse 74:40
74:41,عن المجرمين,Tafsir text placeholder for verse 74:41
74:42,ما سلككم فى سقر,Tafsir text placeholder for verse 74:42
74:43,قالوا لم نك من المصلين,Tafsir text placeholder for verse 74:43
74:44,ولم نك نطعم المسكين,Tafsir text placeholder for verse 74:44
74:45,وكنا نخوض مع الخائضين,Tafsir text placeholder for verse 74:45
74:46,وكنا نكذب بيوم الدين,Tafsir text placeholder for verse 74:46
74:47,حتىٰ اتىٰنا اليقين,Tafsir text placeholder for verse 74:47
74:48,فما تنفعهم شفـٰعة الشـٰفعين,Tafsir text placeholder for verse 74:48
74:49,فما لهم عن التذكرة معرضين,Tafsir text placeholder for verse 74:49
74:50,كانهم حمر مستنفرة,Tafsir text placeholder for verse 74:50
74:51,فرت من قسورة,Tafsir text placeholder for verse 74:51
74:52,بل يريد كل امرئ منهم ان يؤتىٰ صحفا منشرة,Tafsir text placeholder for verse 74:52
74:53,كلا ۖ بل لا يخافون الـٔاخرة,Tafsir text placeholder for verse 74:53
74:54,كلا انه تذكرة,Tafsir text placeholder for verse 74:54
74:55,فمن شاء ذكره,Tafsir text placeholder for verse 74:55
74:56,وما يذكرون الا ان يشاء الله ۚ هو اهل التقوىٰ واهل المغفرة,Tafsir text placeholder for verse 74:56
75:1,لا اقسم بيوم القيـٰمة,Tafsir text placeholder for verse 75:1
75:2,ولا اقسم بالنفس اللوامة,Tafsir text placeholder for verse 75:2
75:3,ايحسب الانسـٰن الن نجمع عظامه,Tafsir text placeholder for verse 75:3
75:4,بلىٰ قـٰدرين علىٰ ان نسوى بنانه,Tafsir text placeholder for verse 75:4
75:5,بل يريد الانسـٰن ليفجر امامه,Tafsir text placeholder for verse 75:5
75:6,يسـٔل ايان يوم القيـٰمة,Tafsir text placeholder for verse 75:6
75:7,فاذا برق البصر,Tafsir text placeholder for verse 75:7
75:8,وخسف القمر,Tafsir text placeholder for verse 75:8
75:9,وجمع الشمس والقمر,Tafsir text placeholder for verse 75:9
75:10,يقول الانسـٰن يومئذ اين المفر,Tafsir text placeholder for verse 75:10
75:11,كلا لا وزر,Tafsir text placeholder for verse 75:11
75:12,الىٰ ربك يومئذ المستقر,Tafsir text placeholder for verse 75:12
75:13,ينبؤا۟ الانسـٰن يومئذ بما قدم واخر,Tafsir text placeholder for verse 75:13
75:14,بل الانسـٰن علىٰ نفسه بصيرة,Tafsir text placeholder for verse 75:14
75:15,ولو القىٰ معاذيره,Tafsir text placeholder for verse 75:15
75:16,لا تحرك به لسانك لتعجل به,Tafsir text placeholder for verse 75:16
75:17,ان علينا جمعه وقرءانه,Tafsir text placeholder for verse 75:17
75:18,فاذا قرانـٰه فاتبع قرءانه,Tafsir text placeholder for verse 75:18
75:19,ثم ان علينا بيانه,Tafsir text placeholder for verse 75:19
75:20,كلا بل تحبون العاجلة,Tafsir text placeholder for verse 75:20
75:21,وتذرون الـٔاخرة,Tafsir text placeholder for verse 75:21
75:22,وجوه يومئذ ناضرة,Tafsir text placeholder for verse 75:22
75:23,الىٰ ربها ناظرة,Tafsir text placeholder for verse 75:23
75:24,ووجوه يومئذ باسرة,Tafsir text placeholder for verse 75:24
75:25,تظن ان يفعل بها فاقرة,Tafsir text placeholder for verse 75:25
75:26,كلا اذا بلغت التراقى,Tafsir text placeholder for verse 75:26
75:27,وقيل من ۜ راق,Tafsir text placeholder for verse 75:27
75:28,وظن انه الفراق,Tafsir text placeholder for verse 75:28
75:29,والتفت الساق بالساق,Tafsir text placeholder for verse 75:29
75:30,الىٰ ربك يومئذ المساق,Tafsir text placeholder for verse 75:30
75:31,فلا صدق ولا صلىٰ,Tafsir text placeholder for verse 75:31
75:32,ولـٰكن كذب وتولىٰ,Tafsir text placeholder for verse 75:32
75:33,ثم ذهب الىٰ اهله يتمطىٰ,Tafsir text placeholder for verse 75:33
75:34,اولىٰ لك فاولىٰ,Tafsir text placeholder for verse 75:34
75:35,ثم اولىٰ لك فاولىٰ,Tafsir text placeholder for verse 75:35
75:36,ايحسب الانسـٰن ان يترك سدى,Tafsir text placeholder for verse 75:36
75:37,الم يك نطفة من منى يمنىٰ,Tafsir text placeholder for verse 75:37
75:38,ثم كان علقة فخلق فسوىٰ,Tafsir text placeholder for verse 75:38
75:39,فجعل منه الزوجين الذكر والانثىٰ,Tafsir text placeholder for verse 75:39
75:40,اليس ذٰلك بقـٰدر علىٰ ان يحـۧى الموتىٰ,Tafsir text placeholder for verse 75:40
76:1,هل اتىٰ على الانسـٰن حين من الدهر لم يكن شيـٔا مذكورا,Tafsir text placeholder for verse 76:1
76:2,انا خلقنا الانسـٰن من نطفة امشاج نبتليه فجعلنـٰه سميعا بصيرا,Tafsir text placeholder for verse 76:2
76:3,انا هدينـٰه السبيل اما شاكرا واما كفورا,Tafsir text placeholder for verse 76:3
76:4,انا اعتدنا للكـٰفرين سلـٰسلا۟ واغلـٰلا وسعيرا,Tafsir text placeholder for verse 76:4
76:5,ان الابرار يشربون من كاس كان مزاجها كافورا,Tafsir text placeholder for verse 76:5
76:6,عينا يشرب بها عباد الله يفجرونها تفجيرا,Tafsir text placeholder for verse 76:6
76:7,يوفون بالنذر ويخافون يوما كان شره مستطيرا,Tafsir text placeholder for verse 76:7
76:8,ويطعمون الطعام علىٰ حبه مسكينا ويتيما واسيرا,Tafsir text placeholder for verse 76:8
76:9,انما نطعمكم لوجه الله لا نريد منكم جزاء ولا شكورا,Tafsir text placeholder for verse 76:9
76:10,انا نخاف من ربنا يوما عبوسا قمطريرا,Tafsir text placeholder for verse 76:10
76:11,فوقىٰهم الله شر ذٰلك اليوم ولقىٰهم نضرة وسرورا,Tafsir text placeholder for verse 76:11
76:12,وجزىٰهم بما صبروا جنة وحريرا,Tafsir text placeholder for verse 76:12
76:13,متكـٔين فيها على الارائك ۖ لا يرون فيها شمسا ولا زمهريرا,Tafsir text placeholder for verse 76:13
76:14,ودانية عليهم ظلـٰلها وذللت قطوفها تذليلا,Tafsir text placeholder for verse 76:14
76:15,ويطاف عليهم بـٔانية من فضة واكواب كانت قواريرا۠,Tafsir text placeholder for verse 76:15
76:16,قواريرا۟ من فضة قدروها تقديرا,Tafsir text placeholder for verse 76:16
76:17,ويسقون فيها كاسا كان مزاجها زنجبيلا,Tafsir text placeholder for verse 76:17
76:18,عينا فيها تسمىٰ سلسبيلا,Tafsir text placeholder for verse 76:18
76:19,ويطوف عليهم ولدٰن مخلدون اذا رايتهم حسبتهم لؤلؤا منثورا,Tafsir text placeholder for verse 76:19
76:20,واذا رايت ثم رايت نعيما وملكا كبيرا,Tafsir text placeholder for verse 76:20
76:21,عـٰليهم ثياب سندس خضر واستبرق ۖ وحلوا اساور من فضة وسقىٰهم ربهم شرابا طهورا,Tafsir text placeholder for verse 76:21
76:22,ان هـٰذا كان لكم جزاء وكان سعيكم مشكورا,Tafsir text placeholder for verse 76:22
76:23,انا نحن نزلنا عليك القرءان تنزيلا,Tafsir text placeholder for verse 76:23
76:24,فاصبر لحكم ربك ولا تطع منهم ءاثما او كفورا,Tafsir text placeholder for verse 76:24
76:25,واذكر اسم ربك بكرة واصيلا,Tafsir text placeholder for verse 76:25
76:26,ومن اليل فاسجد له وسبحه ليلا طويلا,Tafsir text placeholder for verse 76:26
76:27,ان هـٰؤلاء يحبون العاجلة ويذرون وراءهم يوما ثقيلا,Tafsir text placeholder for verse 76:27
76:28,نحن خلقنـٰهم وشددنا اسرهم ۖ واذا شئنا بدلنا امثـٰلهم تبديلا,Tafsir text placeholder for verse 76:28
76:29,ان هـٰذه تذكرة ۖ فمن شاء اتخذ الىٰ ربه سبيلا,Tafsir text placeholder for verse 76:29
76:30,وما تشاءون الا ان يشاء الله ۚ ان الله كان عليما حكيما,Tafsir text placeholder for verse 76:30
76:31,يدخل من يشاء فى رحمته ۚ والظـٰلمين اعد لهم عذابا اليما,Tafsir text placeholder for verse 76:31
77:1,والمرسلـٰت عرفا,Tafsir text placeholder for verse 77:1
77:2,فالعـٰصفـٰت عصفا,Tafsir text placeholder for verse 77:2
77:3,والنـٰشرٰت نشرا,Tafsir text placeholder for verse 77:3
77:4,فالفـٰرقـٰت فرقا,Tafsir text placeholder for verse 77:4
77:5,فالملقيـٰت ذكرا,Tafsir text placeholder for verse 77:5
77:6,عذرا او نذرا,Tafsir text placeholder for verse 77:6
77:7,انما توعدون لوٰقع,Tafsir text placeholder for verse 77:7
77:8,فاذا النجوم طمست,Tafsir text placeholder for verse 77:8
77:9,واذا السماء فرجت,Tafsir text placeholder for verse 77:9
77:10,واذا الجبال نسفت,Tafsir text placeholder for verse 77:10
77:11,واذا الرسل اقتت,Tafsir text placeholder for verse 77:11
77:12,لاى يوم اجلت,Tafsir text placeholder for verse 77:12
77:13,ليوم الفصل,Tafsir text placeholder for verse 77:13
77:14,وما ادرىٰك ما يوم الفصل,Tafsir text placeholder for verse 77:14
77:15,ويل يومئذ للمكذبين,Tafsir text placeholder for verse 77:15
77:16,الم نهلك الاولين,Tafsir text placeholder for verse 77:16
77:17,ثم نتبعهم الـٔاخرين,Tafsir text placeholder for verse 77:17
77:18,كذٰلك نفعل بالمجرمين,Tafsir text placeholder for verse 77:18
77:19,ويل يومئذ للمكذبين,Tafsir text placeholder for verse 77:19
77:20,الم نخلقكم من ماء مهين,Tafsir text placeholder for verse 77:20
77:21,فجعلنـٰه فى قرار مكين,Tafsir text placeholder for verse 77:21
77:22,الىٰ قدر معلوم,Tafsir text placeholder for verse 77:22
77:23,فقدرنا فنعم القـٰدرون,Tafsir text placeholder for verse 77:23
77:24,ويل يومئذ للمكذبين,Tafsir text placeholder for verse 77:24
77:25,الم نجعل الارض كفاتا,Tafsir text placeholder for verse 77:25
77:26,احياء واموٰتا,Tafsir text placeholder for verse 77:26
77:27,وجعلنا فيها روٰسى شـٰمخـٰت واسقينـٰكم ماء فراتا,Tafsir text placeholder for verse 77:27
77:28,ويل يومئذ للمكذبين,Tafsir text placeholder for verse 77:28
77:29,انطلقوا الىٰ ما كنتم به تكذبون,Tafsir text placeholder for verse 77:29
77:30,انطلقوا الىٰ ظل ذى ثلـٰث شعب,Tafsir text placeholder for verse 77:30
77:31,لا ظليل ولا يغنى من اللهب,Tafsir text placeholder for verse 77:31
77:32,انها ترمى بشرر كالقصر,Tafsir text placeholder for verse 77:32
77:33,كانه جمـٰلت صفر,Tafsir text placeholder for verse 77:33
77:34,ويل يومئذ للمكذبين,Tafsir text placeholder for verse 77:34
77:35,هـٰذا يوم لا ينطقون,Tafsir text placeholder for verse 77:35
77:36,ولا يؤذن لهم فيعتذرون,Tafsir text placeholder for verse 77:36
77:37,ويل يومئذ للمكذبين,Tafsir text placeholder for verse 77:37
77:38,هـٰذا يوم الفصل ۖ جمعنـٰكم والاولين,Tafsir text placeholder for verse 77:38
77:39,فان كان لكم كيد فكيدون,Tafsir text placeholder for verse 77:39
77:40,ويل يومئذ للمكذبين,Tafsir text placeholder for verse 77:40
77:41,ان المتقين فى ظلـٰل وعيون,Tafsir text placeholder for verse 77:41
77:42,وفوٰكه مما يشتهون,Tafsir text placeholder for verse 77:42
77:43,كلوا واشربوا هنيـٔا بما كنتم تعملون,Tafsir text placeholder for verse 77:43
77:44,انا كذٰلك نجزى المحسنين,Tafsir text placeholder for verse 77:44
77:45,ويل يومئذ للمكذبين,Tafsir text placeholder for verse 77:45
77:46,كلوا وتمتعوا قليلا انكم مجرمون,Tafsir text placeholder for verse 77:46
77:47,ويل يومئذ للمكذبين,Tafsir text placeholder for verse 77:47
77:48,واذا قيل لهم اركعوا لا يركعون,Tafsir text placeholder for verse 77:48
77:49,ويل يومئذ للمكذبين,Tafsir text placeholder for verse 77:49
77:50,فباى حديث بعده يؤمنون,Tafsir text placeholder for verse 77:50
78:1,عم يتساءلون,Tafsir text placeholder for verse 78:1
78:2,عن النبا العظيم,Tafsir text placeholder for verse 78:2
78:3,الذى هم فيه مختلفون,Tafsir text placeholder for verse 78:3
78:4,كلا سيعلمون,Tafsir text placeholder for verse 78:4
78:5,ثم كلا سيعلمون,Tafsir text placeholder for verse 78:5
78:6,الم نجعل الارض مهـٰدا,Tafsir text placeholder for verse 78:6
78:7,والجبال اوتادا,Tafsir text placeholder for verse 78:7
78:8,وخلقنـٰكم ازوٰجا,Tafsir text placeholder for verse 78:8
78:9,وجعلنا نومكم سباتا,Tafsir text placeholder for verse 78:9
78:10,وجعلنا اليل لباسا,Tafsir text placeholder for verse 78:10
78:11,وجعلنا النهار معاشا,Tafsir text placeholder for verse 78:11
78:12,وبنينا فوقكم سبعا شدادا,Tafsir text placeholder for verse 78:12
78:13,وجعلنا سراجا وهاجا,Tafsir text placeholder for verse 78:13
78:14,وانزلنا من المعصرٰت ماء ثجاجا,Tafsir text placeholder for verse 78:14
78:15,لنخرج به حبا ونباتا,Tafsir text placeholder for verse 78:15
78:16,وجنـٰت الفافا,Tafsir text placeholder for verse 78:16
78:17,ان يوم الفصل كان ميقـٰتا,Tafsir text placeholder for verse 78:17
78:18,يوم ينفخ فى الصور فتاتون افواجا,Tafsir text placeholder for verse 78:18
78:19,وفتحت السماء فكانت ابوٰبا,Tafsir text placeholder for verse 78:19
78:20,وسيرت الجبال فكانت سرابا,Tafsir text placeholder for verse 78:20
78:21,ان جهنم كانت مرصادا,Tafsir text placeholder for verse 78:21
78:22,للطـٰغين مـٔابا,Tafsir text placeholder for verse 78:22
78:23,لـٰبثين فيها احقابا,Tafsir text placeholder for verse 78:23
78:24,لا يذوقون فيها بردا ولا شرابا,Tafsir text placeholder for verse 78:24
78:25,الا حميما وغساقا,Tafsir text placeholder for verse 78:25
78:26,جزاء وفاقا,Tafsir text placeholder for verse 78:26
78:27,انهم كانوا لا يرجون حسابا,Tafsir text placeholder for verse 78:27
78:28,وكذبوا بـٔايـٰتنا كذابا,Tafsir text placeholder for verse 78:28
78:29,وكل شىء احصينـٰه كتـٰبا,Tafsir text placeholder for verse 78:29
78:30,فذوقوا فلن نزيدكم الا عذابا,Tafsir text placeholder for verse 78:30
78:31,ان للمتقين مفازا,Tafsir text placeholder for verse 78:31
78:32,حدائق واعنـٰبا,Tafsir text placeholder for verse 78:32
78:33,وكواعب اترابا,Tafsir text placeholder for verse 78:33
78:34,وكاسا دهاقا,Tafsir text placeholder for verse 78:34
78:35,لا يسمعون فيها لغوا ولا كذٰبا,Tafsir text placeholder for verse 78:35
78:36,جزاء من ربك عطاء حسابا,Tafsir text placeholder for verse 78:36
78:37,رب السمـٰوٰت والارض وما بينهما الرحمـٰن ۖ لا يملكون منه خطابا,Tafsir text placeholder for verse 78:37
78:38,يوم يقوم الروح والملـٰئكة صفا ۖ لا يتكلمون الا من اذن له الرحمـٰن وقال صوابا,Tafsir text placeholder for verse 78:38
78:39,ذٰلك اليوم الحق ۖ فمن شاء اتخذ الىٰ ربه مـٔابا,Tafsir text placeholder for verse 78:39
78:40,انا انذرنـٰكم عذابا قريبا يوم ينظر المرء ما قدمت يداه ويقول الكافر يـٰليتنى كنت ترٰبا,Tafsir text placeholder for verse 78:40
79:1,والنـٰزعـٰت غرقا,Tafsir text placeholder for verse 79:1
79:2,والنـٰشطـٰت نشطا,Tafsir text placeholder for verse 79:2
79:3,والسـٰبحـٰت سبحا,Tafsir text placeholder for verse 79:3
79:4,فالسـٰبقـٰت سبقا,Tafsir text placeholder for verse 79:4
79:5,فالمدبرٰت امرا,Tafsir text placeholder for verse 79:5
79:6,يوم ترجف الراجفة,Tafsir text placeholder for verse 79:6
79:7,تتبعها الرادفة,Tafsir text placeholder for verse 79:7
79:8,قلوب يومئذ واجفة,Tafsir text placeholder for verse 79:8
79:9,ابصـٰرها خـٰشعة,Tafsir text placeholder for verse 79:9
79:10,يقولون اءنا لمردودون فى الحافرة,Tafsir text placeholder for verse 79:10
79:11,اءذا كنا عظـٰما نخرة,Tafsir text placeholder for verse 79:11
79:12,قالوا تلك اذا كرة خاسرة,Tafsir text placeholder for verse 79:12
79:13,فانما هى زجرة وٰحدة,Tafsir text placeholder for verse 79:13
79:14,فاذا هم بالساهرة,Tafsir text placeholder for verse 79:14
79:15,هل اتىٰك حديث موسىٰ,Tafsir text placeholder for verse 79:15
79:16,اذ نادىٰه ربه بالواد المقدس طوى,Tafsir text placeholder for verse 79:16
79:17,اذهب الىٰ فرعون انه طغىٰ,Tafsir text placeholder for verse 79:17
79:18,فقل هل لك الىٰ ان تزكىٰ,Tafsir text placeholder for verse 79:18
79:19,واهديك الىٰ ربك فتخشىٰ,Tafsir text placeholder for verse 79:19
79:20,فارىٰه الـٔاية الكبرىٰ,Tafsir text placeholder for verse 79:20
79:21,فكذب وعصىٰ,Tafsir text placeholder for verse 79:21
79:22,ثم ادبر يسعىٰ,Tafsir text placeholder for verse 79:22
79:23,فحشر فنادىٰ,Tafsir text placeholder for verse 79:23
79:24,فقال انا۠ ربكم الاعلىٰ,Tafsir text placeholder for verse 79:24
79:25,فاخذه الله نكال الـٔاخرة والاولىٰ,Tafsir text placeholder for verse 79:25
79:26,ان فى ذٰلك لعبرة لمن يخشىٰ,Tafsir text placeholder for verse 79:26
79:27,ءانتم اشد خلقا ام السماء ۚ بنىٰها,Tafsir text placeholder for verse 79:27
79:28,رفع سمكها فسوىٰها,Tafsir text placeholder for verse 79:28
79:29,واغطش ليلها واخرج ضحىٰها,Tafsir text placeholder for verse 79:29
79:30,والارض بعد ذٰلك دحىٰها,Tafsir text placeholder for verse 79:30
79:31,اخرج منها ماءها ومرعىٰها,Tafsir text placeholder for verse 79:31
79:32,والجبال ارسىٰها,Tafsir text placeholder for verse 79:32
79:33,متـٰعا لكم ولانعـٰمكم,Tafsir text placeholder for verse 79:33
79:34,فاذا جاءت الطامة الكبرىٰ,Tafsir text placeholder for verse 79:34
79:35,يوم يتذكر الانسـٰن ما سعىٰ,Tafsir text placeholder for verse 79:35
79:36,وبرزت الجحيم لمن يرىٰ,Tafsir text placeholder for verse 79:36
79:37,فاما من طغىٰ,Tafsir text placeholder for verse 79:37
79:38,وءاثر الحيوٰة الدنيا,Tafsir text placeholder for verse 79:38
79:39,فان الجحيم هى الماوىٰ,Tafsir text placeholder for verse 79:39
79:40,واما من خاف مقام ربه ونهى النفس عن الهوىٰ,Tafsir text placeholder for verse 79:40
79:41,فان الجنة هى الماوىٰ,Tafsir text placeholder for verse 79:41
79:42,يسـٔلونك عن الساعة ايان مرسىٰها,Tafsir text placeholder for verse 79:42
79:43,فيم انت من ذكرىٰها,Tafsir text placeholder for verse 79:43
79:44,الىٰ ربك منتهىٰها,Tafsir text placeholder for verse 79:44
79:45,انما انت منذر من يخشىٰها,Tafsir text placeholder for verse 79:45
79:46,كانهم يوم يرونها لم يلبثوا الا عشية او ضحىٰها,Tafsir text placeholder for verse 79:46
80:1,عبس وتولىٰ,Tafsir text placeholder for verse 80:1
80:2,ان جاءه الاعمىٰ,Tafsir text placeholder for verse 80:2
80:3,وما يدريك لعله يزكىٰ,Tafsir text placeholder for verse 80:3
80:4,او يذكر فتنفعه الذكرىٰ,Tafsir text placeholder for verse 80:4
80:5,اما من استغنىٰ,Tafsir text placeholder for verse 80:5
80:6,فانت له تصدىٰ,Tafsir text placeholder for verse 80:6
80:7,وما عليك الا يزكىٰ,Tafsir text placeholder for verse 80:7
80:8,واما من جاءك يسعىٰ,Tafsir text placeholder for verse 80:8
80:9,وهو يخشىٰ,Tafsir text placeholder for verse 80:9
80:10,فانت عنه تلهىٰ,Tafsir text placeholder for verse 80:10
80:11,كلا انها تذكرة,Tafsir text placeholder for verse 80:11
80:12,فمن شاء ذكره,Tafsir text placeholder for verse 80:12
80:13,فى صحف مكرمة,Tafsir text placeholder for verse 80:13
80:14,مرفوعة مطهرة,Tafsir text placeholder for verse 80:14
80:15,بايدى سفرة,Tafsir text placeholder for verse 80:15
80:16,كرام بررة,Tafsir text placeholder for verse 80:16
80:17,قتل الانسـٰن ما اكفره,Tafsir text placeholder for verse 80:17
80:18,من اى شىء خلقه,Tafsir text placeholder for verse 80:18
80:19,من نطفة خلقه فقدره,Tafsir text placeholder for verse 80:19
80:20,ثم السبيل يسره,Tafsir text placeholder for verse 80:20
80:21,ثم اماته فاقبره,Tafsir text placeholder for verse 80:21
80:22,ثم اذا شاء انشره,Tafsir text placeholder for verse 80:22
80:23,كلا لما يقض ما امره,Tafsir text placeholder for verse 80:23
80:24,فلينظر الانسـٰن الىٰ طعامه,Tafsir text placeholder for verse 80:24
80:25,انا صببنا الماء صبا,Tafsir text placeholder for verse 80:25
80:26,ثم شققنا الارض شقا,Tafsir text placeholder for verse 80:26
80:27,فانبتنا فيها حبا,Tafsir text placeholder for verse 80:27
80:28,وعنبا وقضبا,Tafsir text placeholder for verse 80:28
80:29,وزيتونا ونخلا,Tafsir text placeholder for verse 80:29
80:30,وحدائق غلبا,Tafsir text placeholder for verse 80:30
80:31,وفـٰكهة وابا,Tafsir text placeholder for verse 80:31
80:32,متـٰعا لكم ولانعـٰمكم,Tafsir text placeholder for verse 80:32
80:33,فاذا جاءت الصاخة,Tafsir text placeholder for verse 80:33
80:34,يوم يفر المرء من اخيه,Tafsir text placeholder for verse 80:34
80:35,وامه وابيه,Tafsir text placeholder for verse 80:35
80:36,وصـٰحبته وبنيه,Tafsir text placeholder for verse 80:36
80:37,لكل امرئ منهم يومئذ شان يغنيه,Tafsir text placeholder for verse 80:37
80:38,وجوه يومئذ مسفرة,Tafsir text placeholder for verse 80:38
80:39,ضاحكة مستبشرة,Tafsir text placeholder for verse 80:39
80:40,ووجوه يومئذ عليها غبرة,Tafsir text placeholder for verse 80:40
80:41,ترهقها قترة,Tafsir text placeholder for verse 80:41
80:42,اولـٰئك هم الكفرة الفجرة,Tafsir text placeholder for verse 80:42
81:1,اذا الشمس كورت,Tafsir text placeholder for verse 81:1
81:2,واذا النجوم انكدرت,Tafsir text placeholder for verse 81:2
81:3,واذا الجبال سيرت,Tafsir text placeholder for verse 81:3
81:4,واذا العشار عطلت,Tafsir text placeholder for verse 81:4
81:5,واذا الوحوش حشرت,Tafsir text placeholder for verse 81:5
81:6,واذا البحار سجرت,Tafsir text placeholder for verse 81:6
81:7,واذا النفوس زوجت,Tafsir text placeholder for verse 81:7
81:8,واذا الموءۥدة سئلت,Tafsir text placeholder for verse 81:8
81:9,باى ذنب قتلت,Tafsir text placeholder for verse 81:9
81:10,واذا الصحف نشرت,Tafsir text placeholder for verse 81:10
81:11,واذا السماء كشطت,Tafsir text placeholder for verse 81:11
81:12,واذا الجحيم سعرت,Tafsir text placeholder for verse 81:12
81:13,واذا الجنة ازلفت,Tafsir text placeholder for verse 81:13
81:14,علمت نفس ما احضرت,Tafsir text placeholder for verse 81:14
81:15,فلا اقسم بالخنس,Tafsir text placeholder for verse 81:15
81:16,الجوار الكنس,Tafsir text placeholder for verse 81:16
81:17,واليل اذا عسعس,Tafsir text placeholder for verse 81:17
81:18,والصبح اذا تنفس,Tafsir text placeholder for verse 81:18
81:19,انه لقول رسول كريم,Tafsir text placeholder for verse 81:19
81:20,ذى قوة عند ذى العرش مكين,Tafsir text placeholder for verse 81:20
81:21,مطاع ثم امين,Tafsir text placeholder for verse 81:21
81:22,وما صاحبكم بمجنون,Tafsir text placeholder for verse 81:22
81:23,ولقد رءاه بالافق المبين,Tafsir text placeholder for verse 81:23
81:24,وما هو على الغيب بضنين,Tafsir text placeholder for verse 81:24
81:25,وما هو بقول شيطـٰن رجيم,Tafsir text placeholder for verse 81:25
81:26,فاين تذهبون,Tafsir text placeholder for verse 81:26
81:27,ان هو الا ذكر للعـٰلمين,Tafsir text placeholder for verse 81:27
81:28,لمن شاء منكم ان يستقيم,Tafsir text placeholder for verse 81:28
81:29,وما تشاءون الا ان يشاء الله رب العـٰلمين,Tafsir text placeholder for verse 81:29
82:1,اذا السماء انفطرت,Tafsir text placeholder for verse 82:1
82:2,واذا الكواكب انتثرت,Tafsir text placeholder for verse 82:2
82:3,واذا البحار فجرت,Tafsir text placeholder for verse 82:3
82:4,واذا القبور بعثرت,Tafsir text placeholder for verse 82:4
82:5,علمت نفس ما قدمت واخرت,Tafsir text placeholder for verse 82:5
82:6,يـٰايها الانسـٰن ما غرك بربك الكريم,Tafsir text placeholder for verse 82:6
82:7,الذى خلقك فسوىٰك فعدلك,Tafsir text placeholder for verse 82:7
82:8,فى اى صورة ما شاء ركبك,Tafsir text placeholder for verse 82:8
82:9,كلا بل تكذبون بالدين,Tafsir text placeholder for verse 82:9
82:10,وان عليكم لحـٰفظين,Tafsir text placeholder for verse 82:10
82:11,كراما كـٰتبين,Tafsir text placeholder for verse 82:11
82:12,يعلمون ما تفعلون,Tafsir text placeholder for verse 82:12
82:13,ان الابرار لفى نعيم,Tafsir text placeholder for verse 82:13
82:14,وان الفجار لفى جحيم,Tafsir text placeholder for verse 82:14
82:15,يصلونها يوم الدين,Tafsir text placeholder for verse 82:15
82:16,وما هم عنها بغائبين,Tafsir text placeholder for verse 82:16
82:17,وما ادرىٰك ما يوم الدين,Tafsir text placeholder for verse 82:17
82:18,ثم ما ادرىٰك ما يوم الدين,Tafsir text placeholder for verse 82:18
82:19,يوم لا تملك نفس لنفس شيـٔا ۖ والامر يومئذ لله,Tafsir text placeholder for verse 82:19
83:1,ويل للمطففين,Tafsir text placeholder for verse 83:1
83:2,الذين اذا اكتالوا على الناس يستوفون,Tafsir text placeholder for verse 83:2
83:3,واذا كالوهم او وزنوهم يخسرون,Tafsir text placeholder for verse 83:3
83:4,الا يظن اولـٰئك انهم مبعوثون,Tafsir text placeholder for verse 83:4
83:5,ليوم عظيم,Tafsir text placeholder for verse 83:5
83:6,يوم يقوم الناس لرب العـٰلمين,Tafsir text placeholder for verse 83:6
83:7,كلا ان كتـٰب الفجار لفى سجين,Tafsir text placeholder for verse 83:7
83:8,وما ادرىٰك ما سجين,Tafsir text placeholder for verse 83:8
83:9,كتـٰب مرقوم,Tafsir text placeholder for verse 83:9
83:10,ويل يومئذ للمكذبين,Tafsir text placeholder for verse 83:10
83:11,الذين يكذبون بيوم الدين,Tafsir text placeholder for verse 83:11
83:12,وما يكذب به الا كل معتد اثيم,Tafsir text placeholder for verse 83:12
83:13,اذا تتلىٰ عليه ءايـٰتنا قال اسـٰطير الاولين,Tafsir text placeholder for verse 83:13
83:14,كلا ۖ بل ۜ ران علىٰ قلوبهم ما كانوا يكسبون,Tafsir text placeholder for verse 83:14
83:15,كلا انهم عن ربهم يومئذ لمحجوبون,Tafsir text placeholder for verse 83:15
83:16,ثم انهم لصالوا الجحيم,Tafsir text placeholder for verse 83:16
83:17,ثم يقال هـٰذا الذى كنتم به تكذبون,Tafsir text placeholder for verse 83:17
83:18,كلا ان كتـٰب الابرار لفى عليين,Tafsir text placeholder for verse 83:18
83:19,وما ادرىٰك ما عليون,Tafsir text placeholder for verse 83:19
83:20,كتـٰب مرقوم,Tafsir text placeholder for verse 83:20
83:21,يشهده المقربون,Tafsir text placeholder for verse 83:21
83:22,ان الابرار لفى نعيم,Tafsir text placeholder for verse 83:22
83:23,على الارائك ينظرون,Tafsir text placeholder for verse 83:23
83:24,تعرف فى وجوههم نضرة النعيم,Tafsir text placeholder for verse 83:24
83:25,يسقون من رحيق مختوم,Tafsir text placeholder for verse 83:25
83:26,ختـٰمه مسك ۚ وفى ذٰلك فليتنافس المتنـٰفسون,Tafsir text placeholder for verse 83:26
83:27,ومزاجه من تسنيم,Tafsir text placeholder for verse 83:27
83:28,عينا يشرب بها المقربون,Tafsir text placeholder for verse 83:28
83:29,ان الذين اجرموا كانوا من الذين ءامنوا يضحكون,Tafsir text placeholder for verse 83:29
83:30,واذا مروا بهم يتغامزون,Tafsir text placeholder for verse 83:30
83:31,واذا انقلبوا الىٰ اهلهم انقلبوا فكهين,Tafsir text placeholder for verse 83:31
83:32,واذا راوهم قالوا ان هـٰؤلاء لضالون,Tafsir text placeholder for verse 83:32
83:33,وما ارسلوا عليهم حـٰفظين,Tafsir text placeholder for verse 83:33
83:34,فاليوم الذين ءامنوا من الكفار يضحكون,Tafsir text placeholder for verse 83:34
83:35,على الارائك ينظرون,Tafsir text placeholder for verse 83:35
83:36,هل ثوب الكفار ما كانوا يفعلون,Tafsir text placeholder for verse 83:36
84:1,اذا السماء انشقت,Tafsir text placeholder for verse 84:1
84:2,واذنت لربها وحقت,Tafsir text placeholder for verse 84:2
84:3,واذا الارض مدت,Tafsir text placeholder for verse 84:3
84:4,والقت ما فيها وتخلت,Tafsir text placeholder for verse 84:4
84:5,واذنت لربها وحقت,Tafsir text placeholder for verse 84:5
84:6,يـٰايها الانسـٰن انك كادح الىٰ ربك كدحا فملـٰقيه,Tafsir text placeholder for verse 84:6
84:7,فاما من اوتى كتـٰبه بيمينه,Tafsir text placeholder for verse 84:7
84:8,فسوف يحاسب حسابا يسيرا,Tafsir text placeholder for verse 84:8
84:9,وينقلب الىٰ اهله مسرورا,Tafsir text placeholder for verse 84:9
84:10,واما من اوتى كتـٰبه وراء ظهره,Tafsir text placeholder for verse 84:10
84:11,فسوف يدعوا ثبورا,Tafsir text placeholder for verse 84:11
84:12,ويصلىٰ سعيرا,Tafsir text placeholder for verse 84:12
84:13,انه كان فى اهله مسرورا,Tafsir text placeholder for verse 84:13
84:14,انه ظن ان لن يحور,Tafsir text placeholder for verse 84:14
84:15,بلىٰ ان ربه كان به بصيرا,Tafsir text placeholder for verse 84:15
84:16,فلا اقسم بالشفق,Tafsir text placeholder for verse 84:16
84:17,واليل وما وسق,Tafsir text placeholder for verse 84:17
84:18,والقمر اذا اتسق,Tafsir text placeholder for verse 84:18
84:19,لتركبن طبقا عن طبق,Tafsir text placeholder for verse 84:19
84:20,فما لهم لا يؤمنون,Tafsir text placeholder for verse 84:20
84:21,واذا قرئ عليهم القرءان لا يسجدون ۩,Tafsir text placeholder for verse 84:21
84:22,بل الذين كفروا يكذبون,Tafsir text placeholder for verse 84:22
84:23,والله اعلم بما يوعون,Tafsir text placeholder for verse 84:23
84:24,فبشرهم بعذاب اليم,Tafsir text placeholder for verse 84:24
84:25,الا الذين ءامنوا وعملوا الصـٰلحـٰت لهم اجر غير ممنون,Tafsir text placeholder for verse 84:25
85:1,والسماء ذات البروج,Tafsir text placeholder for verse 85:1
85:2,واليوم الموعود,Tafsir text placeholder for verse 85:2
85:3,وشاهد ومشهود,Tafsir text placeholder for verse 85:3
85:4,قتل اصحـٰب الاخدود,Tafsir text placeholder for verse 85:4
85:5,النار ذات الوقود,Tafsir text placeholder for verse 85:5
85:6,اذ هم عليها قعود,Tafsir text placeholder for verse 85:6
85:7,وهم علىٰ ما يفعلون بالمؤمنين شهود,Tafsir text placeholder for verse 85:7
85:8,وما نقموا منهم الا ان يؤمنوا بالله العزيز الحميد,Tafsir text placeholder for verse 85:8
85:9,الذى له ملك السمـٰوٰت والارض ۚ والله علىٰ كل شىء شهيد,Tafsir text placeholder for verse 85:9
85:10,ان الذين فتنوا المؤمنين والمؤمنـٰت ثم لم يتوبوا فلهم عذاب جهنم ولهم عذاب الحريق,Tafsir text placeholder for verse 85:10
85:11,ان الذين ءامنوا وعملوا الصـٰلحـٰت لهم جنـٰت تجرى من تحتها الانهـٰر ۚ ذٰلك الفوز الكبير,Tafsir text placeholder for verse 85:11
85:12,ان بطش ربك لشديد,Tafsir text placeholder for verse 85:12
85:13,انه هو يبدئ ويعيد,Tafsir text placeholder for verse 85:13
85:14,وهو الغفور الودود,Tafsir text placeholder for verse 85:14
85:15,ذو العرش المجيد,Tafsir text placeholder for verse 85:15
85:16,فعال لما يريد,Tafsir text placeholder for verse 85:16
85:17,هل اتىٰك حديث الجنود,Tafsir text placeholder for verse 85:17
85:18,فرعون وثمود,Tafsir text placeholder for verse 85:18
85:19,بل الذين كفروا فى تكذيب,Tafsir text placeholder for verse 85:19
85:20,والله من ورائهم محيط,Tafsir text placeholder for verse 85:20
85:21,بل هو قرءان مجيد,Tafsir text placeholder for verse 85:21
85:22,فى لوح محفوظ,Tafsir text placeholder for verse 85:22
86:1,والسماء والطارق,Tafsir text placeholder for verse 86:1
86:2,وما ادرىٰك ما الطارق,Tafsir text placeholder for verse 86:2
86:3,النجم الثاقب,Tafsir text placeholder for verse 86:3
86:4,ان كل نفس لما عليها حافظ,Tafsir text placeholder for verse 86:4
86:5,فلينظر الانسـٰن مم خلق,Tafsir text placeholder for verse 86:5
86:6,خلق من ماء دافق,Tafsir text placeholder for verse 86:6
86:7,يخرج من بين الصلب والترائب,Tafsir text placeholder for verse 86:7
86:8,انه علىٰ رجعه لقادر,Tafsir text placeholder for verse 86:8
86:9,يوم تبلى السرائر,Tafsir text placeholder for verse 86:9
86:10,فما له من قوة ولا ناصر,Tafsir text placeholder for verse 86:10
86:11,والسماء ذات الرجع,Tafsir text placeholder for verse 86:11
86:12,والارض ذات الصدع,Tafsir text placeholder for verse 86:12
86:13,انه لقول فصل,Tafsir text placeholder for verse 86:13
86:14,وما هو بالهزل,Tafsir text placeholder for verse 86:14
86:15,انهم يكيدون كيدا,Tafsir text placeholder for verse 86:15
86:16,واكيد كيدا,Tafsir text placeholder for verse 86:16
86:17,فمهل الكـٰفرين امهلهم رويدا,Tafsir text placeholder for verse 86:17
87:1,سبح اسم ربك الاعلى,Tafsir text placeholder for verse 87:1
87:2,الذى خلق فسوىٰ,Tafsir text placeholder for verse 87:2
87:3,والذى قدر فهدىٰ,Tafsir text placeholder for verse 87:3
87:4,والذى اخرج المرعىٰ,Tafsir text placeholder for verse 87:4
87:5,فجعله غثاء احوىٰ,Tafsir text placeholder for verse 87:5
87:6,سنقرئك فلا تنسىٰ,Tafsir text placeholder for verse 87:6
87:7,الا ما شاء الله ۚ انه يعلم الجهر وما يخفىٰ,Tafsir text placeholder for verse 87:7
87:8,ونيسرك لليسرىٰ,Tafsir text placeholder for verse 87:8
87:9,فذكر ان نفعت الذكرىٰ,Tafsir text placeholder for verse 87:9
87:10,سيذكر من يخشىٰ,Tafsir text placeholder for verse 87:10
87:11,ويتجنبها الاشقى,Tafsir text placeholder for verse 87:11
87:12,الذى يصلى النار الكبرىٰ,Tafsir text placeholder for verse 87:12
87:13,ثم لا يموت فيها ولا يحيىٰ,Tafsir text placeholder for verse 87:13
87:14,قد افلح من تزكىٰ,Tafsir text placeholder for verse 87:14
87:15,وذكر اسم ربه فصلىٰ,Tafsir text placeholder for verse 87:15
87:16,بل تؤثرون الحيوٰة الدنيا,Tafsir text placeholder for verse 87:16
87:17,والـٔاخرة خير وابقىٰ,Tafsir text placeholder for verse 87:17
87:18,ان هـٰذا لفى الصحف الاولىٰ,Tafsir text placeholder for verse 87:18
87:19,صحف ابرٰهيم وموسىٰ,Tafsir text placeholder for verse 87:19
88:1,هل اتىٰك حديث الغـٰشية,Tafsir text placeholder for verse 88:1
88:2,وجوه يومئذ خـٰشعة,Tafsir text placeholder for verse 88:2
88:3,عاملة ناصبة,Tafsir text placeholder for verse 88:3
88:4,تصلىٰ نارا حامية,Tafsir text placeholder for verse 88:4
88:5,تسقىٰ من عين ءانية,Tafsir text placeholder for verse 88:5
88:6,ليس لهم طعام الا من ضريع,Tafsir text placeholder for verse 88:6
88:7,لا يسمن ولا يغنى من جوع,Tafsir text placeholder for verse 88:7
88:8,وجوه يومئذ ناعمة,Tafsir text placeholder for verse 88:8
88:9,لسعيها راضية,Tafsir text placeholder for verse 88:9
88:10,فى جنة عالية,Tafsir text placeholder for verse 88:10
88:11,لا تسمع فيها لـٰغية,Tafsir text placeholder for verse 88:11
88:12,فيها عين جارية,Tafsir text placeholder for verse 88:12
88:13,فيها سرر مرفوعة,Tafsir text placeholder for verse 88:13
88:14,واكواب موضوعة,Tafsir text placeholder for verse 88:14
88:15,ونمارق مصفوفة,Tafsir text placeholder for verse 88:15
88:16,وزرابى مبثوثة,Tafsir text placeholder for verse 88:16
88:17,افلا ينظرون الى الابل كيف خلقت,Tafsir text placeholder for verse 88:17
88:18,والى السماء كيف رفعت,Tafsir text placeholder for verse 88:18
88:19,والى الجبال كيف نصبت,Tafsir text placeholder for verse 88:19
88:20,والى الارض كيف سطحت,Tafsir text placeholder for verse 88:20
88:21,فذكر انما انت مذكر,Tafsir text placeholder for verse 88:21
88:22,لست عليهم بمصيطر,Tafsir text placeholder for verse 88:22
88:23,الا من تولىٰ وكفر,Tafsir text placeholder for verse 88:23
88:24,فيعذبه الله العذاب الاكبر,Tafsir text placeholder for verse 88:24
88:25,ان الينا ايابهم,Tafsir text placeholder for verse 88:25
88:26,ثم ان علينا حسابهم,Tafsir text placeholder for verse 88:26
89:1,والفجر,Tafsir text placeholder for verse 89:1
89:2,وليال عشر,Tafsir text placeholder for verse 89:2
89:3,والشفع والوتر,Tafsir text placeholder for verse 89:3
89:4,واليل اذا يسر,Tafsir text placeholder for verse 89:4
89:5,هل فى ذٰلك قسم لذى حجر,Tafsir text placeholder for verse 89:5
89:6,الم تر كيف فعل ربك بعاد,Tafsir text placeholder for verse 89:6
89:7,ارم ذات العماد,Tafsir text placeholder for verse 89:7
89:8,التى لم يخلق مثلها فى البلـٰد,Tafsir text placeholder for verse 89:8
89:9,وثمود الذين جابوا الصخر بالواد,Tafsir text placeholder for verse 89:9
89:10,وفرعون ذى الاوتاد,Tafsir text placeholder for verse 89:10
89:11,الذين طغوا فى البلـٰد,Tafsir text placeholder for verse 89:11
89:12,فاكثروا فيها الفساد,Tafsir text placeholder for verse 89:12
89:13,فصب عليهم ربك سوط عذاب,Tafsir text placeholder for verse 89:13
89:14,ان ربك لبالمرصاد,Tafsir text placeholder for verse 89:14
89:15,فاما الانسـٰن اذا ما ابتلىٰه ربه فاكرمه ونعمه فيقول ربى اكرمن,Tafsir text placeholder for verse 89:15
89:16,واما اذا ما ابتلىٰه فقدر عليه رزقه فيقول ربى اهـٰنن,Tafsir text placeholder for verse 89:16
89:17,كلا ۖ بل لا تكرمون اليتيم,Tafsir text placeholder for verse 89:17
89:18,ولا تحـٰضون علىٰ طعام المسكين,Tafsir text placeholder for verse 89:18
89:19,وتاكلون التراث اكلا لما,Tafsir text placeholder for verse 89:19
89:20,وتحبون المال حبا جما,Tafsir text placeholder for verse 89:20
89:21,كلا اذا دكت الارض دكا دكا,Tafsir text placeholder for verse 89:21
89:22,وجاء ربك والملك صفا صفا,Tafsir text placeholder for verse 89:22
89:23,وجا۟ىء يومئذ بجهنم ۚ يومئذ يتذكر الانسـٰن وانىٰ له الذكرىٰ,Tafsir text placeholder for verse 89:23
89:24,يقول يـٰليتنى قدمت لحياتى,Tafsir text placeholder for verse 89:24
89:25,فيومئذ لا يعذب عذابه احد,Tafsir text placeholder for verse 89:25
89:26,ولا يوثق وثاقه احد,Tafsir text placeholder for verse 89:26
89:27,يـٰايتها النفس المطمئنة,Tafsir text placeholder for verse 89:27
89:28,ارجعى الىٰ ربك راضية مرضية,Tafsir text placeholder for verse 89:28
89:29,فادخلى فى عبـٰدى,Tafsir text placeholder for verse 89:29
89:30,وادخلى جنتى,Tafsir text placeholder for verse 89:30
90:1,لا اقسم بهـٰذا البلد,Tafsir text placeholder for verse 90:1
90:2,وانت حل بهـٰذا البلد,Tafsir text placeholder for verse 90:2
90:3,ووالد وما ولد,Tafsir text placeholder for verse 90:3
90:4,لقد خلقنا الانسـٰن فى كبد,Tafsir text placeholder for verse 90:4
90:5,ايحسب ان لن يقدر عليه احد,Tafsir text placeholder for verse 90:5
90:6,يقول اهلكت مالا لبدا,Tafsir text placeholder for verse 90:6
90:7,ايحسب ان لم يره احد,Tafsir text placeholder for verse 90:7
90:8,الم نجعل له عينين,Tafsir text placeholder for verse 90:8
90:9,ولسانا وشفتين,Tafsir text placeholder for verse 90:9
90:10,وهدينـٰه النجدين,Tafsir text placeholder for verse 90:10
90:11,فلا اقتحم العقبة,Tafsir text placeholder for verse 90:11
90:12,وما ادرىٰك ما العقبة,Tafsir text placeholder for verse 90:12
90:13,فك رقبة,Tafsir text placeholder for verse 90:13
90:14,او اطعـٰم فى يوم ذى مسغبة,Tafsir text placeholder for verse 90:14
90:15,يتيما ذا مقربة,Tafsir text placeholder for verse 90:15
90:16,او مسكينا ذا متربة,Tafsir text placeholder for verse 90:16
90:17,ثم كان من الذين ءامنوا وتواصوا بالصبر وتواصوا بالمرحمة,Tafsir text placeholder for verse 90:17
90:18,اولـٰئك اصحـٰب الميمنة,Tafsir text placeholder for verse 90:18
90:19,والذين كفروا بـٔايـٰتنا هم اصحـٰب المشـٔمة,Tafsir text placeholder for verse 90:19
90:20,عليهم نار مؤصدة,Tafsir text placeholder for verse 90:20
91:1,والشمس وضحىٰها,Tafsir text placeholder for verse 91:1
91:2,والقمر اذا تلىٰها,Tafsir text placeholder for verse 91:2
91:3,والنهار اذا جلىٰها,Tafsir text placeholder for verse 91:3
91:4,واليل اذا يغشىٰها,Tafsir text placeholder for verse 91:4
91:5,والسماء وما بنىٰها,Tafsir text placeholder for verse 91:5
91:6,والارض وما طحىٰها,Tafsir text placeholder for verse 91:6
91:7,ونفس وما سوىٰها,Tafsir text placeholder for verse 91:7
91:8,فالهمها فجورها وتقوىٰها,Tafsir text placeholder for verse 91:8
91:9,قد افلح من زكىٰها,Tafsir text placeholder for verse 91:9
91:10,وقد خاب من دسىٰها,Tafsir text placeholder for verse 91:10
91:11,كذبت ثمود بطغوىٰها,Tafsir text placeholder for verse 91:11
91:12,اذ انبعث اشقىٰها,Tafsir text placeholder for verse 91:12
91:13,فقال لهم رسول الله ناقة الله وسقيـٰها,Tafsir text placeholder for verse 91:13
91:14,فكذبوه فعقروها فدمدم عليهم ربهم بذنبهم فسوىٰها,Tafsir text placeholder for verse 91:14
91:15,ولا يخاف عقبـٰها,Tafsir text placeholder for verse 91:15
92:1,واليل اذا يغشىٰ,Tafsir text placeholder for verse 92:1
92:2,والنهار اذا تجلىٰ,Tafsir text placeholder for verse 92:2
92:3,وما خلق الذكر والانثىٰ,Tafsir text placeholder for verse 92:3
92:4,ان سعيكم لشتىٰ,Tafsir text placeholder for verse 92:4
92:5,فاما من اعطىٰ واتقىٰ,Tafsir text placeholder for verse 92:5
92:6,وصدق بالحسنىٰ,Tafsir text placeholder for verse 92:6
92:7,فسنيسره لليسرىٰ,Tafsir text placeholder for verse 92:7
92:8,واما من بخل واستغنىٰ,Tafsir text placeholder for verse 92:8
92:9,وكذب بالحسنىٰ,Tafsir text placeholder for verse 92:9
92:10,فسنيسره للعسرىٰ,Tafsir text placeholder for verse 92:10
92:11,وما يغنى عنه ماله اذا تردىٰ,Tafsir text placeholder for verse 92:11
92:12,ان علينا للهدىٰ,Tafsir text placeholder for verse 92:12
92:13,وان لنا للـٔاخرة والاولىٰ,Tafsir text placeholder for verse 92:13
92:14,فانذرتكم نارا تلظىٰ,Tafsir text placeholder for verse 92:14
92:15,لا يصلىٰها الا الاشقى,Tafsir text placeholder for verse 92:15
92:16,الذى كذب وتولىٰ,Tafsir text placeholder for verse 92:16
92:17,وسيجنبها الاتقى,Tafsir text placeholder for verse 92:17
92:18,الذى يؤتى ماله يتزكىٰ,Tafsir text placeholder for verse 92:18
92:19,وما لاحد عنده من نعمة تجزىٰ,Tafsir text placeholder for verse 92:19
92:20,الا ابتغاء وجه ربه الاعلىٰ,Tafsir text placeholder for verse 92:20
92:21,ولسوف يرضىٰ,Tafsir text placeholder for verse 92:21
93:1,والضحىٰ,Tafsir text placeholder for verse 93:1
93:2,واليل اذا سجىٰ,Tafsir text placeholder for verse 93:2
93:3,ما ودعك ربك وما قلىٰ,Tafsir text placeholder for verse 93:3
93:4,وللـٔاخرة خير لك من الاولىٰ,Tafsir text placeholder for verse 93:4
93:5,ولسوف يعطيك ربك فترضىٰ,Tafsir text placeholder for verse 93:5
93:6,الم يجدك يتيما فـٔاوىٰ,Tafsir text placeholder for verse 93:6
93:7,ووجدك ضالا فهدىٰ,Tafsir text placeholder for verse 93:7
93:8,ووجدك عائلا فاغنىٰ,Tafsir text placeholder for verse 93:8
93:9,فاما اليتيم فلا تقهر,Tafsir text placeholder for verse 93:9
93:10,واما السائل فلا تنهر,Tafsir text placeholder for verse 93:10
93:11,واما بنعمة ربك فحدث,Tafsir text placeholder for verse 93:11
94:1,الم نشرح لك صدرك,Tafsir text placeholder for verse 94:1
94:2,ووضعنا عنك وزرك,Tafsir text placeholder for verse 94:2
94:3,الذى انقض ظهرك,Tafsir text placeholder for verse 94:3
94:4,ورفعنا لك ذكرك,Tafsir text placeholder for verse 94:4
94:5,فان مع العسر يسرا,Tafsir text placeholder for verse 94:5
94:6,ان مع العسر يسرا,Tafsir text placeholder for verse 94:6
94:7,فاذا فرغت فانصب,Tafsir text placeholder for verse 94:7
94:8,والىٰ ربك فارغب,Tafsir text placeholder for verse 94:8
95:1,والتين والزيتون,Tafsir text placeholder for verse 95:1
95:2,وطور سينين,Tafsir text placeholder for verse 95:2
95:3,وهـٰذا البلد الامين,Tafsir text placeholder for verse 95:3
95:4,لقد خلقنا الانسـٰن فى احسن تقويم,Tafsir text placeholder for verse 95:4
95:5,ثم رددنـٰه اسفل سـٰفلين,Tafsir text placeholder for verse 95:5
95:6,الا الذين ءامنوا وعملوا الصـٰلحـٰت فلهم اجر غير ممنون,Tafsir text placeholder for verse 95:6
95:7,فما يكذبك بعد بالدين,Tafsir text placeholder for verse 95:7
95:8,اليس الله باحكم الحـٰكمين,Tafsir text placeholder for verse 95:8
96:1,اقرا باسم ربك الذى خلق,Tafsir text placeholder for verse 96:1
96:2,خلق الانسـٰن من علق,Tafsir text placeholder for verse 96:2
96:3,اقرا وربك الاكرم,Tafsir text placeholder for verse 96:3
96:4,الذى علم بالقلم,Tafsir text placeholder for verse 96:4
96:5,علم الانسـٰن ما لم يعلم,Tafsir text placeholder for verse 96:5
96:6,كلا ان الانسـٰن ليطغىٰ,Tafsir text placeholder for verse 96:6
96:7,ان رءاه استغنىٰ,Tafsir text placeholder for verse 96:7
96:8,ان الىٰ ربك الرجعىٰ,Tafsir text placeholder for verse 96:8
96:9,ارءيت الذى ينهىٰ,Tafsir text placeholder for verse 96:9
96:10,عبدا اذا صلىٰ,Tafsir text placeholder for verse 96:10
96:11,ارءيت ان كان على الهدىٰ,Tafsir text placeholder for verse 96:11
96:12,او امر بالتقوىٰ,Tafsir text placeholder for verse 96:12
96:13,ارءيت ان كذب وتولىٰ,Tafsir text placeholder for verse 96:13
96:14,الم يعلم بان الله يرىٰ,Tafsir text placeholder for verse 96:14
96:15,كلا لئن لم ينته لنسفعا بالناصية,Tafsir text placeholder for verse 96:15
96:16,ناصية كـٰذبة خاطئة,Tafsir text placeholder for verse 96:16
96:17,فليدع ناديه,Tafsir text placeholder for verse 96:17
96:18,سندع الزبانية,Tafsir text placeholder for verse 96:18
96:19,كلا لا تطعه واسجد واقترب ۩,Tafsir text placeholder for verse 96:19
97:1,انا انزلنـٰه فى ليلة القدر,Tafsir text placeholder for verse 97:1
97:2,وما ادرىٰك ما ليلة القدر,Tafsir text placeholder for verse 97:2
97:3,ليلة القدر خير من الف شهر,Tafsir text placeholder for verse 97:3
97:4,تنزل الملـٰئكة والروح فيها باذن ربهم من كل امر,Tafsir text placeholder for verse 97:4
97:5,سلـٰم هى حتىٰ مطلع الفجر,Tafsir text placeholder for verse 97:5
98:1,لم يكن الذين كفروا من اهل الكتـٰب والمشركين منفكين حتىٰ تاتيهم البينة,Tafsir text placeholder for verse 98:1
98:2,رسول من الله يتلوا صحفا مطهرة,Tafsir text placeholder for verse 98:2
98:3,فيها كتب قيمة,Tafsir text placeholder for verse 98:3
98:4,وما تفرق الذين اوتوا الكتـٰب الا من بعد ما جاءتهم البينة,Tafsir text placeholder for verse 98:4
98:5,وما امروا الا ليعبدوا الله مخلصين له الدين حنفاء ويقيموا الصلوٰة ويؤتوا الزكوٰة ۚ وذٰلك دين القيمة,Tafsir text placeholder for verse 98:5
98:6,ان الذين كفروا من اهل الكتـٰب والمشركين فى نار جهنم خـٰلدين فيها ۚ اولـٰئك هم شر البرية,Tafsir text placeholder for verse 98:6
98:7,ان الذين ءامنوا وعملوا الصـٰلحـٰت اولـٰئك هم خير البرية,Tafsir text placeholder for verse 98:7
98:8,جزاؤهم عند ربهم جنـٰت عدن تجرى من تحتها الانهـٰر خـٰلدين فيها ابدا ۖ رضى الله عنهم ورضوا عنه ۚ ذٰلك لمن خشى ربه,Tafsir text placeholder for verse 98:8
99:1,اذا زلزلت الارض زلزالها,Tafsir text placeholder for verse 99:1
99:2,واخرجت الارض اثقالها,Tafsir text placeholder for verse 99:2
99:3,وقال الانسـٰن ما لها,Tafsir text placeholder for verse 99:3
99:4,يومئذ تحدث اخبارها,Tafsir text placeholder for verse 99:4
99:5,بان ربك اوحىٰ لها,Tafsir text placeholder for verse 99:5
99:6,يومئذ يصدر الناس اشتاتا ليروا اعمـٰلهم,Tafsir text placeholder for verse 99:6
99:7,فمن يعمل مثقال ذرة خيرا يره,Tafsir text placeholder for verse 99:7
99:8,ومن يعمل مثقال ذرة شرا يره,Tafsir text placeholder for verse 99:8
100:1,والعـٰديـٰت ضبحا,Tafsir text placeholder for verse 100:1
100:2,فالموريـٰت قدحا,Tafsir text placeholder for verse 100:2
100:3,فالمغيرٰت صبحا,Tafsir text placeholder for verse 100:3
100:4,فاثرن به نقعا,Tafsir text placeholder for verse 100:4
100:5,فوسطن به جمعا,Tafsir text placeholder for verse 100:5
100:6,ان الانسـٰن لربه لكنود,Tafsir text placeholder for verse 100:6
100:7,وانه علىٰ ذٰلك لشهيد,Tafsir text placeholder for verse 100:7
100:8,وانه لحب الخير لشديد,Tafsir text placeholder for verse 100:8
100:9,افلا يعلم اذا بعثر ما فى القبور,Tafsir text placeholder for verse 100:9
100:10,وحصل ما فى الصدور,Tafsir text placeholder for verse 100:10
100:11,ان ربهم بهم يومئذ لخبير,Tafsir text placeholder for verse 100:11
101:1,القارعة,Tafsir text placeholder for verse 101:1
101:2,ما القارعة,Tafsir text placeholder for verse 101:2
101:3,وما ادرىٰك ما القارعة,Tafsir text placeholder for verse 101:3
101:4,يوم يكون الناس كالفراش المبثوث,Tafsir text placeholder for verse 101:4
101:5,وتكون الجبال كالعهن المنفوش,Tafsir text placeholder for verse 101:5
101:6,فاما من ثقلت موٰزينه,Tafsir text placeholder for verse 101:6
101:7,فهو فى عيشة راضية,Tafsir text placeholder for verse 101:7
101:8,واما من خفت موٰزينه,Tafsir text placeholder for verse 101:8
101:9,فامه هاوية,Tafsir text placeholder for verse 101:9
101:10,وما ادرىٰك ما هيه,Tafsir text placeholder for verse 101:10
101:11,نار حامية,Tafsir text placeholder for verse 101:11
102:1,الهىٰكم التكاثر,Tafsir text placeholder for verse 102:1
102:2,حتىٰ زرتم المقابر,Tafsir text placeholder for verse 102:2
102:3,كلا سوف تعلمون,Tafsir text placeholder for verse 102:3
102:4,ثم كلا سوف تعلمون,Tafsir text placeholder for verse 102:4
102:5,كلا لو تعلمون علم اليقين,Tafsir text placeholder for verse 102:5
102:6,لترون الجحيم,Tafsir text placeholder for verse 102:6
102:7,ثم لترونها عين اليقين,Tafsir text placeholder for verse 102:7
102:8,ثم لتسـٔلن يومئذ عن النعيم,Tafsir text placeholder for verse 102:8
103:1,والعصر,Tafsir text placeholder for verse 103:1
103:2,ان الانسـٰن لفى خسر,Tafsir text placeholder for verse 103:2
103:3,الا الذين ءامنوا وعملوا الصـٰلحـٰت وتواصوا بالحق وتواصوا بالصبر,Tafsir text placeholder for verse 103:3
104:1,ويل لكل همزة لمزة,Tafsir text placeholder for verse 104:1
104:2,الذى جمع مالا وعدده,Tafsir text placeholder for verse 104:2
104:3,يحسب ان ماله اخلده,Tafsir text placeholder for verse 104:3
104:4,كلا ۖ لينبذن فى الحطمة,Tafsir text placeholder for verse 104:4
104:5,وما ادرىٰك ما الحطمة,Tafsir text placeholder for verse 104:5
104:6,نار الله الموقدة,Tafsir text placeholder for verse 104:6
104:7,التى تطلع على الافـٔدة,Tafsir text placeholder for verse 104:7
104:8,انها عليهم مؤصدة,Tafsir text placeholder for verse 104:8
104:9,فى عمد ممددة,Tafsir text placeholder for verse 104:9
105:1,الم تر كيف فعل ربك باصحـٰب الفيل,Tafsir text placeholder for verse 105:1
105:2,الم يجعل كيدهم فى تضليل,Tafsir text placeholder for verse 105:2
105:3,وارسل عليهم طيرا ابابيل,Tafsir text placeholder for verse 105:3
105:4,ترميهم بحجارة من سجيل,Tafsir text placeholder for verse 105:4
105:5,فجعلهم كعصف ماكول,Tafsir text placeholder for verse 105:5
106:1,لايلـٰف قريش,Tafsir text placeholder for verse 106:1
106:2,اۦلـٰفهم رحلة الشتاء والصيف,Tafsir text placeholder for verse 106:2
106:3,فليعبدوا رب هـٰذا البيت,Tafsir text placeholder for verse 106:3
106:4,الذى اطعمهم من جوع وءامنهم من خوف,Tafsir text placeholder for verse 106:4
107:1,ارءيت الذى يكذب بالدين,Tafsir text placeholder for verse 107:1
107:2,فذٰلك الذى يدع اليتيم,Tafsir text placeholder for verse 107:2
107:3,ولا يحض علىٰ طعام المسكين,Tafsir text placeholder for verse 107:3
107:4,فويل للمصلين,Tafsir text placeholder for verse 107:4
107:5,الذين هم عن صلاتهم ساهون,Tafsir text placeholder for verse 107:5
107:6,الذين هم يراءون,Tafsir text placeholder for verse 107:6
107:7,ويمنعون الماعون,Tafsir text placeholder for verse 107:7
108:1,انا اعطينـٰك الكوثر,Tafsir text placeholder for verse 108:1
108:2,فصل لربك وانحر,Tafsir text placeholder for verse 108:2
108:3,ان شانئك هو الابتر,Tafsir text placeholder for verse 108:3
109:1,قل يـٰايها الكـٰفرون,Tafsir text placeholder for verse 109:1
109:2,لا اعبد ما تعبدون,Tafsir text placeholder for verse 109:2
109:3,ولا انتم عـٰبدون ما اعبد,Tafsir text placeholder for verse 109:3
109:4,ولا انا۠ عابد ما عبدتم,Tafsir text placeholder for verse 109:4
109:5,ولا انتم عـٰبدون ما اعبد,Tafsir text placeholder for verse 109:5
109:6,لكم دينكم ولى دين,Tafsir text placeholder for verse 109:6
110:1,اذا جاء نصر الله والفتح,Tafsir text placeholder for verse 110:1
110:2,ورايت الناس يدخلون فى دين الله افواجا,Tafsir text placeholder for verse 110:2
110:3,فسبح بحمد ربك واستغفره ۚ انه كان توابا,Tafsir text placeholder for verse 110:3
111:1,تبت يدا ابى لهب وتب,Tafsir text placeholder for verse 111:1
111:2,ما اغنىٰ عنه ماله وما كسب,Tafsir text placeholder for verse 111:2
111:3,سيصلىٰ نارا ذات لهب,Tafsir text placeholder for verse 111:3
111:4,وامراته حمالة الحطب,Tafsir text placeholder for verse 111:4
111:5,فى جيدها حبل من مسد,Tafsir text placeholder for verse 111:5
112:1,قل هو الله احد,Tafsir text placeholder for verse 112:1
112:2,الله الصمد,Tafsir text placeholder for verse 112:2
112:3,لم يلد ولم يولد,Tafsir text placeholder for verse 112:3
112:4,ولم يكن له كفوا احد,Tafsir text placeholder for verse 112:4
113:1,قل اعوذ برب الفلق,Tafsir text placeholder for verse 113:1
113:2,من شر ما خلق,Tafsir text placeholder for verse 113:2
113:3,ومن شر غاسق اذا وقب,Tafsir text placeholder for verse 113:3
113:4,ومن شر النفـٰثـٰت فى العقد,Tafsir text placeholder for verse 113:4
113:5,ومن شر حاسد اذا حسد,Tafsir text placeholder for verse 113:5
114:1,قل اعوذ برب الناس,Tafsir text placeholder for verse 114:1
114:2,ملك الناس,Tafsir text placeholder for verse 114:2
114:3,الـٰه الناس,Tafsir text placeholder for verse 114:3
114:4,من شر الوسواس الخناس,Tafsir text placeholder for verse 114:4
114:5,الذى يوسوس فى صدور الناس,Tafsir text placeholder for verse 114:5
114:6,من الجنة والناس,Tafsir text placeholder for verse 114:6
